apstar_id,file
apogee.apo25m.stars.000+16.2M16460820-2033368,apogee_apo25m_stars_000+16_2M16460820-2033368.fits
apogee.apo25m.stars.000+16.2M16471745-1900463,apogee_apo25m_stars_000+16_2M16471745-1900463.fits
apogee.apo25m.stars.000+16.2M16493809-1916446,apogee_apo25m_stars_000+16_2M16493809-1916446.fits
apogee.apo25m.stars.000+75.2M13453912+1837428,apogee_apo25m_stars_000+75_2M13453912+1837428.fits
apogee.apo25m.stars.000+75.2M13475276+1921501,apogee_apo25m_stars_000+75_2M13475276+1921501.fits
apogee.apo25m.stars.000+75.2M13494173+1903008,apogee_apo25m_stars_000+75_2M13494173+1903008.fits
apogee.apo25m.stars.K2_C2_000+16.2M16493809-1916446,apogee_apo25m_stars_K2_C2_000+16_2M16493809-1916446.fits
apogee.apo25m.stars.000+16.2M16504879-1921073,apogee_apo25m_stars_000+16_2M16504879-1921073.fits
apogee.apo25m.stars.000+30.2M15565833-1058363,apogee_apo25m_stars_000+30_2M15565833-1058363.fits
apogee.apo25m.stars.000+30.2M15571652-1028065,apogee_apo25m_stars_000+30_2M15571652-1028065.fits
apogee.apo25m.stars.000+30.2M16074076-1031261,apogee_apo25m_stars_000+30_2M16074076-1031261.fits
apogee.apo25m.stars.000+45.2M15144381-0010367,apogee_apo25m_stars_000+45_2M15144381-0010367.fits
apogee.apo25m.stars.000+08.2M17161289-2407544,apogee_apo25m_stars_000+08_2M17161289-2407544.fits
apogee.apo25m.stars.000+08.2M17171208-2418370,apogee_apo25m_stars_000+08_2M17171208-2418370.fits
apogee.apo25m.stars.002+53_MGA.2M14513913+0459438,apogee_apo25m_stars_002+53_MGA_2M14513913+0459438.fits
apogee.apo25m.stars.002+53_MGA.2M14514675+0443012,apogee_apo25m_stars_002+53_MGA_2M14514675+0443012.fits
apogee.apo25m.stars.002+53_MGA.2M14555604+0323059,apogee_apo25m_stars_002+53_MGA_2M14555604+0323059.fits
apogee.apo25m.stars.002+53_MGA.2M14560080+0334501,apogee_apo25m_stars_002+53_MGA_2M14560080+0334501.fits
apogee.apo25m.stars.000+12.2M17021184-2214536,apogee_apo25m_stars_000+12_2M17021184-2214536.fits
apogee.apo25m.stars.000+14.2M16573483-2133036,apogee_apo25m_stars_000+14_2M16573483-2133036.fits
apogee.apo25m.stars.004+04.2M17381673-2300513,apogee_apo25m_stars_004+04_2M17381673-2300513.fits
apogee.apo25m.stars.004+04.2M17390825-2242040,apogee_apo25m_stars_004+04_2M17390825-2242040.fits
apogee.apo25m.stars.004-04.2M18103601-2715180,apogee_apo25m_stars_004-04_2M18103601-2715180.fits
apogee.apo25m.stars.004-04.2M18115581-2704153,apogee_apo25m_stars_004-04_2M18115581-2704153.fits
apogee.apo25m.stars.008+02.2M17532807-2049390,apogee_apo25m_stars_008+02_2M17532807-2049390.fits
apogee.apo25m.stars.008+53_MGA.2M15015914+0649070,apogee_apo25m_stars_008+53_MGA_2M15015914+0649070.fits
apogee.apo25m.stars.008+53_MGA.2M15034091+0715534,apogee_apo25m_stars_008+53_MGA_2M15034091+0715534.fits
apogee.apo25m.stars.002+04.2M17382281-2433293,apogee_apo25m_stars_002+04_2M17382281-2433293.fits
apogee.apo25m.stars.009+09.2M17345399-1750571,apogee_apo25m_stars_009+09_2M17345399-1750571.fits
apogee.apo25m.stars.009+52_MGA.2M15042362+0809046,apogee_apo25m_stars_009+52_MGA_2M15042362+0809046.fits
apogee.apo25m.stars.008+53_MGA.2M15082481+0801265,apogee_apo25m_stars_008+53_MGA_2M15082481+0801265.fits
apogee.apo25m.stars.009+52_MGA.2M15082481+0801265,apogee_apo25m_stars_009+52_MGA_2M15082481+0801265.fits
apogee.apo25m.stars.008-02.2M18110241-2353281,apogee_apo25m_stars_008-02_2M18110241-2353281.fits
apogee.apo25m.stars.009+52_MGA.2M15063839+0853178,apogee_apo25m_stars_009+52_MGA_2M15063839+0853178.fits
apogee.apo25m.stars.009+52_MGA.2M15074740+0804298,apogee_apo25m_stars_009+52_MGA_2M15074740+0804298.fits
apogee.apo25m.stars.008+53_MGA.2M15082481+0801265,apogee_apo25m_stars_008+53_MGA_2M15082481+0801265.fits
apogee.apo25m.stars.009+52_MGA.2M15082481+0801265,apogee_apo25m_stars_009+52_MGA_2M15082481+0801265.fits
apogee.apo25m.stars.009+52_MGA.2M15105043+0816517,apogee_apo25m_stars_009+52_MGA_2M15105043+0816517.fits
apogee.apo25m.stars.009+52_MGA.2M15122694+0851144,apogee_apo25m_stars_009+52_MGA_2M15122694+0851144.fits
apogee.apo25m.stars.010+51_MGA.2M15122694+0851144,apogee_apo25m_stars_010+51_MGA_2M15122694+0851144.fits
apogee.apo25m.stars.010+02.2M17583475-1911202,apogee_apo25m_stars_010+02_2M17583475-1911202.fits
apogee.apo25m.stars.009+52_MGA.2M15110052+0744229,apogee_apo25m_stars_009+52_MGA_2M15110052+0744229.fits
apogee.apo25m.stars.002+53_MGA.2M14560950+0320332,apogee_apo25m_stars_002+53_MGA_2M14560950+0320332.fits
apogee.apo25m.stars.002+53_MGA.2M14562633+0413215,apogee_apo25m_stars_002+53_MGA_2M14562633+0413215.fits
apogee.apo25m.stars.010+51_MGA.2M15120667+0847193,apogee_apo25m_stars_010+51_MGA_2M15120667+0847193.fits
apogee.apo25m.stars.009+52_MGA.2M15122694+0851144,apogee_apo25m_stars_009+52_MGA_2M15122694+0851144.fits
apogee.apo25m.stars.010+51_MGA.2M15122694+0851144,apogee_apo25m_stars_010+51_MGA_2M15122694+0851144.fits
apogee.apo25m.stars.009+52_MGA.2M15143821+0653120,apogee_apo25m_stars_009+52_MGA_2M15143821+0653120.fits
apogee.apo25m.stars.004+00.2M17543452-2526459,apogee_apo25m_stars_004+00_2M17543452-2526459.fits
apogee.apo25m.stars.011+79_MGA.2M13305007+2244084,apogee_apo25m_stars_011+79_MGA_2M13305007+2244084.fits
apogee.apo25m.stars.011+79_MGA.2M13305038+2259263,apogee_apo25m_stars_011+79_MGA_2M13305038+2259263.fits
apogee.apo25m.stars.011+79_MGA.2M13314359+2135551,apogee_apo25m_stars_011+79_MGA_2M13314359+2135551.fits
apogee.apo25m.stars.011+79_MGA.2M13332707+2152034,apogee_apo25m_stars_011+79_MGA_2M13332707+2152034.fits
apogee.apo25m.stars.011+79_MGA.2M13334692+2256465,apogee_apo25m_stars_011+79_MGA_2M13334692+2256465.fits
apogee.apo25m.stars.010+51_MGA.2M15191017+0655418,apogee_apo25m_stars_010+51_MGA_2M15191017+0655418.fits
apogee.apo25m.stars.010+60.2M14413429+1401020,apogee_apo25m_stars_010+60_2M14413429+1401020.fits
apogee.apo25m.stars.010+60.2M14422653+1340080,apogee_apo25m_stars_010+60_2M14422653+1340080.fits
apogee.apo25m.stars.006+02.2M17500586-2256114,apogee_apo25m_stars_006+02_2M17500586-2256114.fits
apogee.apo25m.stars.014+00.2M18173101-1638416,apogee_apo25m_stars_014+00_2M18173101-1638416.fits
apogee.apo25m.stars.014+89_MGA.2M12503371+2710180,apogee_apo25m_stars_014+89_MGA_2M12503371+2710180.fits
apogee.apo25m.stars.011+79_MGA.2M13340983+2335515,apogee_apo25m_stars_011+79_MGA_2M13340983+2335515.fits
apogee.apo25m.stars.011+79_MGA.2M13355003+2113124,apogee_apo25m_stars_011+79_MGA_2M13355003+2113124.fits
apogee.apo25m.stars.011+79_MGA.2M13361729+2346224,apogee_apo25m_stars_011+79_MGA_2M13361729+2346224.fits
apogee.apo25m.stars.014+89_MGA.2M12503566+2636160,apogee_apo25m_stars_014+89_MGA_2M12503566+2636160.fits
apogee.apo25m.stars.045+89_MGA.2M12503566+2636160,apogee_apo25m_stars_045+89_MGA_2M12503566+2636160.fits
apogee.apo25m.stars.101+89_MGA.2M12503566+2636160,apogee_apo25m_stars_101+89_MGA_2M12503566+2636160.fits
apogee.apo25m.stars.016+77_MGA.2M13411567+2343371,apogee_apo25m_stars_016+77_MGA_2M13411567+2343371.fits
apogee.apo25m.stars.021+79_MGA.2M13411567+2343371,apogee_apo25m_stars_021+79_MGA_2M13411567+2343371.fits
apogee.apo25m.stars.016+77_MGA.2M13412305+2327444,apogee_apo25m_stars_016+77_MGA_2M13412305+2327444.fits
apogee.apo25m.stars.021+79_MGA.2M13361729+2346224,apogee_apo25m_stars_021+79_MGA_2M13361729+2346224.fits
apogee.apo25m.stars.011+79_MGA.2M13364424+2301419,apogee_apo25m_stars_011+79_MGA_2M13364424+2301419.fits
apogee.apo25m.stars.021+79_MGA.2M13364424+2301419,apogee_apo25m_stars_021+79_MGA_2M13364424+2301419.fits
apogee.apo25m.stars.004-04.2M18130144-2704079,apogee_apo25m_stars_004-04_2M18130144-2704079.fits
apogee.apo25m.stars.004-04.2M18133121-2729445,apogee_apo25m_stars_004-04_2M18133121-2729445.fits
apogee.apo25m.stars.016+48_MGA.2M15355833+0922081,apogee_apo25m_stars_016+48_MGA_2M15355833+0922081.fits
apogee.apo25m.stars.045+89_MGA.2M12512629+2759211,apogee_apo25m_stars_045+89_MGA_2M12512629+2759211.fits
apogee.apo25m.stars.077+89_MGA.2M12512629+2759211,apogee_apo25m_stars_077+89_MGA_2M12512629+2759211.fits
apogee.apo25m.stars.101+89_MGA.2M12512629+2759211,apogee_apo25m_stars_101+89_MGA_2M12512629+2759211.fits
apogee.apo25m.stars.011+79_MGA.2M13370439+2356390,apogee_apo25m_stars_011+79_MGA_2M13370439+2356390.fits
apogee.apo25m.stars.021+79_MGA.2M13370439+2356390,apogee_apo25m_stars_021+79_MGA_2M13370439+2356390.fits
apogee.apo25m.stars.011+79_MGA.2M13373634+2328033,apogee_apo25m_stars_011+79_MGA_2M13373634+2328033.fits
apogee.apo25m.stars.006-02.2M18063490-2451126,apogee_apo25m_stars_006-02_2M18063490-2451126.fits
apogee.apo25m.stars.015+30.2M16334311-0022131,apogee_apo25m_stars_015+30_2M16334311-0022131.fits
apogee.apo25m.stars.015+30.2M16345031+0053121,apogee_apo25m_stars_015+30_2M16345031+0053121.fits
apogee.apo25m.stars.021+79_MGA.2M13412305+2327444,apogee_apo25m_stars_021+79_MGA_2M13412305+2327444.fits
apogee.apo25m.stars.023+78_MGA.2M13412305+2327444,apogee_apo25m_stars_023+78_MGA_2M13412305+2327444.fits
apogee.apo25m.stars.016+77_MGA.2M13454010+2257475,apogee_apo25m_stars_016+77_MGA_2M13454010+2257475.fits
apogee.apo25m.stars.NGP.2M12512629+2759211,apogee_apo25m_stars_NGP_2M12512629+2759211.fits
apogee.apo25m.stars.014+89_MGA.2M12513457+2700115,apogee_apo25m_stars_014+89_MGA_2M12513457+2700115.fits
apogee.apo25m.stars.101+89_MGA.2M12513457+2700115,apogee_apo25m_stars_101+89_MGA_2M12513457+2700115.fits
apogee.apo25m.stars.023+78_MGA.2M13454010+2257475,apogee_apo25m_stars_023+78_MGA_2M13454010+2257475.fits
apogee.apo25m.stars.016+77_MGA.2M13460277+2239429,apogee_apo25m_stars_016+77_MGA_2M13460277+2239429.fits
apogee.apo25m.stars.016+77_MGA.2M13460516+2324546,apogee_apo25m_stars_016+77_MGA_2M13460516+2324546.fits
apogee.apo25m.stars.015+30.2M16362752-0144476,apogee_apo25m_stars_015+30_2M16362752-0144476.fits
apogee.apo25m.stars.015+50_MGA.2M15195985+0916591,apogee_apo25m_stars_015+50_MGA_2M15195985+0916591.fits
apogee.apo25m.stars.015+50_MGA.2M15200631+1059325,apogee_apo25m_stars_015+50_MGA_2M15200631+1059325.fits
apogee.apo25m.stars.014+89_MGA.2M12540239+2524538,apogee_apo25m_stars_014+89_MGA_2M12540239+2524538.fits
apogee.apo25m.stars.350+87_MGA.2M12540239+2524538,apogee_apo25m_stars_350+87_MGA_2M12540239+2524538.fits
apogee.apo25m.stars.014+89_MGA.2M12550870+2712222,apogee_apo25m_stars_014+89_MGA_2M12550870+2712222.fits
apogee.apo25m.stars.023+88_MGA.2M12550870+2712222,apogee_apo25m_stars_023+88_MGA_2M12550870+2712222.fits
apogee.apo25m.stars.045+89_MGA.2M12550870+2712222,apogee_apo25m_stars_045+89_MGA_2M12550870+2712222.fits
apogee.apo25m.stars.059+89_MGA.2M12550870+2712222,apogee_apo25m_stars_059+89_MGA_2M12550870+2712222.fits
apogee.apo25m.stars.062+88_MGA.2M12550870+2712222,apogee_apo25m_stars_062+88_MGA_2M12550870+2712222.fits
apogee.apo25m.stars.076+88_MGA.2M12550870+2712222,apogee_apo25m_stars_076+88_MGA_2M12550870+2712222.fits
apogee.apo25m.stars.077+89_MGA.2M12550870+2712222,apogee_apo25m_stars_077+89_MGA_2M12550870+2712222.fits
apogee.apo25m.stars.010+51_MGA.2M15110052+0744229,apogee_apo25m_stars_010+51_MGA_2M15110052+0744229.fits
apogee.apo25m.stars.016+48_MGA.2M15393629+0933300,apogee_apo25m_stars_016+48_MGA_2M15393629+0933300.fits
apogee.apo25m.stars.018+46_MGA.2M15400019+1009317,apogee_apo25m_stars_018+46_MGA_2M15400019+1009317.fits
apogee.apo25m.stars.101+89_MGA.2M12550870+2712222,apogee_apo25m_stars_101+89_MGA_2M12550870+2712222.fits
apogee.apo25m.stars.014+89_MGA.2M12563456+2750246,apogee_apo25m_stars_014+89_MGA_2M12563456+2750246.fits
apogee.apo25m.stars.023+88_MGA.2M12563456+2750246,apogee_apo25m_stars_023+88_MGA_2M12563456+2750246.fits
apogee.apo25m.stars.040+88_MGA.2M12563456+2750246,apogee_apo25m_stars_040+88_MGA_2M12563456+2750246.fits
apogee.apo25m.stars.045+89_MGA.2M12563456+2750246,apogee_apo25m_stars_045+89_MGA_2M12563456+2750246.fits
apogee.apo25m.stars.059+89_MGA.2M12563456+2750246,apogee_apo25m_stars_059+89_MGA_2M12563456+2750246.fits
apogee.apo25m.stars.018+46_MGA.2M15401662+0953568,apogee_apo25m_stars_018+46_MGA_2M15401662+0953568.fits
apogee.apo25m.stars.018+46_MGA.2M15405786+0846507,apogee_apo25m_stars_018+46_MGA_2M15405786+0846507.fits
apogee.apo25m.stars.018+46_MGA.2M15411907+0840428,apogee_apo25m_stars_018+46_MGA_2M15411907+0840428.fits
apogee.apo25m.stars.018+46_MGA.2M15412854+1049296,apogee_apo25m_stars_018+46_MGA_2M15412854+1049296.fits
apogee.apo25m.stars.018+46_MGA.2M15424877+1105417,apogee_apo25m_stars_018+46_MGA_2M15424877+1105417.fits
apogee.apo25m.stars.018+46_MGA.2M15425479+0843408,apogee_apo25m_stars_018+46_MGA_2M15425479+0843408.fits
apogee.apo25m.stars.018+46_MGA.2M15430619+0838405,apogee_apo25m_stars_018+46_MGA_2M15430619+0838405.fits
apogee.apo25m.stars.018+46_MGA.2M15430667+0828066,apogee_apo25m_stars_018+46_MGA_2M15430667+0828066.fits
apogee.apo25m.stars.018+46_MGA.2M15445400+0904578,apogee_apo25m_stars_018+46_MGA_2M15445400+0904578.fits
apogee.apo25m.stars.011+79_MGA.2M13404904+2259024,apogee_apo25m_stars_011+79_MGA_2M13404904+2259024.fits
apogee.apo25m.stars.011+79_MGA.2M13410501+2237456,apogee_apo25m_stars_011+79_MGA_2M13410501+2237456.fits
apogee.apo25m.stars.020+43_MGA.2M15573133+1029065,apogee_apo25m_stars_020+43_MGA_2M15573133+1029065.fits
apogee.apo25m.stars.011+47_btx.2M15233902+0721493,apogee_apo25m_stars_011+47_btx_2M15233902+0721493.fits
apogee.apo25m.stars.016+77_MGA.2M13411567+2343371,apogee_apo25m_stars_016+77_MGA_2M13411567+2343371.fits
apogee.apo25m.stars.021+79_MGA.2M13411567+2343371,apogee_apo25m_stars_021+79_MGA_2M13411567+2343371.fits
apogee.apo25m.stars.013+49_MGA.2M15214470+0723160,apogee_apo25m_stars_013+49_MGA_2M15214470+0723160.fits
apogee.apo25m.stars.020+00.2M18300842-1127066,apogee_apo25m_stars_020+00_2M18300842-1127066.fits
apogee.apo25m.stars.020+02.2M18184012-1053526,apogee_apo25m_stars_020+02_2M18184012-1053526.fits
apogee.apo25m.stars.016+77_MGA.2M13412305+2327444,apogee_apo25m_stars_016+77_MGA_2M13412305+2327444.fits
apogee.apo25m.stars.021+79_MGA.2M13412305+2327444,apogee_apo25m_stars_021+79_MGA_2M13412305+2327444.fits
apogee.apo25m.stars.023+78_MGA.2M13412305+2327444,apogee_apo25m_stars_023+78_MGA_2M13412305+2327444.fits
apogee.apo25m.stars.020+43_MGA.2M15594885+0923191,apogee_apo25m_stars_020+43_MGA_2M15594885+0923191.fits
apogee.apo25m.stars.020+43_MGA.2M16001172+0925500,apogee_apo25m_stars_020+43_MGA_2M16001172+0925500.fits
apogee.apo25m.stars.020+60.2M14493041+1715376,apogee_apo25m_stars_020+60_2M14493041+1715376.fits
apogee.apo25m.stars.015+50_MGA.2M15210224+1023558,apogee_apo25m_stars_015+50_MGA_2M15210224+1023558.fits
apogee.apo25m.stars.015+50_MGA.2M15244923+1035156,apogee_apo25m_stars_015+50_MGA_2M15244923+1035156.fits
apogee.apo25m.stars.014+89_MGA.2M12534569+2741429,apogee_apo25m_stars_014+89_MGA_2M12534569+2741429.fits
apogee.apo25m.stars.016+77_MGA.2M13483025+2318176,apogee_apo25m_stars_016+77_MGA_2M13483025+2318176.fits
apogee.apo25m.stars.022+86_MGA.2M13030977+2604231,apogee_apo25m_stars_022+86_MGA_2M13030977+2604231.fits
apogee.apo25m.stars.029+88_MGA.2M13030977+2604231,apogee_apo25m_stars_029+88_MGA_2M13030977+2604231.fits
apogee.apo25m.stars.016+48_MGA.2M15385959+0837537,apogee_apo25m_stars_016+48_MGA_2M15385959+0837537.fits
apogee.apo25m.stars.016+48_MGA.2M15393629+0933300,apogee_apo25m_stars_016+48_MGA_2M15393629+0933300.fits
apogee.apo25m.stars.020+43_MGA.2M15535768+1008240,apogee_apo25m_stars_020+43_MGA_2M15535768+1008240.fits
apogee.apo25m.stars.023+88_MGA.2M12534569+2741429,apogee_apo25m_stars_023+88_MGA_2M12534569+2741429.fits
apogee.apo25m.stars.040+88_MGA.2M12534569+2741429,apogee_apo25m_stars_040+88_MGA_2M12534569+2741429.fits
apogee.apo25m.stars.053+88_MGA.2M12534569+2741429,apogee_apo25m_stars_053+88_MGA_2M12534569+2741429.fits
apogee.apo25m.stars.023+78_MGA.2M13423573+2331340,apogee_apo25m_stars_023+78_MGA_2M13423573+2331340.fits
apogee.apo25m.stars.022+00.2M18341353-0931198,apogee_apo25m_stars_022+00_2M18341353-0931198.fits
apogee.apo25m.stars.022+82_MGA.2M13202743+2528245,apogee_apo25m_stars_022+82_MGA_2M13202743+2528245.fits
apogee.apo25m.stars.029+88_MGA.2M13051928+2602578,apogee_apo25m_stars_029+88_MGA_2M13051928+2602578.fits
apogee.apo25m.stars.022+86_MGA.2M13053314+2508020,apogee_apo25m_stars_022+86_MGA_2M13053314+2508020.fits
apogee.apo25m.stars.350+87_MGA.2M13053314+2508020,apogee_apo25m_stars_350+87_MGA_2M13053314+2508020.fits
apogee.apo25m.stars.021+79_MGA.2M13353780+2458126,apogee_apo25m_stars_021+79_MGA_2M13353780+2458126.fits
apogee.apo25m.stars.021+79_MGA.2M13354652+2451557,apogee_apo25m_stars_021+79_MGA_2M13354652+2451557.fits
apogee.apo25m.stars.021+79_MGA.2M13364711+2508526,apogee_apo25m_stars_021+79_MGA_2M13364711+2508526.fits
apogee.apo25m.stars.076+88_MGA.2M12563456+2750246,apogee_apo25m_stars_076+88_MGA_2M12563456+2750246.fits
apogee.apo25m.stars.077+89_MGA.2M12563456+2750246,apogee_apo25m_stars_077+89_MGA_2M12563456+2750246.fits
apogee.apo25m.stars.024+64_btx.2M14340596+2133155,apogee_apo25m_stars_024+64_btx_2M14340596+2133155.fits
apogee.apo25m.stars.022+82_MGA.2M13221459+2545112,apogee_apo25m_stars_022+82_MGA_2M13221459+2545112.fits
apogee.apo25m.stars.022+82_MGA.2M13230305+2421371,apogee_apo25m_stars_022+82_MGA_2M13230305+2421371.fits
apogee.apo25m.stars.022+82_MGA.2M13232888+2558585,apogee_apo25m_stars_022+82_MGA_2M13232888+2558585.fits
apogee.apo25m.stars.062+88_MGA.2M12534569+2741429,apogee_apo25m_stars_062+88_MGA_2M12534569+2741429.fits
apogee.apo25m.stars.077+89_MGA.2M12534569+2741429,apogee_apo25m_stars_077+89_MGA_2M12534569+2741429.fits
apogee.apo25m.stars.014+89_MGA.2M12542666+2619033,apogee_apo25m_stars_014+89_MGA_2M12542666+2619033.fits
apogee.apo25m.stars.040+88_MGA.2M12542666+2619033,apogee_apo25m_stars_040+88_MGA_2M12542666+2619033.fits
apogee.apo25m.stars.045+89_MGA.2M12542666+2619033,apogee_apo25m_stars_045+89_MGA_2M12542666+2619033.fits
apogee.apo25m.stars.319+88_MGA.2M12542666+2619033,apogee_apo25m_stars_319+88_MGA_2M12542666+2619033.fits
apogee.apo25m.stars.022+86_MGA.2M13063321+2604535,apogee_apo25m_stars_022+86_MGA_2M13063321+2604535.fits
apogee.apo25m.stars.022+86_MGA.2M13071598+2638227,apogee_apo25m_stars_022+86_MGA_2M13071598+2638227.fits
apogee.apo25m.stars.029+88_MGA.2M13075050+2730053,apogee_apo25m_stars_029+88_MGA_2M13075050+2730053.fits
apogee.apo25m.stars.022+82_MGA.2M13242606+2600061,apogee_apo25m_stars_022+82_MGA_2M13242606+2600061.fits
apogee.apo25m.stars.022+82_MGA.2M13270634+2636536,apogee_apo25m_stars_022+82_MGA_2M13270634+2636536.fits
apogee.apo25m.stars.022+82_MGA.2M13281948+2508167,apogee_apo25m_stars_022+82_MGA_2M13281948+2508167.fits
apogee.apo25m.stars.049+88_MGA.2M13075050+2730053,apogee_apo25m_stars_049+88_MGA_2M13075050+2730053.fits
apogee.apo25m.stars.022+86_MGA.2M13075293+2632030,apogee_apo25m_stars_022+86_MGA_2M13075293+2632030.fits
apogee.apo25m.stars.029+88_MGA.2M13075293+2632030,apogee_apo25m_stars_029+88_MGA_2M13075293+2632030.fits
apogee.apo25m.stars.014+89_MGA.2M12550870+2712222,apogee_apo25m_stars_014+89_MGA_2M12550870+2712222.fits
apogee.apo25m.stars.023+88_MGA.2M12550870+2712222,apogee_apo25m_stars_023+88_MGA_2M12550870+2712222.fits
apogee.apo25m.stars.045+89_MGA.2M12550870+2712222,apogee_apo25m_stars_045+89_MGA_2M12550870+2712222.fits
apogee.apo25m.stars.024+64_btx.2M14372829+2133432,apogee_apo25m_stars_024+64_btx_2M14372829+2133432.fits
apogee.apo25m.stars.024+64_btx.2M14394745+2057002,apogee_apo25m_stars_024+64_btx_2M14394745+2057002.fits
apogee.apo25m.stars.025+06.2M18112615-0353548,apogee_apo25m_stars_025+06_2M18112615-0353548.fits
apogee.apo25m.stars.042+87_MGA.2M13075293+2632030,apogee_apo25m_stars_042+87_MGA_2M13075293+2632030.fits
apogee.apo25m.stars.022+86_MGA.2M13084470+2526461,apogee_apo25m_stars_022+86_MGA_2M13084470+2526461.fits
apogee.apo25m.stars.022+86_MGA.2M13090270+2654205,apogee_apo25m_stars_022+86_MGA_2M13090270+2654205.fits
apogee.apo25m.stars.059+89_MGA.2M12550870+2712222,apogee_apo25m_stars_059+89_MGA_2M12550870+2712222.fits
apogee.apo25m.stars.062+88_MGA.2M12550870+2712222,apogee_apo25m_stars_062+88_MGA_2M12550870+2712222.fits
apogee.apo25m.stars.076+88_MGA.2M12550870+2712222,apogee_apo25m_stars_076+88_MGA_2M12550870+2712222.fits
apogee.apo25m.stars.077+89_MGA.2M12550870+2712222,apogee_apo25m_stars_077+89_MGA_2M12550870+2712222.fits
apogee.apo25m.stars.101+89_MGA.2M12550870+2712222,apogee_apo25m_stars_101+89_MGA_2M12550870+2712222.fits
apogee.apo25m.stars.023+88_MGA.2M12564887+2540587,apogee_apo25m_stars_023+88_MGA_2M12564887+2540587.fits
apogee.apo25m.stars.022+86_MGA.2M13095066+2629247,apogee_apo25m_stars_022+86_MGA_2M13095066+2629247.fits
apogee.apo25m.stars.037+85_MGA.2M13095066+2629247,apogee_apo25m_stars_037+85_MGA_2M13095066+2629247.fits
apogee.apo25m.stars.037+85_MGA.2M13112180+2608395,apogee_apo25m_stars_037+85_MGA_2M13112180+2608395.fits
apogee.apo25m.stars.319+88_MGA.2M12564887+2540587,apogee_apo25m_stars_319+88_MGA_2M12564887+2540587.fits
apogee.apo25m.stars.350+87_MGA.2M12564887+2540587,apogee_apo25m_stars_350+87_MGA_2M12564887+2540587.fits
apogee.apo25m.stars.063+88_MGA.2M12583598+2711429,apogee_apo25m_stars_063+88_MGA_2M12583598+2711429.fits
apogee.apo25m.stars.022+86_MGA.2M13134635+2602278,apogee_apo25m_stars_022+86_MGA_2M13134635+2602278.fits
apogee.apo25m.stars.022+86_MGA.2M13141782+2551192,apogee_apo25m_stars_022+86_MGA_2M13141782+2551192.fits
apogee.apo25m.stars.021+79_MGA.2M13390041+2431521,apogee_apo25m_stars_021+79_MGA_2M13390041+2431521.fits
apogee.apo25m.stars.016+77_MGA.2M13411567+2343371,apogee_apo25m_stars_016+77_MGA_2M13411567+2343371.fits
apogee.apo25m.stars.021+79_MGA.2M13411567+2343371,apogee_apo25m_stars_021+79_MGA_2M13411567+2343371.fits
apogee.apo25m.stars.016+77_MGA.2M13412305+2327444,apogee_apo25m_stars_016+77_MGA_2M13412305+2327444.fits
apogee.apo25m.stars.319+88_MGA.2M12585234+2533197,apogee_apo25m_stars_319+88_MGA_2M12585234+2533197.fits
apogee.apo25m.stars.048+88_MGA.2M13025578+2624208,apogee_apo25m_stars_048+88_MGA_2M13025578+2624208.fits
apogee.apo25m.stars.022+86_MGA.2M13043479+2647486,apogee_apo25m_stars_022+86_MGA_2M13043479+2647486.fits
apogee.apo25m.stars.021+79_MGA.2M13412305+2327444,apogee_apo25m_stars_021+79_MGA_2M13412305+2327444.fits
apogee.apo25m.stars.023+78_MGA.2M13412305+2327444,apogee_apo25m_stars_023+78_MGA_2M13412305+2327444.fits
apogee.apo25m.stars.023+78_MGA.2M13452473+2255417,apogee_apo25m_stars_023+78_MGA_2M13452473+2255417.fits
apogee.apo25m.stars.023+78_MGA.2M13454496+2511112,apogee_apo25m_stars_023+78_MGA_2M13454496+2511112.fits
apogee.apo25m.stars.030+79_MGA.2M13454496+2511112,apogee_apo25m_stars_030+79_MGA_2M13454496+2511112.fits
apogee.apo25m.stars.023+78_MGA.2M13471685+2411508,apogee_apo25m_stars_023+78_MGA_2M13471685+2411508.fits
apogee.apo25m.stars.023+88_MGA.2M13043479+2647486,apogee_apo25m_stars_023+88_MGA_2M13043479+2647486.fits
apogee.apo25m.stars.023+88_MGA.2M13045542+2706511,apogee_apo25m_stars_023+88_MGA_2M13045542+2706511.fits
apogee.apo25m.stars.024+00.2M18344172-0656015,apogee_apo25m_stars_024+00_2M18344172-0656015.fits
apogee.apo25m.stars.029+77_MGA.2M13433559+2558090,apogee_apo25m_stars_029+77_MGA_2M13433559+2558090.fits
apogee.apo25m.stars.037+79_MGA.2M13433559+2558090,apogee_apo25m_stars_037+79_MGA_2M13433559+2558090.fits
apogee.apo25m.stars.029+77_MGA.2M13434767+2617038,apogee_apo25m_stars_029+77_MGA_2M13434767+2617038.fits
apogee.apo25m.stars.030+79_MGA.2M13434767+2617038,apogee_apo25m_stars_030+79_MGA_2M13434767+2617038.fits
apogee.apo25m.stars.037+79_MGA.2M13434767+2617038,apogee_apo25m_stars_037+79_MGA_2M13434767+2617038.fits
apogee.apo25m.stars.029+77_MGA.2M13450204+2548410,apogee_apo25m_stars_029+77_MGA_2M13450204+2548410.fits
apogee.apo25m.stars.027-04.2M18554365-0650519,apogee_apo25m_stars_027-04_2M18554365-0650519.fits
apogee.apo25m.stars.027-04.2M18591173-0623401,apogee_apo25m_stars_027-04_2M18591173-0623401.fits
apogee.apo25m.stars.029+77_MGA.2M13424123+2548008,apogee_apo25m_stars_029+77_MGA_2M13424123+2548008.fits
apogee.apo25m.stars.023+78_MGA.2M13454496+2511112,apogee_apo25m_stars_023+78_MGA_2M13454496+2511112.fits
apogee.apo25m.stars.030+79_MGA.2M13454496+2511112,apogee_apo25m_stars_030+79_MGA_2M13454496+2511112.fits
apogee.apo25m.stars.029+77_MGA.2M13465850+2606095,apogee_apo25m_stars_029+77_MGA_2M13465850+2606095.fits
apogee.apo25m.stars.030+79_MGA.2M13465850+2606095,apogee_apo25m_stars_030+79_MGA_2M13465850+2606095.fits
apogee.apo25m.stars.029+77_MGA.2M13474797+2600342,apogee_apo25m_stars_029+77_MGA_2M13474797+2600342.fits
apogee.apo25m.stars.029+77_MGA.2M13483751+2549447,apogee_apo25m_stars_029+77_MGA_2M13483751+2549447.fits
apogee.apo25m.stars.023+78_MGA.2M13493804+2457223,apogee_apo25m_stars_023+78_MGA_2M13493804+2457223.fits
apogee.apo25m.stars.029+77_MGA.2M13493804+2457223,apogee_apo25m_stars_029+77_MGA_2M13493804+2457223.fits
apogee.apo25m.stars.029+77_MGA.2M13524713+2448172,apogee_apo25m_stars_029+77_MGA_2M13524713+2448172.fits
apogee.apo25m.stars.029+77_MGA.2M13535070+2602460,apogee_apo25m_stars_029+77_MGA_2M13535070+2602460.fits
apogee.apo25m.stars.014+89_MGA.2M12585388+2630367,apogee_apo25m_stars_014+89_MGA_2M12585388+2630367.fits
apogee.apo25m.stars.042+87_MGA.2M12585388+2630367,apogee_apo25m_stars_042+87_MGA_2M12585388+2630367.fits
apogee.apo25m.stars.045+89_MGA.2M12585388+2630367,apogee_apo25m_stars_045+89_MGA_2M12585388+2630367.fits
apogee.apo25m.stars.049+88_MGA.2M12585388+2630367,apogee_apo25m_stars_049+88_MGA_2M12585388+2630367.fits
apogee.apo25m.stars.056+88_MGA.2M12585388+2630367,apogee_apo25m_stars_056+88_MGA_2M12585388+2630367.fits
apogee.apo25m.stars.062+88_MGA.2M12585388+2630367,apogee_apo25m_stars_062+88_MGA_2M12585388+2630367.fits
apogee.apo25m.stars.014+89_MGA.2M12595831+2700142,apogee_apo25m_stars_014+89_MGA_2M12595831+2700142.fits
apogee.apo25m.stars.023+88_MGA.2M12595831+2700142,apogee_apo25m_stars_023+88_MGA_2M12595831+2700142.fits
apogee.apo25m.stars.029+88_MGA.2M12595831+2700142,apogee_apo25m_stars_029+88_MGA_2M12595831+2700142.fits
apogee.apo25m.stars.040+88_MGA.2M12595831+2700142,apogee_apo25m_stars_040+88_MGA_2M12595831+2700142.fits
apogee.apo25m.stars.045+89_MGA.2M12595831+2700142,apogee_apo25m_stars_045+89_MGA_2M12595831+2700142.fits
apogee.apo25m.stars.049+88_MGA.2M12595831+2700142,apogee_apo25m_stars_049+88_MGA_2M12595831+2700142.fits
apogee.apo25m.stars.054+87_MGA.2M12595831+2700142,apogee_apo25m_stars_054+87_MGA_2M12595831+2700142.fits
apogee.apo25m.stars.056+88_MGA.2M12595831+2700142,apogee_apo25m_stars_056+88_MGA_2M12595831+2700142.fits
apogee.apo25m.stars.059+89_MGA.2M12595831+2700142,apogee_apo25m_stars_059+89_MGA_2M12595831+2700142.fits
apogee.apo25m.stars.063+88_MGA.2M12595831+2700142,apogee_apo25m_stars_063+88_MGA_2M12595831+2700142.fits
apogee.apo25m.stars.077+89_MGA.2M12595831+2700142,apogee_apo25m_stars_077+89_MGA_2M12595831+2700142.fits
apogee.apo25m.stars.014+89_MGA.2M13011430+2626366,apogee_apo25m_stars_014+89_MGA_2M13011430+2626366.fits
apogee.apo25m.stars.023+88_MGA.2M13011430+2626366,apogee_apo25m_stars_023+88_MGA_2M13011430+2626366.fits
apogee.apo25m.stars.029+88_MGA.2M13011430+2626366,apogee_apo25m_stars_029+88_MGA_2M13011430+2626366.fits
apogee.apo25m.stars.040+88_MGA.2M13011430+2626366,apogee_apo25m_stars_040+88_MGA_2M13011430+2626366.fits
apogee.apo25m.stars.042+87_MGA.2M13011430+2626366,apogee_apo25m_stars_042+87_MGA_2M13011430+2626366.fits
apogee.apo25m.stars.045+89_MGA.2M13011430+2626366,apogee_apo25m_stars_045+89_MGA_2M13011430+2626366.fits
apogee.apo25m.stars.049+88_MGA.2M13011430+2626366,apogee_apo25m_stars_049+88_MGA_2M13011430+2626366.fits
apogee.apo25m.stars.350+87_MGA.2M13011430+2626366,apogee_apo25m_stars_350+87_MGA_2M13011430+2626366.fits
apogee.apo25m.stars.029+88_MGA.2M13014078+2616267,apogee_apo25m_stars_029+88_MGA_2M13014078+2616267.fits
apogee.apo25m.stars.042+87_MGA.2M13014078+2616267,apogee_apo25m_stars_042+87_MGA_2M13014078+2616267.fits
apogee.apo25m.stars.048+88_MGA.2M13014078+2616267,apogee_apo25m_stars_048+88_MGA_2M13014078+2616267.fits
apogee.apo25m.stars.350+87_MGA.2M13014078+2616267,apogee_apo25m_stars_350+87_MGA_2M13014078+2616267.fits
apogee.apo25m.stars.023+88_MGA.2M13021347+2709280,apogee_apo25m_stars_023+88_MGA_2M13021347+2709280.fits
apogee.apo25m.stars.029+88_MGA.2M13021347+2709280,apogee_apo25m_stars_029+88_MGA_2M13021347+2709280.fits
apogee.apo25m.stars.042+87_MGA.2M13021347+2709280,apogee_apo25m_stars_042+87_MGA_2M13021347+2709280.fits
apogee.apo25m.stars.045+89_MGA.2M13021347+2709280,apogee_apo25m_stars_045+89_MGA_2M13021347+2709280.fits
apogee.apo25m.stars.049+88_MGA.2M13021347+2709280,apogee_apo25m_stars_049+88_MGA_2M13021347+2709280.fits
apogee.apo25m.stars.052+87_MGA.2M13021347+2709280,apogee_apo25m_stars_052+87_MGA_2M13021347+2709280.fits
apogee.apo25m.stars.053+88_MGA.2M13021347+2709280,apogee_apo25m_stars_053+88_MGA_2M13021347+2709280.fits
apogee.apo25m.stars.054+87_MGA.2M13021347+2709280,apogee_apo25m_stars_054+87_MGA_2M13021347+2709280.fits
apogee.apo25m.stars.059+89_MGA.2M13021347+2709280,apogee_apo25m_stars_059+89_MGA_2M13021347+2709280.fits
apogee.apo25m.stars.029+88_MGA.2M13033828+2711582,apogee_apo25m_stars_029+88_MGA_2M13033828+2711582.fits
apogee.apo25m.stars.042+87_MGA.2M13033828+2711582,apogee_apo25m_stars_042+87_MGA_2M13033828+2711582.fits
apogee.apo25m.stars.023+88_MGA.2M13045542+2706511,apogee_apo25m_stars_023+88_MGA_2M13045542+2706511.fits
apogee.apo25m.stars.029+88_MGA.2M13051441+2749500,apogee_apo25m_stars_029+88_MGA_2M13051441+2749500.fits
apogee.apo25m.stars.040+88_MGA.2M13051441+2749500,apogee_apo25m_stars_040+88_MGA_2M13051441+2749500.fits
apogee.apo25m.stars.049+88_MGA.2M13051441+2749500,apogee_apo25m_stars_049+88_MGA_2M13051441+2749500.fits
apogee.apo25m.stars.053+88_MGA.2M13051441+2749500,apogee_apo25m_stars_053+88_MGA_2M13051441+2749500.fits
apogee.apo25m.stars.063+88_MGA.2M13051441+2749500,apogee_apo25m_stars_063+88_MGA_2M13051441+2749500.fits
apogee.apo25m.stars.029+88_MGA.2M13051928+2602578,apogee_apo25m_stars_029+88_MGA_2M13051928+2602578.fits
apogee.apo25m.stars.018+46_MGA.2M15460964+0925060,apogee_apo25m_stars_018+46_MGA_2M15460964+0925060.fits
apogee.apo25m.stars.025+12.2M17544020-0108192,apogee_apo25m_stars_025+12_2M17544020-0108192.fits
apogee.apo25m.stars.030+30.2M17000087+1136031,apogee_apo25m_stars_030+30_2M17000087+1136031.fits
apogee.apo25m.stars.056+88_MGA.2M13061991+2742241,apogee_apo25m_stars_056+88_MGA_2M13061991+2742241.fits
apogee.apo25m.stars.022+86_MGA.2M13063321+2604535,apogee_apo25m_stars_022+86_MGA_2M13063321+2604535.fits
apogee.apo25m.stars.022+86_MGA.2M13065547+2704068,apogee_apo25m_stars_022+86_MGA_2M13065547+2704068.fits
apogee.apo25m.stars.020+43_MGA.2M15550289+0944451,apogee_apo25m_stars_020+43_MGA_2M15550289+0944451.fits
apogee.apo25m.stars.030+79_MGA.2M13350840+2614180,apogee_apo25m_stars_030+79_MGA_2M13350840+2614180.fits
apogee.apo25m.stars.030+79_MGA.2M13364669+2635027,apogee_apo25m_stars_030+79_MGA_2M13364669+2635027.fits
apogee.apo25m.stars.040+88_MGA.2M13065547+2704068,apogee_apo25m_stars_040+88_MGA_2M13065547+2704068.fits
apogee.apo25m.stars.049+88_MGA.2M13065547+2704068,apogee_apo25m_stars_049+88_MGA_2M13065547+2704068.fits
apogee.apo25m.stars.029+88_MGA.2M13075050+2730053,apogee_apo25m_stars_029+88_MGA_2M13075050+2730053.fits
apogee.apo25m.stars.030+60.2M14591693+2151359,apogee_apo25m_stars_030+60_2M14591693+2151359.fits
apogee.apo25m.stars.030+60.2M15050352+2054317,apogee_apo25m_stars_030+60_2M15050352+2054317.fits
apogee.apo25m.stars.029+77_MGA.2M13535070+2602460,apogee_apo25m_stars_029+77_MGA_2M13535070+2602460.fits
apogee.apo25m.stars.030+30.2M17034492+1129550,apogee_apo25m_stars_030+30_2M17034492+1129550.fits
apogee.apo25m.stars.030+38_MGA.2M16231149+1516140,apogee_apo25m_stars_030+38_MGA_2M16231149+1516140.fits
apogee.apo25m.stars.030+38_MGA.2M16245610+1449098,apogee_apo25m_stars_030+38_MGA_2M16245610+1449098.fits
apogee.apo25m.stars.037+79_MGA.2M13372834+2610306,apogee_apo25m_stars_037+79_MGA_2M13372834+2610306.fits
apogee.apo25m.stars.030+79_MGA.2M13402230+2647511,apogee_apo25m_stars_030+79_MGA_2M13402230+2647511.fits
apogee.apo25m.stars.037+79_MGA.2M13402230+2647511,apogee_apo25m_stars_037+79_MGA_2M13402230+2647511.fits
apogee.apo25m.stars.030+38_MGA.2M16252555+1342089,apogee_apo25m_stars_030+38_MGA_2M16252555+1342089.fits
apogee.apo25m.stars.030+38_MGA.2M16262792+1315272,apogee_apo25m_stars_030+38_MGA_2M16262792+1315272.fits
apogee.apo25m.stars.030+38_MGA.2M16313654+1429086,apogee_apo25m_stars_030+38_MGA_2M16313654+1429086.fits
apogee.apo25m.stars.023+78_MGA.2M13454496+2511112,apogee_apo25m_stars_023+78_MGA_2M13454496+2511112.fits
apogee.apo25m.stars.030+79_MGA.2M13454496+2511112,apogee_apo25m_stars_030+79_MGA_2M13454496+2511112.fits
apogee.apo25m.stars.029+77_MGA.2M13464647+2609198,apogee_apo25m_stars_029+77_MGA_2M13464647+2609198.fits
apogee.apo25m.stars.024+00.2M18344929-0648518,apogee_apo25m_stars_024+00_2M18344929-0648518.fits
apogee.apo25m.stars.030+08.2M18150745+0142414,apogee_apo25m_stars_030+08_2M18150745+0142414.fits
apogee.apo25m.stars.030-12.2M19254706-0709233,apogee_apo25m_stars_030-12_2M19254706-0709233.fits
apogee.apo25m.stars.030+79_MGA.2M13464647+2609198,apogee_apo25m_stars_030+79_MGA_2M13464647+2609198.fits
apogee.apo25m.stars.029+77_MGA.2M13465850+2606095,apogee_apo25m_stars_029+77_MGA_2M13465850+2606095.fits
apogee.apo25m.stars.030+79_MGA.2M13465850+2606095,apogee_apo25m_stars_030+79_MGA_2M13465850+2606095.fits
apogee.apo25m.stars.033+43_MGA.2M16100502+1844475,apogee_apo25m_stars_033+43_MGA_2M16100502+1844475.fits
apogee.apo25m.stars.033+43_MGA.2M16111200+1949290,apogee_apo25m_stars_033+43_MGA_2M16111200+1949290.fits
apogee.apo25m.stars.033+43_MGA.2M16125921+1931014,apogee_apo25m_stars_033+43_MGA_2M16125921+1931014.fits
apogee.apo25m.stars.032+81_MGA.2M13260434+2740329,apogee_apo25m_stars_032+81_MGA_2M13260434+2740329.fits
apogee.apo25m.stars.032+81_MGA.2M13264637+2757356,apogee_apo25m_stars_032+81_MGA_2M13264637+2757356.fits
apogee.apo25m.stars.032+81_MGA.2M13310699+2520537,apogee_apo25m_stars_032+81_MGA_2M13310699+2520537.fits
apogee.apo25m.stars.041+81_MGA.2M13311807+2727542,apogee_apo25m_stars_041+81_MGA_2M13311807+2727542.fits
apogee.apo25m.stars.032+81_MGA.2M13312103+2706050,apogee_apo25m_stars_032+81_MGA_2M13312103+2706050.fits
apogee.apo25m.stars.041+81_MGA.2M13312103+2706050,apogee_apo25m_stars_041+81_MGA_2M13312103+2706050.fits
apogee.apo25m.stars.049+88_MGA.2M13075050+2730053,apogee_apo25m_stars_049+88_MGA_2M13075050+2730053.fits
apogee.apo25m.stars.030+00.2M18431613-0235021,apogee_apo25m_stars_030+00_2M18431613-0235021.fits
apogee.apo25m.stars.034-06.2M19155460-0039066,apogee_apo25m_stars_034-06_2M19155460-0039066.fits
apogee.apo25m.stars.030+75.2M13555423+2546359,apogee_apo25m_stars_030+75_2M13555423+2546359.fits
apogee.apo25m.stars.037+79_MGA.2M13411577+2744467,apogee_apo25m_stars_037+79_MGA_2M13411577+2744467.fits
apogee.apo25m.stars.037+79_MGA.2M13443200+2749140,apogee_apo25m_stars_037+79_MGA_2M13443200+2749140.fits
apogee.apo25m.stars.030+38_MGA.2M16320984+1422348,apogee_apo25m_stars_030+38_MGA_2M16320984+1422348.fits
apogee.apo25m.stars.038+48_MGA.2M15543093+2335495,apogee_apo25m_stars_038+48_MGA_2M15543093+2335495.fits
apogee.apo25m.stars.038+48_MGA.2M15563698+2416025,apogee_apo25m_stars_038+48_MGA_2M15563698+2416025.fits
apogee.apo25m.stars.030+79_MGA.2M13424123+2548008,apogee_apo25m_stars_030+79_MGA_2M13424123+2548008.fits
apogee.apo25m.stars.040+38_MGA.2M16481085+2115309,apogee_apo25m_stars_040+38_MGA_2M16481085+2115309.fits
apogee.apo25m.stars.040+34_MGA.2M16522200+2026061,apogee_apo25m_stars_040+34_MGA_2M16522200+2026061.fits
apogee.apo25m.stars.039+45_MGA.2M16164364+2340390,apogee_apo25m_stars_039+45_MGA_2M16164364+2340390.fits
apogee.apo25m.stars.038+48_MGA.2M16010670+2352359,apogee_apo25m_stars_038+48_MGA_2M16010670+2352359.fits
apogee.apo25m.stars.039+46_MGA.2M16010670+2352359,apogee_apo25m_stars_039+46_MGA_2M16010670+2352359.fits
apogee.apo25m.stars.040+36_MGA.2M16522200+2026061,apogee_apo25m_stars_040+36_MGA_2M16522200+2026061.fits
apogee.apo25m.stars.040+38_MGA.2M16370915+2228586,apogee_apo25m_stars_040+38_MGA_2M16370915+2228586.fits
apogee.apo25m.stars.040+38_MGA.2M16374375+2042155,apogee_apo25m_stars_040+38_MGA_2M16374375+2042155.fits
apogee.apo25m.stars.039+46_MGA.2M16012254+2420021,apogee_apo25m_stars_039+46_MGA_2M16012254+2420021.fits
apogee.apo25m.stars.041+47_MGA.2M16012254+2420021,apogee_apo25m_stars_041+47_MGA_2M16012254+2420021.fits
apogee.apo25m.stars.039+46_MGA.2M16012661+2210432,apogee_apo25m_stars_039+46_MGA_2M16012661+2210432.fits
apogee.apo25m.stars.038+48_MGA.2M15580390+2223372,apogee_apo25m_stars_038+48_MGA_2M15580390+2223372.fits
apogee.apo25m.stars.038+48_MGA.2M15585431+2359279,apogee_apo25m_stars_038+48_MGA_2M15585431+2359279.fits
apogee.apo25m.stars.038+48_MGA.2M16010670+2352359,apogee_apo25m_stars_038+48_MGA_2M16010670+2352359.fits
apogee.apo25m.stars.037+79_MGA.2M13444340+2746353,apogee_apo25m_stars_037+79_MGA_2M13444340+2746353.fits
apogee.apo25m.stars.037+79_MGA.2M13463034+2700039,apogee_apo25m_stars_037+79_MGA_2M13463034+2700039.fits
apogee.apo25m.stars.022+86_MGA.2M13090270+2654205,apogee_apo25m_stars_022+86_MGA_2M13090270+2654205.fits
apogee.apo25m.stars.030-08.2M19130933-0526532,apogee_apo25m_stars_030-08_2M19130933-0526532.fits
apogee.apo25m.stars.034-06.2M19122545-0120564,apogee_apo25m_stars_034-06_2M19122545-0120564.fits
apogee.apo25m.stars.041+47_MGA.2M16094424+2433453,apogee_apo25m_stars_041+47_MGA_2M16094424+2433453.fits
apogee.apo25m.stars.040+38_MGA.2M16380700+2240082,apogee_apo25m_stars_040+38_MGA_2M16380700+2240082.fits
apogee.apo25m.stars.040+38_MGA.2M16405066+2129495,apogee_apo25m_stars_040+38_MGA_2M16405066+2129495.fits
apogee.apo25m.stars.040+38_MGA.2M16423736+2259011,apogee_apo25m_stars_040+38_MGA_2M16423736+2259011.fits
apogee.apo25m.stars.022+86_MGA.2M13095066+2629247,apogee_apo25m_stars_022+86_MGA_2M13095066+2629247.fits
apogee.apo25m.stars.037+85_MGA.2M13095066+2629247,apogee_apo25m_stars_037+85_MGA_2M13095066+2629247.fits
apogee.apo25m.stars.037+85_MGA.2M13101271+2746534,apogee_apo25m_stars_037+85_MGA_2M13101271+2746534.fits
apogee.apo25m.stars.040+45.2M16111164+2412587,apogee_apo25m_stars_040+45_2M16111164+2412587.fits
apogee.apo25m.stars.039+45_MGA.2M16112111+2402271,apogee_apo25m_stars_039+45_MGA_2M16112111+2402271.fits
apogee.apo25m.stars.042+45_MGA.2M16112111+2402271,apogee_apo25m_stars_042+45_MGA_2M16112111+2402271.fits
apogee.apo25m.stars.049+88_MGA.2M12582896+2837252,apogee_apo25m_stars_049+88_MGA_2M12582896+2837252.fits
apogee.apo25m.stars.053+88_MGA.2M12582896+2837252,apogee_apo25m_stars_053+88_MGA_2M12582896+2837252.fits
apogee.apo25m.stars.054+87_MGA.2M12582896+2837252,apogee_apo25m_stars_054+87_MGA_2M12582896+2837252.fits
apogee.apo25m.stars.039+46_MGA.2M16035231+2210121,apogee_apo25m_stars_039+46_MGA_2M16035231+2210121.fits
apogee.apo25m.stars.040+34_MGA.2M16522200+2026061,apogee_apo25m_stars_040+34_MGA_2M16522200+2026061.fits
apogee.apo25m.stars.040+36_MGA.2M16522200+2026061,apogee_apo25m_stars_040+36_MGA_2M16522200+2026061.fits
apogee.apo25m.stars.039+46_MGA.2M16010670+2352359,apogee_apo25m_stars_039+46_MGA_2M16010670+2352359.fits
apogee.apo25m.stars.039+46_MGA.2M16012661+2210432,apogee_apo25m_stars_039+46_MGA_2M16012661+2210432.fits
apogee.apo25m.stars.039+45_MGA.2M16102029+2146245,apogee_apo25m_stars_039+45_MGA_2M16102029+2146245.fits
apogee.apo25m.stars.052+87_MGA.2M13101271+2746534,apogee_apo25m_stars_052+87_MGA_2M13101271+2746534.fits
apogee.apo25m.stars.037+85_MGA.2M13112180+2608395,apogee_apo25m_stars_037+85_MGA_2M13112180+2608395.fits
apogee.apo25m.stars.037+85_MGA.2M13120308+2817120,apogee_apo25m_stars_037+85_MGA_2M13120308+2817120.fits
apogee.apo25m.stars.056+88_MGA.2M12582896+2837252,apogee_apo25m_stars_056+88_MGA_2M12582896+2837252.fits
apogee.apo25m.stars.059+89_MGA.2M12582896+2837252,apogee_apo25m_stars_059+89_MGA_2M12582896+2837252.fits
apogee.apo25m.stars.062+88_MGA.2M12582896+2837252,apogee_apo25m_stars_062+88_MGA_2M12582896+2837252.fits
apogee.apo25m.stars.040+34_MGA.2M16543931+1949500,apogee_apo25m_stars_040+34_MGA_2M16543931+1949500.fits
apogee.apo25m.stars.040+34_MGA.2M16560613+2045412,apogee_apo25m_stars_040+34_MGA_2M16560613+2045412.fits
apogee.apo25m.stars.040+34_MGA.2M16564587+1901284,apogee_apo25m_stars_040+34_MGA_2M16564587+1901284.fits
apogee.apo25m.stars.040+45.2M16143615+2232172,apogee_apo25m_stars_040+45_2M16143615+2232172.fits
apogee.apo25m.stars.039+45_MGA.2M16164364+2340390,apogee_apo25m_stars_039+45_MGA_2M16164364+2340390.fits
apogee.apo25m.stars.040+60.2M15034431+2730327,apogee_apo25m_stars_040+60_2M15034431+2730327.fits
apogee.apo25m.stars.040+38_MGA.2M16440845+2202163,apogee_apo25m_stars_040+38_MGA_2M16440845+2202163.fits
apogee.apo25m.stars.040+38_MGA.2M16462640+2049265,apogee_apo25m_stars_040+38_MGA_2M16462640+2049265.fits
apogee.apo25m.stars.040+38_MGA.2M16470886+2047126,apogee_apo25m_stars_040+38_MGA_2M16470886+2047126.fits
apogee.apo25m.stars.040+34_MGA.2M16570008+1956592,apogee_apo25m_stars_040+34_MGA_2M16570008+1956592.fits
apogee.apo25m.stars.040+34_MGA.2M16590471+2003538,apogee_apo25m_stars_040+34_MGA_2M16590471+2003538.fits
apogee.apo25m.stars.040+34_MGA.2M16595641+2100413,apogee_apo25m_stars_040+34_MGA_2M16595641+2100413.fits
apogee.apo25m.stars.014+89_MGA.2M12534569+2741429,apogee_apo25m_stars_014+89_MGA_2M12534569+2741429.fits
apogee.apo25m.stars.023+88_MGA.2M12534569+2741429,apogee_apo25m_stars_023+88_MGA_2M12534569+2741429.fits
apogee.apo25m.stars.040+88_MGA.2M12534569+2741429,apogee_apo25m_stars_040+88_MGA_2M12534569+2741429.fits
apogee.apo25m.stars.053+88_MGA.2M12534569+2741429,apogee_apo25m_stars_053+88_MGA_2M12534569+2741429.fits
apogee.apo25m.stars.062+88_MGA.2M12534569+2741429,apogee_apo25m_stars_062+88_MGA_2M12534569+2741429.fits
apogee.apo25m.stars.077+89_MGA.2M12534569+2741429,apogee_apo25m_stars_077+89_MGA_2M12534569+2741429.fits
apogee.apo25m.stars.040+34_MGA.2M17010710+1931539,apogee_apo25m_stars_040+34_MGA_2M17010710+1931539.fits
apogee.apo25m.stars.040+34_MGA.2M17013863+1922098,apogee_apo25m_stars_040+34_MGA_2M17013863+1922098.fits
apogee.apo25m.stars.040+34_MGA.2M17021664+1928262,apogee_apo25m_stars_040+34_MGA_2M17021664+1928262.fits
apogee.apo25m.stars.040+38_MGA.2M16481085+2115309,apogee_apo25m_stars_040+38_MGA_2M16481085+2115309.fits
apogee.apo25m.stars.040+43_MGA.2M16215829+2154250,apogee_apo25m_stars_040+43_MGA_2M16215829+2154250.fits
apogee.apo25m.stars.040+43_MGA.2M16224987+2326465,apogee_apo25m_stars_040+43_MGA_2M16224987+2326465.fits
apogee.apo25m.stars.077+89_MGA.2M12582896+2837252,apogee_apo25m_stars_077+89_MGA_2M12582896+2837252.fits
apogee.apo25m.stars.063+88_MGA.2M12583598+2711429,apogee_apo25m_stars_063+88_MGA_2M12583598+2711429.fits
apogee.apo25m.stars.029+88_MGA.2M13014078+2616267,apogee_apo25m_stars_029+88_MGA_2M13014078+2616267.fits
apogee.apo25m.stars.040+88_MGA.2M12535967+2811383,apogee_apo25m_stars_040+88_MGA_2M12535967+2811383.fits
apogee.apo25m.stars.048+88_MGA.2M12535967+2811383,apogee_apo25m_stars_048+88_MGA_2M12535967+2811383.fits
apogee.apo25m.stars.053+88_MGA.2M12535967+2811383,apogee_apo25m_stars_053+88_MGA_2M12535967+2811383.fits
apogee.apo25m.stars.042+87_MGA.2M13014078+2616267,apogee_apo25m_stars_042+87_MGA_2M13014078+2616267.fits
apogee.apo25m.stars.048+88_MGA.2M13014078+2616267,apogee_apo25m_stars_048+88_MGA_2M13014078+2616267.fits
apogee.apo25m.stars.350+87_MGA.2M13014078+2616267,apogee_apo25m_stars_350+87_MGA_2M13014078+2616267.fits
apogee.apo25m.stars.056+88_MGA.2M12535967+2811383,apogee_apo25m_stars_056+88_MGA_2M12535967+2811383.fits
apogee.apo25m.stars.059+89_MGA.2M12535967+2811383,apogee_apo25m_stars_059+89_MGA_2M12535967+2811383.fits
apogee.apo25m.stars.062+88_MGA.2M12535967+2811383,apogee_apo25m_stars_062+88_MGA_2M12535967+2811383.fits
apogee.apo25m.stars.023+88_MGA.2M13021347+2709280,apogee_apo25m_stars_023+88_MGA_2M13021347+2709280.fits
apogee.apo25m.stars.029+88_MGA.2M13021347+2709280,apogee_apo25m_stars_029+88_MGA_2M13021347+2709280.fits
apogee.apo25m.stars.042+87_MGA.2M13021347+2709280,apogee_apo25m_stars_042+87_MGA_2M13021347+2709280.fits
apogee.apo25m.stars.063+88_MGA.2M12535967+2811383,apogee_apo25m_stars_063+88_MGA_2M12535967+2811383.fits
apogee.apo25m.stars.076+88_MGA.2M12535967+2811383,apogee_apo25m_stars_076+88_MGA_2M12535967+2811383.fits
apogee.apo25m.stars.077+89_MGA.2M12535967+2811383,apogee_apo25m_stars_077+89_MGA_2M12535967+2811383.fits
apogee.apo25m.stars.045+89_MGA.2M13021347+2709280,apogee_apo25m_stars_045+89_MGA_2M13021347+2709280.fits
apogee.apo25m.stars.049+88_MGA.2M13021347+2709280,apogee_apo25m_stars_049+88_MGA_2M13021347+2709280.fits
apogee.apo25m.stars.052+87_MGA.2M13021347+2709280,apogee_apo25m_stars_052+87_MGA_2M13021347+2709280.fits
apogee.apo25m.stars.014+89_MGA.2M12550791+2742022,apogee_apo25m_stars_014+89_MGA_2M12550791+2742022.fits
apogee.apo25m.stars.023+88_MGA.2M12550791+2742022,apogee_apo25m_stars_023+88_MGA_2M12550791+2742022.fits
apogee.apo25m.stars.040+88_MGA.2M12550791+2742022,apogee_apo25m_stars_040+88_MGA_2M12550791+2742022.fits
apogee.apo25m.stars.053+88_MGA.2M13021347+2709280,apogee_apo25m_stars_053+88_MGA_2M13021347+2709280.fits
apogee.apo25m.stars.054+87_MGA.2M13021347+2709280,apogee_apo25m_stars_054+87_MGA_2M13021347+2709280.fits
apogee.apo25m.stars.059+89_MGA.2M13021347+2709280,apogee_apo25m_stars_059+89_MGA_2M13021347+2709280.fits
apogee.apo25m.stars.045+89_MGA.2M12550791+2742022,apogee_apo25m_stars_045+89_MGA_2M12550791+2742022.fits
apogee.apo25m.stars.053+88_MGA.2M12550791+2742022,apogee_apo25m_stars_053+88_MGA_2M12550791+2742022.fits
apogee.apo25m.stars.076+88_MGA.2M12550791+2742022,apogee_apo25m_stars_076+88_MGA_2M12550791+2742022.fits
apogee.apo25m.stars.040+88_MGA.2M13025250+2749475,apogee_apo25m_stars_040+88_MGA_2M13025250+2749475.fits
apogee.apo25m.stars.052+87_MGA.2M13025250+2749475,apogee_apo25m_stars_052+87_MGA_2M13025250+2749475.fits
apogee.apo25m.stars.054+87_MGA.2M13025250+2749475,apogee_apo25m_stars_054+87_MGA_2M13025250+2749475.fits
apogee.apo25m.stars.077+89_MGA.2M12550791+2742022,apogee_apo25m_stars_077+89_MGA_2M12550791+2742022.fits
apogee.apo25m.stars.101+89_MGA.2M12550791+2742022,apogee_apo25m_stars_101+89_MGA_2M12550791+2742022.fits
apogee.apo25m.stars.014+89_MGA.2M12563456+2750246,apogee_apo25m_stars_014+89_MGA_2M12563456+2750246.fits
apogee.apo25m.stars.023+88_MGA.2M12563456+2750246,apogee_apo25m_stars_023+88_MGA_2M12563456+2750246.fits
apogee.apo25m.stars.040+88_MGA.2M12563456+2750246,apogee_apo25m_stars_040+88_MGA_2M12563456+2750246.fits
apogee.apo25m.stars.045+89_MGA.2M12563456+2750246,apogee_apo25m_stars_045+89_MGA_2M12563456+2750246.fits
apogee.apo25m.stars.059+89_MGA.2M13025250+2749475,apogee_apo25m_stars_059+89_MGA_2M13025250+2749475.fits
apogee.apo25m.stars.062+88_MGA.2M13025250+2749475,apogee_apo25m_stars_062+88_MGA_2M13025250+2749475.fits
apogee.apo25m.stars.063+88_MGA.2M13025250+2749475,apogee_apo25m_stars_063+88_MGA_2M13025250+2749475.fits
apogee.apo25m.stars.059+89_MGA.2M12563456+2750246,apogee_apo25m_stars_059+89_MGA_2M12563456+2750246.fits
apogee.apo25m.stars.076+88_MGA.2M12563456+2750246,apogee_apo25m_stars_076+88_MGA_2M12563456+2750246.fits
apogee.apo25m.stars.077+89_MGA.2M12563456+2750246,apogee_apo25m_stars_077+89_MGA_2M12563456+2750246.fits
apogee.apo25m.stars.076+88_MGA.2M13025250+2749475,apogee_apo25m_stars_076+88_MGA_2M13025250+2749475.fits
apogee.apo25m.stars.042+87_MGA.2M13033113+2742275,apogee_apo25m_stars_042+87_MGA_2M13033113+2742275.fits
apogee.apo25m.stars.048+88_MGA.2M13033113+2742275,apogee_apo25m_stars_048+88_MGA_2M13033113+2742275.fits
apogee.apo25m.stars.049+88_MGA.2M13033113+2742275,apogee_apo25m_stars_049+88_MGA_2M13033113+2742275.fits
apogee.apo25m.stars.052+87_MGA.2M13033113+2742275,apogee_apo25m_stars_052+87_MGA_2M13033113+2742275.fits
apogee.apo25m.stars.059+89_MGA.2M13033113+2742275,apogee_apo25m_stars_059+89_MGA_2M13033113+2742275.fits
apogee.apo25m.stars.062+88_MGA.2M13033113+2742275,apogee_apo25m_stars_062+88_MGA_2M13033113+2742275.fits
apogee.apo25m.stars.063+88_MGA.2M13033113+2742275,apogee_apo25m_stars_063+88_MGA_2M13033113+2742275.fits
apogee.apo25m.stars.023+88_MGA.2M13034902+2739198,apogee_apo25m_stars_023+88_MGA_2M13034902+2739198.fits
apogee.apo25m.stars.029+88_MGA.2M13034902+2739198,apogee_apo25m_stars_029+88_MGA_2M13034902+2739198.fits
apogee.apo25m.stars.042+87_MGA.2M13034902+2739198,apogee_apo25m_stars_042+87_MGA_2M13034902+2739198.fits
apogee.apo25m.stars.048+88_MGA.2M13034902+2739198,apogee_apo25m_stars_048+88_MGA_2M13034902+2739198.fits
apogee.apo25m.stars.049+88_MGA.2M13034902+2739198,apogee_apo25m_stars_049+88_MGA_2M13034902+2739198.fits
apogee.apo25m.stars.052+87_MGA.2M13034902+2739198,apogee_apo25m_stars_052+87_MGA_2M13034902+2739198.fits
apogee.apo25m.stars.053+88_MGA.2M13034902+2739198,apogee_apo25m_stars_053+88_MGA_2M13034902+2739198.fits
apogee.apo25m.stars.062+88_MGA.2M13034902+2739198,apogee_apo25m_stars_062+88_MGA_2M13034902+2739198.fits
apogee.apo25m.stars.063+88_MGA.2M13034902+2739198,apogee_apo25m_stars_063+88_MGA_2M13034902+2739198.fits
apogee.apo25m.stars.040+88_MGA.2M13043112+2824273,apogee_apo25m_stars_040+88_MGA_2M13043112+2824273.fits
apogee.apo25m.stars.037+79_MGA.2M13372834+2610306,apogee_apo25m_stars_037+79_MGA_2M13372834+2610306.fits
apogee.apo25m.stars.030+79_MGA.2M13410311+2645182,apogee_apo25m_stars_030+79_MGA_2M13410311+2645182.fits
apogee.apo25m.stars.037+79_MGA.2M13410311+2645182,apogee_apo25m_stars_037+79_MGA_2M13410311+2645182.fits
apogee.apo25m.stars.033+43_MGA.2M16075209+1736058,apogee_apo25m_stars_033+43_MGA_2M16075209+1736058.fits
apogee.apo25m.stars.041+48_MGA.2M15552650+2558149,apogee_apo25m_stars_041+48_MGA_2M15552650+2558149.fits
apogee.apo25m.stars.044+49_MGA.2M15552650+2558149,apogee_apo25m_stars_044+49_MGA_2M15552650+2558149.fits
apogee.apo25m.stars.042+87_MGA.2M13043112+2824273,apogee_apo25m_stars_042+87_MGA_2M13043112+2824273.fits
apogee.apo25m.stars.049+88_MGA.2M13043112+2824273,apogee_apo25m_stars_049+88_MGA_2M13043112+2824273.fits
apogee.apo25m.stars.052+87_MGA.2M13043112+2824273,apogee_apo25m_stars_052+87_MGA_2M13043112+2824273.fits
apogee.apo25m.stars.054+87_MGA.2M13043112+2824273,apogee_apo25m_stars_054+87_MGA_2M13043112+2824273.fits
apogee.apo25m.stars.063+88_MGA.2M13043112+2824273,apogee_apo25m_stars_063+88_MGA_2M13043112+2824273.fits
apogee.apo25m.stars.064+86_MGA.2M13043112+2824273,apogee_apo25m_stars_064+86_MGA_2M13043112+2824273.fits
apogee.apo25m.stars.032+81_MGA.2M13260434+2740329,apogee_apo25m_stars_032+81_MGA_2M13260434+2740329.fits
apogee.apo25m.stars.041+81_MGA.2M13303587+2832264,apogee_apo25m_stars_041+81_MGA_2M13303587+2832264.fits
apogee.apo25m.stars.041+81_MGA.2M13310510+2906273,apogee_apo25m_stars_041+81_MGA_2M13310510+2906273.fits
apogee.apo25m.stars.041+81_MGA.2M13311807+2727542,apogee_apo25m_stars_041+81_MGA_2M13311807+2727542.fits
apogee.apo25m.stars.041+81_MGA.2M13324148+2706021,apogee_apo25m_stars_041+81_MGA_2M13324148+2706021.fits
apogee.apo25m.stars.041+81_MGA.2M13324854+2857321,apogee_apo25m_stars_041+81_MGA_2M13324854+2857321.fits
apogee.apo25m.stars.041+48_MGA.2M15561267+2551428,apogee_apo25m_stars_041+48_MGA_2M15561267+2551428.fits
apogee.apo25m.stars.044+49_MGA.2M15574543+2628111,apogee_apo25m_stars_044+49_MGA_2M15574543+2628111.fits
apogee.apo25m.stars.041+47_MGA.2M16021293+2501049,apogee_apo25m_stars_041+47_MGA_2M16021293+2501049.fits
apogee.apo25m.stars.056+88_MGA.2M13061991+2742241,apogee_apo25m_stars_056+88_MGA_2M13061991+2742241.fits
apogee.apo25m.stars.022+86_MGA.2M13065547+2704068,apogee_apo25m_stars_022+86_MGA_2M13065547+2704068.fits
apogee.apo25m.stars.040+88_MGA.2M13065547+2704068,apogee_apo25m_stars_040+88_MGA_2M13065547+2704068.fits
apogee.apo25m.stars.032+81_MGA.2M13350787+2707193,apogee_apo25m_stars_032+81_MGA_2M13350787+2707193.fits
apogee.apo25m.stars.041+81_MGA.2M13350787+2707193,apogee_apo25m_stars_041+81_MGA_2M13350787+2707193.fits
apogee.apo25m.stars.041-28_MGA.2M20402980-0552234,apogee_apo25m_stars_041-28_MGA_2M20402980-0552234.fits
apogee.apo25m.stars.041+48_MGA.2M16021293+2501049,apogee_apo25m_stars_041+48_MGA_2M16021293+2501049.fits
apogee.apo25m.stars.041+48_MGA.2M16041416+2518162,apogee_apo25m_stars_041+48_MGA_2M16041416+2518162.fits
apogee.apo25m.stars.041+53_MGA.2M15441654+2503230,apogee_apo25m_stars_041+53_MGA_2M15441654+2503230.fits
apogee.apo25m.stars.049+88_MGA.2M13065547+2704068,apogee_apo25m_stars_049+88_MGA_2M13065547+2704068.fits
apogee.apo25m.stars.040-27_MGA.2M20351297-0537457,apogee_apo25m_stars_040-27_MGA_2M20351297-0537457.fits
apogee.apo25m.stars.040-27_MGA.2M20362745-0451237,apogee_apo25m_stars_040-27_MGA_2M20362745-0451237.fits
apogee.apo25m.stars.040-27_MGA.2M20371141-0441564,apogee_apo25m_stars_040-27_MGA_2M20371141-0441564.fits
apogee.apo25m.stars.040-27_MGA.2M20371904-0705113,apogee_apo25m_stars_040-27_MGA_2M20371904-0705113.fits
apogee.apo25m.stars.040-27_MGA.2M20373261-0645529,apogee_apo25m_stars_040-27_MGA_2M20373261-0645529.fits
apogee.apo25m.stars.041-28_MGA.2M20423069-0701556,apogee_apo25m_stars_041-28_MGA_2M20423069-0701556.fits
apogee.apo25m.stars.040-27_MGA.2M20440689-0555001,apogee_apo25m_stars_040-27_MGA_2M20440689-0555001.fits
apogee.apo25m.stars.041-28_MGA.2M20444790-0637293,apogee_apo25m_stars_041-28_MGA_2M20444790-0637293.fits
apogee.apo25m.stars.041-28_MGA.2M20445359-0643022,apogee_apo25m_stars_041-28_MGA_2M20445359-0643022.fits
apogee.apo25m.stars.041-28_MGA.2M20453131-0707043,apogee_apo25m_stars_041-28_MGA_2M20453131-0707043.fits
apogee.apo25m.stars.041-28_MGA.2M20453642-0613369,apogee_apo25m_stars_041-28_MGA_2M20453642-0613369.fits
apogee.apo25m.stars.040-27_MGA.2M20385585-0617376,apogee_apo25m_stars_040-27_MGA_2M20385585-0617376.fits
apogee.apo25m.stars.040-27_MGA.2M20393807-0440414,apogee_apo25m_stars_040-27_MGA_2M20393807-0440414.fits
apogee.apo25m.stars.040-27_MGA.2M20440689-0555001,apogee_apo25m_stars_040-27_MGA_2M20440689-0555001.fits
apogee.apo25m.stars.041+50_MGA.2M15481763+2635305,apogee_apo25m_stars_041+50_MGA_2M15481763+2635305.fits
apogee.apo25m.stars.041+50_MGA.2M15511024+2635111,apogee_apo25m_stars_041+50_MGA_2M15511024+2635111.fits
apogee.apo25m.stars.041+48_MGA.2M15552650+2558149,apogee_apo25m_stars_041+48_MGA_2M15552650+2558149.fits
apogee.apo25m.stars.042+36_MGA.2M16470915+2257443,apogee_apo25m_stars_042+36_MGA_2M16470915+2257443.fits
apogee.apo25m.stars.044+37_MGA.2M16470915+2257443,apogee_apo25m_stars_044+37_MGA_2M16470915+2257443.fits
apogee.apo25m.stars.042+36_MGA.2M16473934+2248331,apogee_apo25m_stars_042+36_MGA_2M16473934+2248331.fits
apogee.apo25m.stars.042+36_MGA.2M16474251+2315441,apogee_apo25m_stars_042+36_MGA_2M16474251+2315441.fits
apogee.apo25m.stars.042+36_MGA.2M16475294+2309128,apogee_apo25m_stars_042+36_MGA_2M16475294+2309128.fits
apogee.apo25m.stars.042+36_MGA.2M16481955+2349048,apogee_apo25m_stars_042+36_MGA_2M16481955+2349048.fits
apogee.apo25m.stars.044+49_MGA.2M15552650+2558149,apogee_apo25m_stars_044+49_MGA_2M15552650+2558149.fits
apogee.apo25m.stars.041+53_MGA.2M15355072+2614223,apogee_apo25m_stars_041+53_MGA_2M15355072+2614223.fits
apogee.apo25m.stars.041+53_MGA.2M15362859+2604123,apogee_apo25m_stars_041+53_MGA_2M15362859+2604123.fits
apogee.apo25m.stars.040-27_MGA.2M20444741-0533422,apogee_apo25m_stars_040-27_MGA_2M20444741-0533422.fits
apogee.apo25m.stars.040-27_MGA.2M20460541-0604558,apogee_apo25m_stars_040-27_MGA_2M20460541-0604558.fits
apogee.apo25m.stars.039+46_MGA.2M16012254+2420021,apogee_apo25m_stars_039+46_MGA_2M16012254+2420021.fits
apogee.apo25m.stars.041+47_MGA.2M16012254+2420021,apogee_apo25m_stars_041+47_MGA_2M16012254+2420021.fits
apogee.apo25m.stars.041+47_MGA.2M16021293+2501049,apogee_apo25m_stars_041+47_MGA_2M16021293+2501049.fits
apogee.apo25m.stars.041+48_MGA.2M16021293+2501049,apogee_apo25m_stars_041+48_MGA_2M16021293+2501049.fits
apogee.apo25m.stars.041+53_MGA.2M15370670+2659192,apogee_apo25m_stars_041+53_MGA_2M15370670+2659192.fits
apogee.apo25m.stars.041+53_MGA.2M15372287+2644437,apogee_apo25m_stars_041+53_MGA_2M15372287+2644437.fits
apogee.apo25m.stars.044+54_MGA.2M15372287+2644437,apogee_apo25m_stars_044+54_MGA_2M15372287+2644437.fits
apogee.apo25m.stars.041+47_MGA.2M16021731+2329355,apogee_apo25m_stars_041+47_MGA_2M16021731+2329355.fits
apogee.apo25m.stars.039+46_MGA.2M16021853+2331494,apogee_apo25m_stars_039+46_MGA_2M16021853+2331494.fits
apogee.apo25m.stars.041+47_MGA.2M16021853+2331494,apogee_apo25m_stars_041+47_MGA_2M16021853+2331494.fits
apogee.apo25m.stars.041+53_MGA.2M15381998+2524125,apogee_apo25m_stars_041+53_MGA_2M15381998+2524125.fits
apogee.apo25m.stars.041+53_MGA.2M15385516+2614333,apogee_apo25m_stars_041+53_MGA_2M15385516+2614333.fits
apogee.apo25m.stars.041+53_MGA.2M15391886+2538267,apogee_apo25m_stars_041+53_MGA_2M15391886+2538267.fits
apogee.apo25m.stars.038+48_MGA.2M16031748+2324347,apogee_apo25m_stars_038+48_MGA_2M16031748+2324347.fits
apogee.apo25m.stars.039+46_MGA.2M16031748+2324347,apogee_apo25m_stars_039+46_MGA_2M16031748+2324347.fits
apogee.apo25m.stars.041+47_MGA.2M16031748+2324347,apogee_apo25m_stars_041+47_MGA_2M16031748+2324347.fits
apogee.apo25m.stars.041+53_MGA.2M15402723+2631552,apogee_apo25m_stars_041+53_MGA_2M15402723+2631552.fits
apogee.apo25m.stars.041+53_MGA.2M15405576+2704335,apogee_apo25m_stars_041+53_MGA_2M15405576+2704335.fits
apogee.apo25m.stars.041+53_MGA.2M15412111+2643003,apogee_apo25m_stars_041+53_MGA_2M15412111+2643003.fits
apogee.apo25m.stars.041+47_MGA.2M16044367+2534429,apogee_apo25m_stars_041+47_MGA_2M16044367+2534429.fits
apogee.apo25m.stars.041+47_MGA.2M16051566+2550381,apogee_apo25m_stars_041+47_MGA_2M16051566+2550381.fits
apogee.apo25m.stars.039+46_MGA.2M16063730+2351334,apogee_apo25m_stars_039+46_MGA_2M16063730+2351334.fits
apogee.apo25m.stars.041+53_MGA.2M15441654+2503230,apogee_apo25m_stars_041+53_MGA_2M15441654+2503230.fits
apogee.apo25m.stars.041+50_MGA.2M15444091+2545581,apogee_apo25m_stars_041+50_MGA_2M15444091+2545581.fits
apogee.apo25m.stars.041+53_MGA.2M15444091+2545581,apogee_apo25m_stars_041+53_MGA_2M15444091+2545581.fits
apogee.apo25m.stars.041+47_MGA.2M16072351+2609413,apogee_apo25m_stars_041+47_MGA_2M16072351+2609413.fits
apogee.apo25m.stars.043+46_MGA.2M16072351+2609413,apogee_apo25m_stars_043+46_MGA_2M16072351+2609413.fits
apogee.apo25m.stars.041+47_MGA.2M16073593+2511159,apogee_apo25m_stars_041+47_MGA_2M16073593+2511159.fits
apogee.apo25m.stars.040+38_MGA.2M16405066+2129495,apogee_apo25m_stars_040+38_MGA_2M16405066+2129495.fits
apogee.apo25m.stars.040+36_MGA.2M16453342+2155187,apogee_apo25m_stars_040+36_MGA_2M16453342+2155187.fits
apogee.apo25m.stars.043+46_MGA.2M16095434+2703263,apogee_apo25m_stars_043+46_MGA_2M16095434+2703263.fits
apogee.apo25m.stars.042+45_MGA.2M16073593+2511159,apogee_apo25m_stars_042+45_MGA_2M16073593+2511159.fits
apogee.apo25m.stars.041+47_MGA.2M16080110+2545246,apogee_apo25m_stars_041+47_MGA_2M16080110+2545246.fits
apogee.apo25m.stars.042+45_MGA.2M16080110+2545246,apogee_apo25m_stars_042+45_MGA_2M16080110+2545246.fits
apogee.apo25m.stars.042+36_MGA.2M16511248+2340402,apogee_apo25m_stars_042+36_MGA_2M16511248+2340402.fits
apogee.apo25m.stars.042+36_MGA.2M16515094+2214320,apogee_apo25m_stars_042+36_MGA_2M16515094+2214320.fits
apogee.apo25m.stars.042+36_MGA.2M16534226+2408376,apogee_apo25m_stars_042+36_MGA_2M16534226+2408376.fits
apogee.apo25m.stars.042-31_MGA.2M21000618-0505398,apogee_apo25m_stars_042-31_MGA_2M21000618-0505398.fits
apogee.apo25m.stars.042-31_MGA.2M21010547-0703301,apogee_apo25m_stars_042-31_MGA_2M21010547-0703301.fits
apogee.apo25m.stars.042-31_MGA.2M21035536-0635230,apogee_apo25m_stars_042-31_MGA_2M21035536-0635230.fits
apogee.apo25m.stars.043+46_MGA.2M16080110+2545246,apogee_apo25m_stars_043+46_MGA_2M16080110+2545246.fits
apogee.apo25m.stars.044+47_MGA.2M16080110+2545246,apogee_apo25m_stars_044+47_MGA_2M16080110+2545246.fits
apogee.apo25m.stars.039+46_MGA.2M16085324+2342555,apogee_apo25m_stars_039+46_MGA_2M16085324+2342555.fits
apogee.apo25m.stars.044+37_MGA.2M16511968+2456071,apogee_apo25m_stars_044+37_MGA_2M16511968+2456071.fits
apogee.apo25m.stars.044+37_MGA.2M16531949+2503546,apogee_apo25m_stars_044+37_MGA_2M16531949+2503546.fits
apogee.apo25m.stars.042+36_MGA.2M16534226+2408376,apogee_apo25m_stars_042+36_MGA_2M16534226+2408376.fits
apogee.apo25m.stars.044+47_MGA.2M16095434+2703263,apogee_apo25m_stars_044+47_MGA_2M16095434+2703263.fits
apogee.apo25m.stars.043+46_MGA.2M16140177+2654079,apogee_apo25m_stars_043+46_MGA_2M16140177+2654079.fits
apogee.apo25m.stars.046+45_MGA.2M16140177+2654079,apogee_apo25m_stars_046+45_MGA_2M16140177+2654079.fits
apogee.apo25m.stars.041+47_MGA.2M16094263+2547501,apogee_apo25m_stars_041+47_MGA_2M16094263+2547501.fits
apogee.apo25m.stars.042+45_MGA.2M16094263+2547501,apogee_apo25m_stars_042+45_MGA_2M16094263+2547501.fits
apogee.apo25m.stars.041+47_MGA.2M16101000+2510228,apogee_apo25m_stars_041+47_MGA_2M16101000+2510228.fits
apogee.apo25m.stars.044+37_MGA.2M16541793+2319394,apogee_apo25m_stars_044+37_MGA_2M16541793+2319394.fits
apogee.apo25m.stars.042+41_MGA.2M16360390+2408426,apogee_apo25m_stars_042+41_MGA_2M16360390+2408426.fits
apogee.apo25m.stars.044+40_MGA.2M16360390+2408426,apogee_apo25m_stars_044+40_MGA_2M16360390+2408426.fits
apogee.apo25m.stars.043+32_MGA.2M17042298+2306418,apogee_apo25m_stars_043+32_MGA_2M17042298+2306418.fits
apogee.apo25m.stars.043+32_MGA.2M17051208+2129469,apogee_apo25m_stars_043+32_MGA_2M17051208+2129469.fits
apogee.apo25m.stars.043+32_MGA.2M17054676+2251121,apogee_apo25m_stars_043+32_MGA_2M17054676+2251121.fits
apogee.apo25m.stars.042+36_MGA.2M16542714+2305023,apogee_apo25m_stars_042+36_MGA_2M16542714+2305023.fits
apogee.apo25m.stars.042+36_MGA.2M16561863+2302446,apogee_apo25m_stars_042+36_MGA_2M16561863+2302446.fits
apogee.apo25m.stars.042+43_MGA.2M16243438+2357506,apogee_apo25m_stars_042+43_MGA_2M16243438+2357506.fits
apogee.apo25m.stars.044+40_MGA.2M16364191+2338236,apogee_apo25m_stars_044+40_MGA_2M16364191+2338236.fits
apogee.apo25m.stars.044+40_MGA.2M16365466+2614444,apogee_apo25m_stars_044+40_MGA_2M16365466+2614444.fits
apogee.apo25m.stars.044+40_MGA.2M16370550+2421102,apogee_apo25m_stars_044+40_MGA_2M16370550+2421102.fits
apogee.apo25m.stars.037+85_MGA.2M13182884+2742285,apogee_apo25m_stars_037+85_MGA_2M13182884+2742285.fits
apogee.apo25m.stars.038+00.2M18585957+0304579,apogee_apo25m_stars_038+00_2M18585957+0304579.fits
apogee.apo25m.stars.023+88_MGA.2M12583057+2756388,apogee_apo25m_stars_023+88_MGA_2M12583057+2756388.fits
apogee.apo25m.stars.043+32_MGA.2M17060740+2034127,apogee_apo25m_stars_043+32_MGA_2M17060740+2034127.fits
apogee.apo25m.stars.043+32_MGA.2M17102468+2141441,apogee_apo25m_stars_043+32_MGA_2M17102468+2141441.fits
apogee.apo25m.stars.043+32_MGA.2M17110681+2135201,apogee_apo25m_stars_043+32_MGA_2M17110681+2135201.fits
apogee.apo25m.stars.042+41_MGA.2M16263677+2414428,apogee_apo25m_stars_042+41_MGA_2M16263677+2414428.fits
apogee.apo25m.stars.042+43_MGA.2M16263677+2414428,apogee_apo25m_stars_042+43_MGA_2M16263677+2414428.fits
apogee.apo25m.stars.042+43_MGA.2M16263953+2405241,apogee_apo25m_stars_042+43_MGA_2M16263953+2405241.fits
apogee.apo25m.stars.043+46_MGA.2M16140641+2538507,apogee_apo25m_stars_043+46_MGA_2M16140641+2538507.fits
apogee.apo25m.stars.044+49_MGA.2M15531501+2743401,apogee_apo25m_stars_044+49_MGA_2M15531501+2743401.fits
apogee.apo25m.stars.044+49_MGA.2M15574543+2628111,apogee_apo25m_stars_044+49_MGA_2M15574543+2628111.fits
apogee.apo25m.stars.029+88_MGA.2M12583057+2756388,apogee_apo25m_stars_029+88_MGA_2M12583057+2756388.fits
apogee.apo25m.stars.040+88_MGA.2M12583057+2756388,apogee_apo25m_stars_040+88_MGA_2M12583057+2756388.fits
apogee.apo25m.stars.042+87_MGA.2M12583057+2756388,apogee_apo25m_stars_042+87_MGA_2M12583057+2756388.fits
apogee.apo25m.stars.044+40_MGA.2M16375023+2551028,apogee_apo25m_stars_044+40_MGA_2M16375023+2551028.fits
apogee.apo25m.stars.044+42_MGA.2M16261114+2555589,apogee_apo25m_stars_044+42_MGA_2M16261114+2555589.fits
apogee.apo25m.stars.045+42_MGA.2M16261114+2555589,apogee_apo25m_stars_045+42_MGA_2M16261114+2555589.fits
apogee.apo25m.stars.045+89_MGA.2M12583057+2756388,apogee_apo25m_stars_045+89_MGA_2M12583057+2756388.fits
apogee.apo25m.stars.048+88_MGA.2M12583057+2756388,apogee_apo25m_stars_048+88_MGA_2M12583057+2756388.fits
apogee.apo25m.stars.053+88_MGA.2M12583057+2756388,apogee_apo25m_stars_053+88_MGA_2M12583057+2756388.fits
apogee.apo25m.stars.044+42_MGA.2M16261223+2626538,apogee_apo25m_stars_044+42_MGA_2M16261223+2626538.fits
apogee.apo25m.stars.045+42_MGA.2M16261223+2626538,apogee_apo25m_stars_045+42_MGA_2M16261223+2626538.fits
apogee.apo25m.stars.044+42_MGA.2M16261690+2607024,apogee_apo25m_stars_044+42_MGA_2M16261690+2607024.fits
apogee.apo25m.stars.044+49_MGA.2M15574958+2800060,apogee_apo25m_stars_044+49_MGA_2M15574958+2800060.fits
apogee.apo25m.stars.044+49_MGA.2M15594268+2659333,apogee_apo25m_stars_044+49_MGA_2M15594268+2659333.fits
apogee.apo25m.stars.044+47_MGA.2M16010481+2639362,apogee_apo25m_stars_044+47_MGA_2M16010481+2639362.fits
apogee.apo25m.stars.059+89_MGA.2M12583057+2756388,apogee_apo25m_stars_059+89_MGA_2M12583057+2756388.fits
apogee.apo25m.stars.076+88_MGA.2M12583057+2756388,apogee_apo25m_stars_076+88_MGA_2M12583057+2756388.fits
apogee.apo25m.stars.077+89_MGA.2M12583057+2756388,apogee_apo25m_stars_077+89_MGA_2M12583057+2756388.fits
apogee.apo25m.stars.044+42_MGA.2M16263970+2621396,apogee_apo25m_stars_044+42_MGA_2M16263970+2621396.fits
apogee.apo25m.stars.044+42_MGA.2M16271357+2517548,apogee_apo25m_stars_044+42_MGA_2M16271357+2517548.fits
apogee.apo25m.stars.045+42_MGA.2M16271357+2517548,apogee_apo25m_stars_045+42_MGA_2M16271357+2517548.fits
apogee.apo25m.stars.101+89_MGA.2M12583057+2756388,apogee_apo25m_stars_101+89_MGA_2M12583057+2756388.fits
apogee.apo25m.stars.014+89_MGA.2M12585388+2630367,apogee_apo25m_stars_014+89_MGA_2M12585388+2630367.fits
apogee.apo25m.stars.042+87_MGA.2M12585388+2630367,apogee_apo25m_stars_042+87_MGA_2M12585388+2630367.fits
apogee.apo25m.stars.044+49_MGA.2M16010481+2639362,apogee_apo25m_stars_044+49_MGA_2M16010481+2639362.fits
apogee.apo25m.stars.044+35_MGA.2M16530370+2349458,apogee_apo25m_stars_044+35_MGA_2M16530370+2349458.fits
apogee.apo25m.stars.042+36_MGA.2M16534226+2408376,apogee_apo25m_stars_042+36_MGA_2M16534226+2408376.fits
apogee.apo25m.stars.045+89_MGA.2M12585388+2630367,apogee_apo25m_stars_045+89_MGA_2M12585388+2630367.fits
apogee.apo25m.stars.049+88_MGA.2M12585388+2630367,apogee_apo25m_stars_049+88_MGA_2M12585388+2630367.fits
apogee.apo25m.stars.056+88_MGA.2M12585388+2630367,apogee_apo25m_stars_056+88_MGA_2M12585388+2630367.fits
apogee.apo25m.stars.062+88_MGA.2M12585388+2630367,apogee_apo25m_stars_062+88_MGA_2M12585388+2630367.fits
apogee.apo25m.stars.014+89_MGA.2M12591811+2702546,apogee_apo25m_stars_014+89_MGA_2M12591811+2702546.fits
apogee.apo25m.stars.045+89_MGA.2M12591811+2702546,apogee_apo25m_stars_045+89_MGA_2M12591811+2702546.fits
apogee.apo25m.stars.044+35_MGA.2M16542372+2205045,apogee_apo25m_stars_044+35_MGA_2M16542372+2205045.fits
apogee.apo25m.stars.045+36_MGA.2M16552768+2429195,apogee_apo25m_stars_045+36_MGA_2M16552768+2429195.fits
apogee.apo25m.stars.044+35_MGA.2M16552867+2313562,apogee_apo25m_stars_044+35_MGA_2M16552867+2313562.fits
apogee.apo25m.stars.044+42_MGA.2M16281110+2408111,apogee_apo25m_stars_044+42_MGA_2M16281110+2408111.fits
apogee.apo25m.stars.044+42_MGA.2M16303593+2555090,apogee_apo25m_stars_044+42_MGA_2M16303593+2555090.fits
apogee.apo25m.stars.044+42_MGA.2M16324820+2558163,apogee_apo25m_stars_044+42_MGA_2M16324820+2558163.fits
apogee.apo25m.stars.048+88_MGA.2M12591811+2702546,apogee_apo25m_stars_048+88_MGA_2M12591811+2702546.fits
apogee.apo25m.stars.049+88_MGA.2M12591811+2702546,apogee_apo25m_stars_049+88_MGA_2M12591811+2702546.fits
apogee.apo25m.stars.054+87_MGA.2M12591811+2702546,apogee_apo25m_stars_054+87_MGA_2M12591811+2702546.fits
apogee.apo25m.stars.043+46_MGA.2M16060181+2611001,apogee_apo25m_stars_043+46_MGA_2M16060181+2611001.fits
apogee.apo25m.stars.044+47_MGA.2M16073383+2616321,apogee_apo25m_stars_044+47_MGA_2M16073383+2616321.fits
apogee.apo25m.stars.041+47_MGA.2M16080110+2545246,apogee_apo25m_stars_041+47_MGA_2M16080110+2545246.fits
apogee.apo25m.stars.056+88_MGA.2M12591811+2702546,apogee_apo25m_stars_056+88_MGA_2M12591811+2702546.fits
apogee.apo25m.stars.063+88_MGA.2M12591811+2702546,apogee_apo25m_stars_063+88_MGA_2M12591811+2702546.fits
apogee.apo25m.stars.077+89_MGA.2M12591811+2702546,apogee_apo25m_stars_077+89_MGA_2M12591811+2702546.fits
apogee.apo25m.stars.042+45_MGA.2M16080110+2545246,apogee_apo25m_stars_042+45_MGA_2M16080110+2545246.fits
apogee.apo25m.stars.043+46_MGA.2M16080110+2545246,apogee_apo25m_stars_043+46_MGA_2M16080110+2545246.fits
apogee.apo25m.stars.044+47_MGA.2M16080110+2545246,apogee_apo25m_stars_044+47_MGA_2M16080110+2545246.fits
apogee.apo25m.stars.044+35_MGA.2M16554103+2415240,apogee_apo25m_stars_044+35_MGA_2M16554103+2415240.fits
apogee.apo25m.stars.044+35_MGA.2M16565349+2201050,apogee_apo25m_stars_044+35_MGA_2M16565349+2201050.fits
apogee.apo25m.stars.044+35_MGA.2M16582501+2204535,apogee_apo25m_stars_044+35_MGA_2M16582501+2204535.fits
apogee.apo25m.stars.044+42_MGA.2M16325586+2558019,apogee_apo25m_stars_044+42_MGA_2M16325586+2558019.fits
apogee.apo25m.stars.044+47_MGA.2M16010481+2639362,apogee_apo25m_stars_044+47_MGA_2M16010481+2639362.fits
apogee.apo25m.stars.044+49_MGA.2M16010481+2639362,apogee_apo25m_stars_044+49_MGA_2M16010481+2639362.fits
apogee.apo25m.stars.043+46_MGA.2M16095434+2703263,apogee_apo25m_stars_043+46_MGA_2M16095434+2703263.fits
apogee.apo25m.stars.044+47_MGA.2M16095434+2703263,apogee_apo25m_stars_044+47_MGA_2M16095434+2703263.fits
apogee.apo25m.stars.044+49_MGA.2M15515950+2730283,apogee_apo25m_stars_044+49_MGA_2M15515950+2730283.fits
apogee.apo25m.stars.044+49_MGA.2M16012869+2621593,apogee_apo25m_stars_044+49_MGA_2M16012869+2621593.fits
apogee.apo25m.stars.044+47_MGA.2M16020084+2750512,apogee_apo25m_stars_044+47_MGA_2M16020084+2750512.fits
apogee.apo25m.stars.044+49_MGA.2M16020084+2750512,apogee_apo25m_stars_044+49_MGA_2M16020084+2750512.fits
apogee.apo25m.stars.029+88_MGA.2M13014078+2616267,apogee_apo25m_stars_029+88_MGA_2M13014078+2616267.fits
apogee.apo25m.stars.042+87_MGA.2M13014078+2616267,apogee_apo25m_stars_042+87_MGA_2M13014078+2616267.fits
apogee.apo25m.stars.048+88_MGA.2M13014078+2616267,apogee_apo25m_stars_048+88_MGA_2M13014078+2616267.fits
apogee.apo25m.stars.044+49_MGA.2M15520853+2737167,apogee_apo25m_stars_044+49_MGA_2M15520853+2737167.fits
apogee.apo25m.stars.044+49_MGA.2M15531501+2743401,apogee_apo25m_stars_044+49_MGA_2M15531501+2743401.fits
apogee.apo25m.stars.041+48_MGA.2M15552650+2558149,apogee_apo25m_stars_041+48_MGA_2M15552650+2558149.fits
apogee.apo25m.stars.044+37_MGA.2M16440173+2412250,apogee_apo25m_stars_044+37_MGA_2M16440173+2412250.fits
apogee.apo25m.stars.044+37_MGA.2M16464692+2359220,apogee_apo25m_stars_044+37_MGA_2M16464692+2359220.fits
apogee.apo25m.stars.044+37_MGA.2M16465621+2304065,apogee_apo25m_stars_044+37_MGA_2M16465621+2304065.fits
apogee.apo25m.stars.350+87_MGA.2M13014078+2616267,apogee_apo25m_stars_350+87_MGA_2M13014078+2616267.fits
apogee.apo25m.stars.023+88_MGA.2M13021347+2709280,apogee_apo25m_stars_023+88_MGA_2M13021347+2709280.fits
apogee.apo25m.stars.029+88_MGA.2M13021347+2709280,apogee_apo25m_stars_029+88_MGA_2M13021347+2709280.fits
apogee.apo25m.stars.042+87_MGA.2M13021347+2709280,apogee_apo25m_stars_042+87_MGA_2M13021347+2709280.fits
apogee.apo25m.stars.045+89_MGA.2M13021347+2709280,apogee_apo25m_stars_045+89_MGA_2M13021347+2709280.fits
apogee.apo25m.stars.049+88_MGA.2M13021347+2709280,apogee_apo25m_stars_049+88_MGA_2M13021347+2709280.fits
apogee.apo25m.stars.042+43_MGA.2M16154783+2508241,apogee_apo25m_stars_042+43_MGA_2M16154783+2508241.fits
apogee.apo25m.stars.042+45_MGA.2M16154783+2508241,apogee_apo25m_stars_042+45_MGA_2M16154783+2508241.fits
apogee.apo25m.stars.043+44_MGA.2M16195924+2516342,apogee_apo25m_stars_043+44_MGA_2M16195924+2516342.fits
apogee.apo25m.stars.052+87_MGA.2M13021347+2709280,apogee_apo25m_stars_052+87_MGA_2M13021347+2709280.fits
apogee.apo25m.stars.053+88_MGA.2M13021347+2709280,apogee_apo25m_stars_053+88_MGA_2M13021347+2709280.fits
apogee.apo25m.stars.054+87_MGA.2M13021347+2709280,apogee_apo25m_stars_054+87_MGA_2M13021347+2709280.fits
apogee.apo25m.stars.042+43_MGA.2M16200596+2444275,apogee_apo25m_stars_042+43_MGA_2M16200596+2444275.fits
apogee.apo25m.stars.043+44_MGA.2M16200596+2444275,apogee_apo25m_stars_043+44_MGA_2M16200596+2444275.fits
apogee.apo25m.stars.043+44_MGA.2M16201757+2630466,apogee_apo25m_stars_043+44_MGA_2M16201757+2630466.fits
apogee.apo25m.stars.059+89_MGA.2M13021347+2709280,apogee_apo25m_stars_059+89_MGA_2M13021347+2709280.fits
apogee.apo25m.stars.042+87_MGA.2M13033113+2742275,apogee_apo25m_stars_042+87_MGA_2M13033113+2742275.fits
apogee.apo25m.stars.048+88_MGA.2M13033113+2742275,apogee_apo25m_stars_048+88_MGA_2M13033113+2742275.fits
apogee.apo25m.stars.049+88_MGA.2M13033113+2742275,apogee_apo25m_stars_049+88_MGA_2M13033113+2742275.fits
apogee.apo25m.stars.052+87_MGA.2M13033113+2742275,apogee_apo25m_stars_052+87_MGA_2M13033113+2742275.fits
apogee.apo25m.stars.059+89_MGA.2M13033113+2742275,apogee_apo25m_stars_059+89_MGA_2M13033113+2742275.fits
apogee.apo25m.stars.044+49_MGA.2M15552650+2558149,apogee_apo25m_stars_044+49_MGA_2M15552650+2558149.fits
apogee.apo25m.stars.044+49_MGA.2M15553289+2726572,apogee_apo25m_stars_044+49_MGA_2M15553289+2726572.fits
apogee.apo25m.stars.044+49_MGA.2M15565873+2754451,apogee_apo25m_stars_044+49_MGA_2M15565873+2754451.fits
apogee.apo25m.stars.043+44_MGA.2M16230299+2547263,apogee_apo25m_stars_043+44_MGA_2M16230299+2547263.fits
apogee.apo25m.stars.042+43_MGA.2M16234487+2439455,apogee_apo25m_stars_042+43_MGA_2M16234487+2439455.fits
apogee.apo25m.stars.043+46_MGA.2M16060181+2611001,apogee_apo25m_stars_043+46_MGA_2M16060181+2611001.fits
apogee.apo25m.stars.062+88_MGA.2M13033113+2742275,apogee_apo25m_stars_062+88_MGA_2M13033113+2742275.fits
apogee.apo25m.stars.063+88_MGA.2M13033113+2742275,apogee_apo25m_stars_063+88_MGA_2M13033113+2742275.fits
apogee.apo25m.stars.029+88_MGA.2M13033828+2711582,apogee_apo25m_stars_029+88_MGA_2M13033828+2711582.fits
apogee.apo25m.stars.042+87_MGA.2M13033828+2711582,apogee_apo25m_stars_042+87_MGA_2M13033828+2711582.fits
apogee.apo25m.stars.023+88_MGA.2M13034902+2739198,apogee_apo25m_stars_023+88_MGA_2M13034902+2739198.fits
apogee.apo25m.stars.029+88_MGA.2M13034902+2739198,apogee_apo25m_stars_029+88_MGA_2M13034902+2739198.fits
apogee.apo25m.stars.041+48_MGA.2M15571395+2553302,apogee_apo25m_stars_041+48_MGA_2M15571395+2553302.fits
apogee.apo25m.stars.044+49_MGA.2M15574543+2628111,apogee_apo25m_stars_044+49_MGA_2M15574543+2628111.fits
apogee.apo25m.stars.044+49_MGA.2M15594268+2659333,apogee_apo25m_stars_044+49_MGA_2M15594268+2659333.fits
apogee.apo25m.stars.042+87_MGA.2M13034902+2739198,apogee_apo25m_stars_042+87_MGA_2M13034902+2739198.fits
apogee.apo25m.stars.048+88_MGA.2M13034902+2739198,apogee_apo25m_stars_048+88_MGA_2M13034902+2739198.fits
apogee.apo25m.stars.049+88_MGA.2M13034902+2739198,apogee_apo25m_stars_049+88_MGA_2M13034902+2739198.fits
apogee.apo25m.stars.044+47_MGA.2M16010481+2639362,apogee_apo25m_stars_044+47_MGA_2M16010481+2639362.fits
apogee.apo25m.stars.044+49_MGA.2M16010481+2639362,apogee_apo25m_stars_044+49_MGA_2M16010481+2639362.fits
apogee.apo25m.stars.044+49_MGA.2M16012869+2621593,apogee_apo25m_stars_044+49_MGA_2M16012869+2621593.fits
apogee.apo25m.stars.052+87_MGA.2M13034902+2739198,apogee_apo25m_stars_052+87_MGA_2M13034902+2739198.fits
apogee.apo25m.stars.053+88_MGA.2M13034902+2739198,apogee_apo25m_stars_053+88_MGA_2M13034902+2739198.fits
apogee.apo25m.stars.062+88_MGA.2M13034902+2739198,apogee_apo25m_stars_062+88_MGA_2M13034902+2739198.fits
apogee.apo25m.stars.044+49_MGA.2M16024702+2718181,apogee_apo25m_stars_044+49_MGA_2M16024702+2718181.fits
apogee.apo25m.stars.044+49_MGA.2M16034493+2659449,apogee_apo25m_stars_044+49_MGA_2M16034493+2659449.fits
apogee.apo25m.stars.041+53_MGA.2M15405576+2704335,apogee_apo25m_stars_041+53_MGA_2M15405576+2704335.fits
apogee.apo25m.stars.042+36_MGA.2M16470915+2257443,apogee_apo25m_stars_042+36_MGA_2M16470915+2257443.fits
apogee.apo25m.stars.044+37_MGA.2M16470915+2257443,apogee_apo25m_stars_044+37_MGA_2M16470915+2257443.fits
apogee.apo25m.stars.045+42_MGA.2M16285808+2734503,apogee_apo25m_stars_045+42_MGA_2M16285808+2734503.fits
apogee.apo25m.stars.046+48_MGA.2M16020084+2750512,apogee_apo25m_stars_046+48_MGA_2M16020084+2750512.fits
apogee.apo25m.stars.045+30.2M17211688+2354208,apogee_apo25m_stars_045+30_2M17211688+2354208.fits
apogee.apo25m.stars.044+37_MGA.2M16525075+2512206,apogee_apo25m_stars_044+37_MGA_2M16525075+2512206.fits
apogee.apo25m.stars.063+88_MGA.2M13034902+2739198,apogee_apo25m_stars_063+88_MGA_2M13034902+2739198.fits
apogee.apo25m.stars.049+88_MGA.2M13042925+2836127,apogee_apo25m_stars_049+88_MGA_2M13042925+2836127.fits
apogee.apo25m.stars.052+87_MGA.2M13042925+2836127,apogee_apo25m_stars_052+87_MGA_2M13042925+2836127.fits
apogee.apo25m.stars.044+54_MGA.2M15355084+2739282,apogee_apo25m_stars_044+54_MGA_2M15355084+2739282.fits
apogee.apo25m.stars.048+55_MGA.2M15355223+2932414,apogee_apo25m_stars_048+55_MGA_2M15355223+2932414.fits
apogee.apo25m.stars.044+54_MGA.2M15355719+2838010,apogee_apo25m_stars_044+54_MGA_2M15355719+2838010.fits
apogee.apo25m.stars.045+42_MGA.2M16293659+2632463,apogee_apo25m_stars_045+42_MGA_2M16293659+2632463.fits
apogee.apo25m.stars.045+42_MGA.2M16295577+2730344,apogee_apo25m_stars_045+42_MGA_2M16295577+2730344.fits
apogee.apo25m.stars.045+42_MGA.2M16302030+2609593,apogee_apo25m_stars_045+42_MGA_2M16302030+2609593.fits
apogee.apo25m.stars.045+36_MGA.2M16525075+2512206,apogee_apo25m_stars_045+36_MGA_2M16525075+2512206.fits
apogee.apo25m.stars.045+36_MGA.2M16530650+2535251,apogee_apo25m_stars_045+36_MGA_2M16530650+2535251.fits
apogee.apo25m.stars.046+38_MGA.2M16530650+2535251,apogee_apo25m_stars_046+38_MGA_2M16530650+2535251.fits
apogee.apo25m.stars.054+87_MGA.2M13042925+2836127,apogee_apo25m_stars_054+87_MGA_2M13042925+2836127.fits
apogee.apo25m.stars.062+88_MGA.2M13042925+2836127,apogee_apo25m_stars_062+88_MGA_2M13042925+2836127.fits
apogee.apo25m.stars.040+88_MGA.2M13043112+2824273,apogee_apo25m_stars_040+88_MGA_2M13043112+2824273.fits
apogee.apo25m.stars.044+51_MGA.2M15444359+2834310,apogee_apo25m_stars_044+51_MGA_2M15444359+2834310.fits
apogee.apo25m.stars.044+51_MGA.2M15455320+2647061,apogee_apo25m_stars_044+51_MGA_2M15455320+2647061.fits
apogee.apo25m.stars.044+51_MGA.2M15502959+2708473,apogee_apo25m_stars_044+51_MGA_2M15502959+2708473.fits
apogee.apo25m.stars.042+87_MGA.2M13043112+2824273,apogee_apo25m_stars_042+87_MGA_2M13043112+2824273.fits
apogee.apo25m.stars.049+88_MGA.2M13043112+2824273,apogee_apo25m_stars_049+88_MGA_2M13043112+2824273.fits
apogee.apo25m.stars.052+87_MGA.2M13043112+2824273,apogee_apo25m_stars_052+87_MGA_2M13043112+2824273.fits
apogee.apo25m.stars.045+12.2M18331868+1700301,apogee_apo25m_stars_045+12_2M18331868+1700301.fits
apogee.apo25m.stars.045+12.2M18334323+1707244,apogee_apo25m_stars_045+12_2M18334323+1707244.fits
apogee.apo25m.stars.045+30.2M17161083+2304117,apogee_apo25m_stars_045+30_2M17161083+2304117.fits
apogee.apo25m.stars.045+36_MGA.2M16550978+2550138,apogee_apo25m_stars_045+36_MGA_2M16550978+2550138.fits
apogee.apo25m.stars.045+36_MGA.2M16551397+2609283,apogee_apo25m_stars_045+36_MGA_2M16551397+2609283.fits
apogee.apo25m.stars.045+36_MGA.2M16552819+2536539,apogee_apo25m_stars_045+36_MGA_2M16552819+2536539.fits
apogee.apo25m.stars.041+53_MGA.2M15372287+2644437,apogee_apo25m_stars_041+53_MGA_2M15372287+2644437.fits
apogee.apo25m.stars.044+54_MGA.2M15372287+2644437,apogee_apo25m_stars_044+54_MGA_2M15372287+2644437.fits
apogee.apo25m.stars.044+54_MGA.2M15385511+2833503,apogee_apo25m_stars_044+54_MGA_2M15385511+2833503.fits
apogee.apo25m.stars.054+87_MGA.2M13043112+2824273,apogee_apo25m_stars_054+87_MGA_2M13043112+2824273.fits
apogee.apo25m.stars.063+88_MGA.2M13043112+2824273,apogee_apo25m_stars_063+88_MGA_2M13043112+2824273.fits
apogee.apo25m.stars.064+86_MGA.2M13043112+2824273,apogee_apo25m_stars_064+86_MGA_2M13043112+2824273.fits
apogee.apo25m.stars.044+49_MGA.2M15520853+2737167,apogee_apo25m_stars_044+49_MGA_2M15520853+2737167.fits
apogee.apo25m.stars.044+54_MGA.2M15312732+2856071,apogee_apo25m_stars_044+54_MGA_2M15312732+2856071.fits
apogee.apo25m.stars.044+54_MGA.2M15330697+2656494,apogee_apo25m_stars_044+54_MGA_2M15330697+2656494.fits
apogee.apo25m.stars.041+47_MGA.2M16072351+2609413,apogee_apo25m_stars_041+47_MGA_2M16072351+2609413.fits
apogee.apo25m.stars.043+46_MGA.2M16072351+2609413,apogee_apo25m_stars_043+46_MGA_2M16072351+2609413.fits
apogee.apo25m.stars.045-06.2M19393923+0837197,apogee_apo25m_stars_045-06_2M19393923+0837197.fits
apogee.apo25m.stars.045+42_MGA.2M16324140+2613551,apogee_apo25m_stars_045+42_MGA_2M16324140+2613551.fits
apogee.apo25m.stars.045+56_MGA.2M15245361+2843252,apogee_apo25m_stars_045+56_MGA_2M15245361+2843252.fits
apogee.apo25m.stars.045+56_MGA.2M15264096+2823026,apogee_apo25m_stars_045+56_MGA_2M15264096+2823026.fits
apogee.apo25m.stars.046+38_MGA.2M16523410+2548094,apogee_apo25m_stars_046+38_MGA_2M16523410+2548094.fits
apogee.apo25m.stars.045+36_MGA.2M16530650+2535251,apogee_apo25m_stars_045+36_MGA_2M16530650+2535251.fits
apogee.apo25m.stars.046+38_MGA.2M16530650+2535251,apogee_apo25m_stars_046+38_MGA_2M16530650+2535251.fits
apogee.apo25m.stars.022+86_MGA.2M13043479+2647486,apogee_apo25m_stars_022+86_MGA_2M13043479+2647486.fits
apogee.apo25m.stars.023+88_MGA.2M13043479+2647486,apogee_apo25m_stars_023+88_MGA_2M13043479+2647486.fits
apogee.apo25m.stars.023+88_MGA.2M13045542+2706511,apogee_apo25m_stars_023+88_MGA_2M13045542+2706511.fits
apogee.apo25m.stars.047+52_MGA.2M15385511+2833503,apogee_apo25m_stars_047+52_MGA_2M15385511+2833503.fits
apogee.apo25m.stars.044+59_MGA.2M15093369+2939259,apogee_apo25m_stars_044+59_MGA_2M15093369+2939259.fits
apogee.apo25m.stars.044+59_MGA.2M15101204+2923366,apogee_apo25m_stars_044+59_MGA_2M15101204+2923366.fits
apogee.apo25m.stars.046+45_MGA.2M16115281+2759324,apogee_apo25m_stars_046+45_MGA_2M16115281+2759324.fits
apogee.apo25m.stars.046+45_MGA.2M16125484+2833263,apogee_apo25m_stars_046+45_MGA_2M16125484+2833263.fits
apogee.apo25m.stars.046+47_MGA.2M16125484+2833263,apogee_apo25m_stars_046+47_MGA_2M16125484+2833263.fits
apogee.apo25m.stars.029+88_MGA.2M13051441+2749500,apogee_apo25m_stars_029+88_MGA_2M13051441+2749500.fits
apogee.apo25m.stars.040+88_MGA.2M13051441+2749500,apogee_apo25m_stars_040+88_MGA_2M13051441+2749500.fits
apogee.apo25m.stars.049+88_MGA.2M13051441+2749500,apogee_apo25m_stars_049+88_MGA_2M13051441+2749500.fits
apogee.apo25m.stars.045-12.2M19540115+0614422,apogee_apo25m_stars_045-12_2M19540115+0614422.fits
apogee.apo25m.stars.046+34_MGA.2M16591091+2341185,apogee_apo25m_stars_046+34_MGA_2M16591091+2341185.fits
apogee.apo25m.stars.045+36_MGA.2M17000124+2504432,apogee_apo25m_stars_045+36_MGA_2M17000124+2504432.fits
apogee.apo25m.stars.014+89_MGA.2M12503566+2636160,apogee_apo25m_stars_014+89_MGA_2M12503566+2636160.fits
apogee.apo25m.stars.045+89_MGA.2M12503566+2636160,apogee_apo25m_stars_045+89_MGA_2M12503566+2636160.fits
apogee.apo25m.stars.101+89_MGA.2M12503566+2636160,apogee_apo25m_stars_101+89_MGA_2M12503566+2636160.fits
apogee.apo25m.stars.044+59_MGA.2M15115104+2919470,apogee_apo25m_stars_044+59_MGA_2M15115104+2919470.fits
apogee.apo25m.stars.044+59_MGA.2M15141688+2924439,apogee_apo25m_stars_044+59_MGA_2M15141688+2924439.fits
apogee.apo25m.stars.044+59_MGA.2M15141924+2739249,apogee_apo25m_stars_044+59_MGA_2M15141924+2739249.fits
apogee.apo25m.stars.049+46_MGA.2M16125484+2833263,apogee_apo25m_stars_049+46_MGA_2M16125484+2833263.fits
apogee.apo25m.stars.043+46_MGA.2M16140177+2654079,apogee_apo25m_stars_043+46_MGA_2M16140177+2654079.fits
apogee.apo25m.stars.046+45_MGA.2M16140177+2654079,apogee_apo25m_stars_046+45_MGA_2M16140177+2654079.fits
apogee.apo25m.stars.046+34_MGA.2M17000124+2504432,apogee_apo25m_stars_046+34_MGA_2M17000124+2504432.fits
apogee.apo25m.stars.046+34_MGA.2M17013770+2338350,apogee_apo25m_stars_046+34_MGA_2M17013770+2338350.fits
apogee.apo25m.stars.046+34_MGA.2M17043583+2423197,apogee_apo25m_stars_046+34_MGA_2M17043583+2423197.fits
apogee.apo25m.stars.046+34_MGA.2M16584978+2608059,apogee_apo25m_stars_046+34_MGA_2M16584978+2608059.fits
apogee.apo25m.stars.045+36_MGA.2M16593601+2505351,apogee_apo25m_stars_045+36_MGA_2M16593601+2505351.fits
apogee.apo25m.stars.045+36_MGA.2M17000124+2504432,apogee_apo25m_stars_045+36_MGA_2M17000124+2504432.fits
apogee.apo25m.stars.053+88_MGA.2M13051441+2749500,apogee_apo25m_stars_053+88_MGA_2M13051441+2749500.fits
apogee.apo25m.stars.063+88_MGA.2M13051441+2749500,apogee_apo25m_stars_063+88_MGA_2M13051441+2749500.fits
apogee.apo25m.stars.056+88_MGA.2M13061991+2742241,apogee_apo25m_stars_056+88_MGA_2M13061991+2742241.fits
apogee.apo25m.stars.046+45_MGA.2M16142172+2822056,apogee_apo25m_stars_046+45_MGA_2M16142172+2822056.fits
apogee.apo25m.stars.049+46_MGA.2M16142172+2822056,apogee_apo25m_stars_049+46_MGA_2M16142172+2822056.fits
apogee.apo25m.stars.046+47_MGA.2M16142821+2725290,apogee_apo25m_stars_046+47_MGA_2M16142821+2725290.fits
apogee.apo25m.stars.045+89_MGA.2M12512629+2759211,apogee_apo25m_stars_045+89_MGA_2M12512629+2759211.fits
apogee.apo25m.stars.077+89_MGA.2M12512629+2759211,apogee_apo25m_stars_077+89_MGA_2M12512629+2759211.fits
apogee.apo25m.stars.101+89_MGA.2M12512629+2759211,apogee_apo25m_stars_101+89_MGA_2M12512629+2759211.fits
apogee.apo25m.stars.046+34_MGA.2M17000124+2504432,apogee_apo25m_stars_046+34_MGA_2M17000124+2504432.fits
apogee.apo25m.stars.045+40_MGA.2M16303039+2602410,apogee_apo25m_stars_045+40_MGA_2M16303039+2602410.fits
apogee.apo25m.stars.045+40_MGA.2M16352017+2714519,apogee_apo25m_stars_045+40_MGA_2M16352017+2714519.fits
apogee.apo25m.stars.044+59_MGA.2M15173472+2903263,apogee_apo25m_stars_044+59_MGA_2M15173472+2903263.fits
apogee.apo25m.stars.044+59_MGA.2M15191493+2939406,apogee_apo25m_stars_044+59_MGA_2M15191493+2939406.fits
apogee.apo25m.stars.048+57_MGA.2M15191493+2939406,apogee_apo25m_stars_048+57_MGA_2M15191493+2939406.fits
apogee.apo25m.stars.046+38_MGA.2M16425418+2604175,apogee_apo25m_stars_046+38_MGA_2M16425418+2604175.fits
apogee.apo25m.stars.047+39_MGA.2M16485466+2624167,apogee_apo25m_stars_047+39_MGA_2M16485466+2624167.fits
apogee.apo25m.stars.044+37_MGA.2M16500164+2451540,apogee_apo25m_stars_044+37_MGA_2M16500164+2451540.fits
apogee.apo25m.stars.022+86_MGA.2M13065547+2704068,apogee_apo25m_stars_022+86_MGA_2M13065547+2704068.fits
apogee.apo25m.stars.040+88_MGA.2M13065547+2704068,apogee_apo25m_stars_040+88_MGA_2M13065547+2704068.fits
apogee.apo25m.stars.049+88_MGA.2M13065547+2704068,apogee_apo25m_stars_049+88_MGA_2M13065547+2704068.fits
apogee.apo25m.stars.048+41_MGA.2M16352017+2714519,apogee_apo25m_stars_048+41_MGA_2M16352017+2714519.fits
apogee.apo25m.stars.044+40_MGA.2M16375023+2551028,apogee_apo25m_stars_044+40_MGA_2M16375023+2551028.fits
apogee.apo25m.stars.045+40_MGA.2M16375426+2657275,apogee_apo25m_stars_045+40_MGA_2M16375426+2657275.fits
apogee.apo25m.stars.045+36_MGA.2M16500164+2451540,apogee_apo25m_stars_045+36_MGA_2M16500164+2451540.fits
apogee.apo25m.stars.046+47_MGA.2M16081186+2814548,apogee_apo25m_stars_046+47_MGA_2M16081186+2814548.fits
apogee.apo25m.stars.046+48.2M16081186+2814548,apogee_apo25m_stars_046+48_2M16081186+2814548.fits
apogee.apo25m.stars.044-34_MGA.2M21054747-0612103,apogee_apo25m_stars_044-34_MGA_2M21054747-0612103.fits
apogee.apo25m.stars.044-34_MGA.2M21074103-0615081,apogee_apo25m_stars_044-34_MGA_2M21074103-0615081.fits
apogee.apo25m.stars.044-34_MGA.2M21101435-0742393,apogee_apo25m_stars_044-34_MGA_2M21101435-0742393.fits
apogee.apo25m.stars.044+40_MGA.2M16391856+2504477,apogee_apo25m_stars_044+40_MGA_2M16391856+2504477.fits
apogee.apo25m.stars.045+40_MGA.2M16411290+2554352,apogee_apo25m_stars_045+40_MGA_2M16411290+2554352.fits
apogee.apo25m.stars.043+44_MGA.2M16201757+2630466,apogee_apo25m_stars_043+44_MGA_2M16201757+2630466.fits
apogee.apo25m.stars.046+45_MGA.2M16152782+2733344,apogee_apo25m_stars_046+45_MGA_2M16152782+2733344.fits
apogee.apo25m.stars.046+45_MGA.2M16163007+2716249,apogee_apo25m_stars_046+45_MGA_2M16163007+2716249.fits
apogee.apo25m.stars.043+46_MGA.2M16095434+2703263,apogee_apo25m_stars_043+46_MGA_2M16095434+2703263.fits
apogee.apo25m.stars.NGP.2M12512629+2759211,apogee_apo25m_stars_NGP_2M12512629+2759211.fits
apogee.apo25m.stars.014+89_MGA.2M12542666+2619033,apogee_apo25m_stars_014+89_MGA_2M12542666+2619033.fits
apogee.apo25m.stars.040+88_MGA.2M12542666+2619033,apogee_apo25m_stars_040+88_MGA_2M12542666+2619033.fits
apogee.apo25m.stars.046+48_MGA.2M16081186+2814548,apogee_apo25m_stars_046+48_MGA_2M16081186+2814548.fits
apogee.apo25m.stars.050+48_MGA.2M16022276+2950523,apogee_apo25m_stars_050+48_MGA_2M16022276+2950523.fits
apogee.apo25m.stars.046+48_MGA.2M16060762+2948445,apogee_apo25m_stars_046+48_MGA_2M16060762+2948445.fits
apogee.apo25m.stars.045+42_MGA.2M16211390+2633094,apogee_apo25m_stars_045+42_MGA_2M16211390+2633094.fits
apogee.apo25m.stars.046+45_MGA.2M16211390+2633094,apogee_apo25m_stars_046+45_MGA_2M16211390+2633094.fits
apogee.apo25m.stars.045+42_MGA.2M16261135+2633421,apogee_apo25m_stars_045+42_MGA_2M16261135+2633421.fits
apogee.apo25m.stars.045+89_MGA.2M12542666+2619033,apogee_apo25m_stars_045+89_MGA_2M12542666+2619033.fits
apogee.apo25m.stars.319+88_MGA.2M12542666+2619033,apogee_apo25m_stars_319+88_MGA_2M12542666+2619033.fits
apogee.apo25m.stars.014+89_MGA.2M12550791+2742022,apogee_apo25m_stars_014+89_MGA_2M12550791+2742022.fits
apogee.apo25m.stars.044+47_MGA.2M16095434+2703263,apogee_apo25m_stars_044+47_MGA_2M16095434+2703263.fits
apogee.apo25m.stars.046+47_MGA.2M16120470+2925223,apogee_apo25m_stars_046+47_MGA_2M16120470+2925223.fits
apogee.apo25m.stars.046+47_MGA.2M16124958+2851020,apogee_apo25m_stars_046+47_MGA_2M16124958+2851020.fits
apogee.apo25m.stars.044+42_MGA.2M16261223+2626538,apogee_apo25m_stars_044+42_MGA_2M16261223+2626538.fits
apogee.apo25m.stars.045+42_MGA.2M16261223+2626538,apogee_apo25m_stars_045+42_MGA_2M16261223+2626538.fits
apogee.apo25m.stars.044+42_MGA.2M16271357+2517548,apogee_apo25m_stars_044+42_MGA_2M16271357+2517548.fits
apogee.apo25m.stars.023+88_MGA.2M12550791+2742022,apogee_apo25m_stars_023+88_MGA_2M12550791+2742022.fits
apogee.apo25m.stars.040+88_MGA.2M12550791+2742022,apogee_apo25m_stars_040+88_MGA_2M12550791+2742022.fits
apogee.apo25m.stars.045+89_MGA.2M12550791+2742022,apogee_apo25m_stars_045+89_MGA_2M12550791+2742022.fits
apogee.apo25m.stars.047+39_MGA.2M16405278+2748040,apogee_apo25m_stars_047+39_MGA_2M16405278+2748040.fits
apogee.apo25m.stars.047+39_MGA.2M16410551+2820393,apogee_apo25m_stars_047+39_MGA_2M16410551+2820393.fits
apogee.apo25m.stars.050+40_MGA.2M16410551+2820393,apogee_apo25m_stars_050+40_MGA_2M16410551+2820393.fits
apogee.apo25m.stars.029+88_MGA.2M13075050+2730053,apogee_apo25m_stars_029+88_MGA_2M13075050+2730053.fits
apogee.apo25m.stars.049+88_MGA.2M13075050+2730053,apogee_apo25m_stars_049+88_MGA_2M13075050+2730053.fits
apogee.apo25m.stars.042-31_MGA.2M20545203-0554075,apogee_apo25m_stars_042-31_MGA_2M20545203-0554075.fits
apogee.apo25m.stars.049+46_MGA.2M16124958+2851020,apogee_apo25m_stars_049+46_MGA_2M16124958+2851020.fits
apogee.apo25m.stars.046+47_MGA.2M16134627+2854212,apogee_apo25m_stars_046+47_MGA_2M16134627+2854212.fits
apogee.apo25m.stars.046+47_MGA.2M16142821+2725290,apogee_apo25m_stars_046+47_MGA_2M16142821+2725290.fits
apogee.apo25m.stars.053+88_MGA.2M12550791+2742022,apogee_apo25m_stars_053+88_MGA_2M12550791+2742022.fits
apogee.apo25m.stars.076+88_MGA.2M12550791+2742022,apogee_apo25m_stars_076+88_MGA_2M12550791+2742022.fits
apogee.apo25m.stars.077+89_MGA.2M12550791+2742022,apogee_apo25m_stars_077+89_MGA_2M12550791+2742022.fits
apogee.apo25m.stars.046+38_MGA.2M16414822+2626281,apogee_apo25m_stars_046+38_MGA_2M16414822+2626281.fits
apogee.apo25m.stars.047+39_MGA.2M16435521+2745261,apogee_apo25m_stars_047+39_MGA_2M16435521+2745261.fits
apogee.apo25m.stars.047+39_MGA.2M16485466+2624167,apogee_apo25m_stars_047+39_MGA_2M16485466+2624167.fits
apogee.apo25m.stars.101+89_MGA.2M12550791+2742022,apogee_apo25m_stars_101+89_MGA_2M12550791+2742022.fits
apogee.apo25m.stars.014+89_MGA.2M12563456+2750246,apogee_apo25m_stars_014+89_MGA_2M12563456+2750246.fits
apogee.apo25m.stars.023+88_MGA.2M12563456+2750246,apogee_apo25m_stars_023+88_MGA_2M12563456+2750246.fits
apogee.apo25m.stars.044+49_MGA.2M15574958+2800060,apogee_apo25m_stars_044+49_MGA_2M15574958+2800060.fits
apogee.apo25m.stars.044+49_MGA.2M15594268+2659333,apogee_apo25m_stars_044+49_MGA_2M15594268+2659333.fits
apogee.apo25m.stars.046+48.2M16002897+2836436,apogee_apo25m_stars_046+48_2M16002897+2836436.fits
apogee.apo25m.stars.040+88_MGA.2M12563456+2750246,apogee_apo25m_stars_040+88_MGA_2M12563456+2750246.fits
apogee.apo25m.stars.045+89_MGA.2M12563456+2750246,apogee_apo25m_stars_045+89_MGA_2M12563456+2750246.fits
apogee.apo25m.stars.059+89_MGA.2M12563456+2750246,apogee_apo25m_stars_059+89_MGA_2M12563456+2750246.fits
apogee.apo25m.stars.047+50_MGA.2M15492276+2901372,apogee_apo25m_stars_047+50_MGA_2M15492276+2901372.fits
apogee.apo25m.stars.047+50_MGA.2M15521207+2951530,apogee_apo25m_stars_047+50_MGA_2M15521207+2951530.fits
apogee.apo25m.stars.047+50_MGA.2M15525780+3013443,apogee_apo25m_stars_047+50_MGA_2M15525780+3013443.fits
apogee.apo25m.stars.044+49_MGA.2M16004796+2806448,apogee_apo25m_stars_044+49_MGA_2M16004796+2806448.fits
apogee.apo25m.stars.044+47_MGA.2M16010481+2639362,apogee_apo25m_stars_044+47_MGA_2M16010481+2639362.fits
apogee.apo25m.stars.044+49_MGA.2M16010481+2639362,apogee_apo25m_stars_044+49_MGA_2M16010481+2639362.fits
apogee.apo25m.stars.076+88_MGA.2M12563456+2750246,apogee_apo25m_stars_076+88_MGA_2M12563456+2750246.fits
apogee.apo25m.stars.077+89_MGA.2M12563456+2750246,apogee_apo25m_stars_077+89_MGA_2M12563456+2750246.fits
apogee.apo25m.stars.014+89_MGA.2M12583271+2725086,apogee_apo25m_stars_014+89_MGA_2M12583271+2725086.fits
apogee.apo25m.stars.044+49_MGA.2M15531501+2743401,apogee_apo25m_stars_044+49_MGA_2M15531501+2743401.fits
apogee.apo25m.stars.047+50_MGA.2M15541672+2906091,apogee_apo25m_stars_047+50_MGA_2M15541672+2906091.fits
apogee.apo25m.stars.047+50_MGA.2M15542691+2743124,apogee_apo25m_stars_047+50_MGA_2M15542691+2743124.fits
apogee.apo25m.stars.023+88_MGA.2M12583271+2725086,apogee_apo25m_stars_023+88_MGA_2M12583271+2725086.fits
apogee.apo25m.stars.029+88_MGA.2M12583271+2725086,apogee_apo25m_stars_029+88_MGA_2M12583271+2725086.fits
apogee.apo25m.stars.045+89_MGA.2M12583271+2725086,apogee_apo25m_stars_045+89_MGA_2M12583271+2725086.fits
apogee.apo25m.stars.047+50_MGA.2M15543107+2740470,apogee_apo25m_stars_047+50_MGA_2M15543107+2740470.fits
apogee.apo25m.stars.047+50_MGA.2M15555185+2948034,apogee_apo25m_stars_047+50_MGA_2M15555185+2948034.fits
apogee.apo25m.stars.047+50_MGA.2M15590610+3007307,apogee_apo25m_stars_047+50_MGA_2M15590610+3007307.fits
apogee.apo25m.stars.054+87_MGA.2M12583271+2725086,apogee_apo25m_stars_054+87_MGA_2M12583271+2725086.fits
apogee.apo25m.stars.062+88_MGA.2M12583271+2725086,apogee_apo25m_stars_062+88_MGA_2M12583271+2725086.fits
apogee.apo25m.stars.063+88_MGA.2M12583271+2725086,apogee_apo25m_stars_063+88_MGA_2M12583271+2725086.fits
apogee.apo25m.stars.077+89_MGA.2M12583271+2725086,apogee_apo25m_stars_077+89_MGA_2M12583271+2725086.fits
apogee.apo25m.stars.101+89_MGA.2M12583271+2725086,apogee_apo25m_stars_101+89_MGA_2M12583271+2725086.fits
apogee.apo25m.stars.063+88_MGA.2M12583598+2711429,apogee_apo25m_stars_063+88_MGA_2M12583598+2711429.fits
apogee.apo25m.stars.014+89_MGA.2M12585388+2630367,apogee_apo25m_stars_014+89_MGA_2M12585388+2630367.fits
apogee.apo25m.stars.042+87_MGA.2M12585388+2630367,apogee_apo25m_stars_042+87_MGA_2M12585388+2630367.fits
apogee.apo25m.stars.045+89_MGA.2M12585388+2630367,apogee_apo25m_stars_045+89_MGA_2M12585388+2630367.fits
apogee.apo25m.stars.049+88_MGA.2M12585388+2630367,apogee_apo25m_stars_049+88_MGA_2M12585388+2630367.fits
apogee.apo25m.stars.056+88_MGA.2M12585388+2630367,apogee_apo25m_stars_056+88_MGA_2M12585388+2630367.fits
apogee.apo25m.stars.062+88_MGA.2M12585388+2630367,apogee_apo25m_stars_062+88_MGA_2M12585388+2630367.fits
apogee.apo25m.stars.042+87_MGA.2M12591949+2825024,apogee_apo25m_stars_042+87_MGA_2M12591949+2825024.fits
apogee.apo25m.stars.045+89_MGA.2M12591949+2825024,apogee_apo25m_stars_045+89_MGA_2M12591949+2825024.fits
apogee.apo25m.stars.059+89_MGA.2M12591949+2825024,apogee_apo25m_stars_059+89_MGA_2M12591949+2825024.fits
apogee.apo25m.stars.023+88_MGA.2M13021347+2709280,apogee_apo25m_stars_023+88_MGA_2M13021347+2709280.fits
apogee.apo25m.stars.029+88_MGA.2M13021347+2709280,apogee_apo25m_stars_029+88_MGA_2M13021347+2709280.fits
apogee.apo25m.stars.042+87_MGA.2M13021347+2709280,apogee_apo25m_stars_042+87_MGA_2M13021347+2709280.fits
apogee.apo25m.stars.045+89_MGA.2M13021347+2709280,apogee_apo25m_stars_045+89_MGA_2M13021347+2709280.fits
apogee.apo25m.stars.049+88_MGA.2M13021347+2709280,apogee_apo25m_stars_049+88_MGA_2M13021347+2709280.fits
apogee.apo25m.stars.052+87_MGA.2M13021347+2709280,apogee_apo25m_stars_052+87_MGA_2M13021347+2709280.fits
apogee.apo25m.stars.053+88_MGA.2M13021347+2709280,apogee_apo25m_stars_053+88_MGA_2M13021347+2709280.fits
apogee.apo25m.stars.054+87_MGA.2M13021347+2709280,apogee_apo25m_stars_054+87_MGA_2M13021347+2709280.fits
apogee.apo25m.stars.059+89_MGA.2M13021347+2709280,apogee_apo25m_stars_059+89_MGA_2M13021347+2709280.fits
apogee.apo25m.stars.045+42_MGA.2M16271357+2517548,apogee_apo25m_stars_045+42_MGA_2M16271357+2517548.fits
apogee.apo25m.stars.045+42_MGA.2M16273853+2701406,apogee_apo25m_stars_045+42_MGA_2M16273853+2701406.fits
apogee.apo25m.stars.047-40_MGA.2M21341491-0734381,apogee_apo25m_stars_047-40_MGA_2M21341491-0734381.fits
apogee.apo25m.stars.044+49_MGA.2M16024702+2718181,apogee_apo25m_stars_044+49_MGA_2M16024702+2718181.fits
apogee.apo25m.stars.048-43_MGA.2M21485878-0728426,apogee_apo25m_stars_048-43_MGA_2M21485878-0728426.fits
apogee.apo25m.stars.048-43_MGA.2M21491372-0747148,apogee_apo25m_stars_048-43_MGA_2M21491372-0747148.fits
apogee.apo25m.stars.047-40_MGA.2M21343277-0836534,apogee_apo25m_stars_047-40_MGA_2M21343277-0836534.fits
apogee.apo25m.stars.047-40_MGA.2M21343504-0823556,apogee_apo25m_stars_047-40_MGA_2M21343504-0823556.fits
apogee.apo25m.stars.047-40_MGA.2M21345830-0657272,apogee_apo25m_stars_047-40_MGA_2M21345830-0657272.fits
apogee.apo25m.stars.044+54_MGA.2M15330804+2711508,apogee_apo25m_stars_044+54_MGA_2M15330804+2711508.fits
apogee.apo25m.stars.048+44_MGA.2M16252664+2912004,apogee_apo25m_stars_048+44_MGA_2M16252664+2912004.fits
apogee.apo25m.stars.048+44_MGA.2M16265265+2904064,apogee_apo25m_stars_048+44_MGA_2M16265265+2904064.fits
apogee.apo25m.stars.042-31_MGA.2M20570743-0650137,apogee_apo25m_stars_042-31_MGA_2M20570743-0650137.fits
apogee.apo25m.stars.049+88_MGA.2M12582896+2837252,apogee_apo25m_stars_049+88_MGA_2M12582896+2837252.fits
apogee.apo25m.stars.053+88_MGA.2M12582896+2837252,apogee_apo25m_stars_053+88_MGA_2M12582896+2837252.fits
apogee.apo25m.stars.047+52_MGA.2M15385894+3019464,apogee_apo25m_stars_047+52_MGA_2M15385894+3019464.fits
apogee.apo25m.stars.047+52_MGA.2M15400434+3002308,apogee_apo25m_stars_047+52_MGA_2M15400434+3002308.fits
apogee.apo25m.stars.047+52_MGA.2M15424097+2857321,apogee_apo25m_stars_047+52_MGA_2M15424097+2857321.fits
apogee.apo25m.stars.047-40_MGA.2M21355298-0744084,apogee_apo25m_stars_047-40_MGA_2M21355298-0744084.fits
apogee.apo25m.stars.047-40_MGA.2M21355598-0838485,apogee_apo25m_stars_047-40_MGA_2M21355598-0838485.fits
apogee.apo25m.stars.047-40_MGA.2M21360505-0756065,apogee_apo25m_stars_047-40_MGA_2M21360505-0756065.fits
apogee.apo25m.stars.054+87_MGA.2M12582896+2837252,apogee_apo25m_stars_054+87_MGA_2M12582896+2837252.fits
apogee.apo25m.stars.056+88_MGA.2M12582896+2837252,apogee_apo25m_stars_056+88_MGA_2M12582896+2837252.fits
apogee.apo25m.stars.059+89_MGA.2M12582896+2837252,apogee_apo25m_stars_059+89_MGA_2M12582896+2837252.fits
apogee.apo25m.stars.048+44_MGA.2M16270157+3003188,apogee_apo25m_stars_048+44_MGA_2M16270157+3003188.fits
apogee.apo25m.stars.048+41_MGA.2M16284014+2814260,apogee_apo25m_stars_048+41_MGA_2M16284014+2814260.fits
apogee.apo25m.stars.048+44_MGA.2M16284014+2814260,apogee_apo25m_stars_048+44_MGA_2M16284014+2814260.fits
apogee.apo25m.stars.048+44_MGA.2M16295748+2917207,apogee_apo25m_stars_048+44_MGA_2M16295748+2917207.fits
apogee.apo25m.stars.048+55_MGA.2M15262477+3101211,apogee_apo25m_stars_048+55_MGA_2M15262477+3101211.fits
apogee.apo25m.stars.045+56_MGA.2M15262779+2910544,apogee_apo25m_stars_045+56_MGA_2M15262779+2910544.fits
apogee.apo25m.stars.047-41_MGA.2M21372075-0856396,apogee_apo25m_stars_047-41_MGA_2M21372075-0856396.fits
apogee.apo25m.stars.047-40_MGA.2M21390052-0740062,apogee_apo25m_stars_047-40_MGA_2M21390052-0740062.fits
apogee.apo25m.stars.047-40_MGA.2M21395148-0849417,apogee_apo25m_stars_047-40_MGA_2M21395148-0849417.fits
apogee.apo25m.stars.062+88_MGA.2M12582896+2837252,apogee_apo25m_stars_062+88_MGA_2M12582896+2837252.fits
apogee.apo25m.stars.077+89_MGA.2M12582896+2837252,apogee_apo25m_stars_077+89_MGA_2M12582896+2837252.fits
apogee.apo25m.stars.063+88_MGA.2M12583598+2711429,apogee_apo25m_stars_063+88_MGA_2M12583598+2711429.fits
apogee.apo25m.stars.047+52_MGA.2M15433031+2841344,apogee_apo25m_stars_047+52_MGA_2M15433031+2841344.fits
apogee.apo25m.stars.047+52_MGA.2M15441704+2902390,apogee_apo25m_stars_047+52_MGA_2M15441704+2902390.fits
apogee.apo25m.stars.047+52_MGA.2M15465148+2858470,apogee_apo25m_stars_047+52_MGA_2M15465148+2858470.fits
apogee.apo25m.stars.045-06.2M19320400+0910246,apogee_apo25m_stars_045-06_2M19320400+0910246.fits
apogee.apo25m.stars.045-06.2M19344367+0820205,apogee_apo25m_stars_045-06_2M19344367+0820205.fits
apogee.apo25m.stars.049+46_MGA.2M16141946+3007110,apogee_apo25m_stars_049+46_MGA_2M16141946+3007110.fits
apogee.apo25m.stars.048+55_MGA.2M15262779+2910544,apogee_apo25m_stars_048+55_MGA_2M15262779+2910544.fits
apogee.apo25m.stars.048+55_MGA.2M15332947+3052083,apogee_apo25m_stars_048+55_MGA_2M15332947+3052083.fits
apogee.apo25m.stars.048+55_MGA.2M15345751+2916551,apogee_apo25m_stars_048+55_MGA_2M15345751+2916551.fits
apogee.apo25m.stars.049+47_MGA.2M16141946+3007110,apogee_apo25m_stars_049+47_MGA_2M16141946+3007110.fits
apogee.apo25m.stars.046+45_MGA.2M16142172+2822056,apogee_apo25m_stars_046+45_MGA_2M16142172+2822056.fits
apogee.apo25m.stars.049+46_MGA.2M16142172+2822056,apogee_apo25m_stars_049+46_MGA_2M16142172+2822056.fits
apogee.apo25m.stars.048-43_MGA.2M21493272-0757344,apogee_apo25m_stars_048-43_MGA_2M21493272-0757344.fits
apogee.apo25m.stars.048-43_MGA.2M21534399-0821344,apogee_apo25m_stars_048-43_MGA_2M21534399-0821344.fits
apogee.apo25m.stars.040+88_MGA.2M12571002+2825227,apogee_apo25m_stars_040+88_MGA_2M12571002+2825227.fits
apogee.apo25m.stars.049+46_MGA.2M16142723+2952433,apogee_apo25m_stars_049+46_MGA_2M16142723+2952433.fits
apogee.apo25m.stars.049+46_MGA.2M16145656+3030306,apogee_apo25m_stars_049+46_MGA_2M16145656+3030306.fits
apogee.apo25m.stars.049+47_MGA.2M16145656+3030306,apogee_apo25m_stars_049+47_MGA_2M16145656+3030306.fits
apogee.apo25m.stars.048+55_MGA.2M15355223+2932414,apogee_apo25m_stars_048+55_MGA_2M15355223+2932414.fits
apogee.apo25m.stars.044+59_MGA.2M15144461+3016254,apogee_apo25m_stars_044+59_MGA_2M15144461+3016254.fits
apogee.apo25m.stars.048+57_MGA.2M15155649+3118025,apogee_apo25m_stars_048+57_MGA_2M15155649+3118025.fits
apogee.apo25m.stars.048+55_MGA.2M15371410+2943575,apogee_apo25m_stars_048+55_MGA_2M15371410+2943575.fits
apogee.apo25m.stars.049+12.2M18353445+2005469,apogee_apo25m_stars_049+12_2M18353445+2005469.fits
apogee.apo25m.stars.049+37_MGA.2M16560794+2723219,apogee_apo25m_stars_049+37_MGA_2M16560794+2723219.fits
apogee.apo25m.stars.045+89_MGA.2M12571002+2825227,apogee_apo25m_stars_045+89_MGA_2M12571002+2825227.fits
apogee.apo25m.stars.076+88_MGA.2M12571002+2825227,apogee_apo25m_stars_076+88_MGA_2M12571002+2825227.fits
apogee.apo25m.stars.077+89_MGA.2M12571002+2825227,apogee_apo25m_stars_077+89_MGA_2M12571002+2825227.fits
apogee.apo25m.stars.046+45_MGA.2M16154944+2831353,apogee_apo25m_stars_046+45_MGA_2M16154944+2831353.fits
apogee.apo25m.stars.049+46_MGA.2M16154944+2831353,apogee_apo25m_stars_049+46_MGA_2M16154944+2831353.fits
apogee.apo25m.stars.046+45_MGA.2M16162331+2835493,apogee_apo25m_stars_046+45_MGA_2M16162331+2835493.fits
apogee.apo25m.stars.049+37_MGA.2M16562381+2832234,apogee_apo25m_stars_049+37_MGA_2M16562381+2832234.fits
apogee.apo25m.stars.049+37_MGA.2M17003797+2729545,apogee_apo25m_stars_049+37_MGA_2M17003797+2729545.fits
apogee.apo25m.stars.049+37_MGA.2M17004844+2810122,apogee_apo25m_stars_049+37_MGA_2M17004844+2810122.fits
apogee.apo25m.stars.044+59_MGA.2M15191493+2939406,apogee_apo25m_stars_044+59_MGA_2M15191493+2939406.fits
apogee.apo25m.stars.048+57_MGA.2M15191493+2939406,apogee_apo25m_stars_048+57_MGA_2M15191493+2939406.fits
apogee.apo25m.stars.048+57_MGA.2M15194450+3116075,apogee_apo25m_stars_048+57_MGA_2M15194450+3116075.fits
apogee.apo25m.stars.101+89_MGA.2M12571002+2825227,apogee_apo25m_stars_101+89_MGA_2M12571002+2825227.fits
apogee.apo25m.stars.040+88_MGA.2M12581993+2819292,apogee_apo25m_stars_040+88_MGA_2M12581993+2819292.fits
apogee.apo25m.stars.042+87_MGA.2M12581993+2819292,apogee_apo25m_stars_042+87_MGA_2M12581993+2819292.fits
apogee.apo25m.stars.047-26_MGA.2M20455648+0027068,apogee_apo25m_stars_047-26_MGA_2M20455648+0027068.fits
apogee.apo25m.stars.047-26_MGA.2M20473677-0035585,apogee_apo25m_stars_047-26_MGA_2M20473677-0035585.fits
apogee.apo25m.stars.047-26_MGA.2M20513009+0040227,apogee_apo25m_stars_047-26_MGA_2M20513009+0040227.fits
apogee.apo25m.stars.049+46_MGA.2M16081824+2949133,apogee_apo25m_stars_049+46_MGA_2M16081824+2949133.fits
apogee.apo25m.stars.049+46_MGA.2M16094009+3030211,apogee_apo25m_stars_049+46_MGA_2M16094009+3030211.fits
apogee.apo25m.stars.049+47_MGA.2M16094009+3030211,apogee_apo25m_stars_049+47_MGA_2M16094009+3030211.fits
apogee.apo25m.stars.047-40_MGA.2M21401495-0750174,apogee_apo25m_stars_047-40_MGA_2M21401495-0750174.fits
apogee.apo25m.stars.047-41_MGA.2M21353360-0716316,apogee_apo25m_stars_047-41_MGA_2M21353360-0716316.fits
apogee.apo25m.stars.047-41_MGA.2M21364056-0707360,apogee_apo25m_stars_047-41_MGA_2M21364056-0707360.fits
apogee.apo25m.stars.049+46_MGA.2M16164637+2910142,apogee_apo25m_stars_049+46_MGA_2M16164637+2910142.fits
apogee.apo25m.stars.049+46_MGA.2M16172254+2930356,apogee_apo25m_stars_049+46_MGA_2M16172254+2930356.fits
apogee.apo25m.stars.049+47_MGA.2M16041397+3049330,apogee_apo25m_stars_049+47_MGA_2M16041397+3049330.fits
apogee.apo25m.stars.048+57_MGA.2M15202437+2942253,apogee_apo25m_stars_048+57_MGA_2M15202437+2942253.fits
apogee.apo25m.stars.048+57_MGA.2M15204673+3044070,apogee_apo25m_stars_048+57_MGA_2M15204673+3044070.fits
apogee.apo25m.stars.048+57_MGA.2M15225857+3051521,apogee_apo25m_stars_048+57_MGA_2M15225857+3051521.fits
apogee.apo25m.stars.045+89_MGA.2M12581993+2819292,apogee_apo25m_stars_045+89_MGA_2M12581993+2819292.fits
apogee.apo25m.stars.049+88_MGA.2M12581993+2819292,apogee_apo25m_stars_049+88_MGA_2M12581993+2819292.fits
apogee.apo25m.stars.054+87_MGA.2M12581993+2819292,apogee_apo25m_stars_054+87_MGA_2M12581993+2819292.fits
apogee.apo25m.stars.048-27_MGA.2M20513009+0040227,apogee_apo25m_stars_048-27_MGA_2M20513009+0040227.fits
apogee.apo25m.stars.047-26_MGA.2M20522149-0021300,apogee_apo25m_stars_047-26_MGA_2M20522149-0021300.fits
apogee.apo25m.stars.047-26_MGA.2M20523614+0052049,apogee_apo25m_stars_047-26_MGA_2M20523614+0052049.fits
apogee.apo25m.stars.046+47_MGA.2M16122322+2835420,apogee_apo25m_stars_046+47_MGA_2M16122322+2835420.fits
apogee.apo25m.stars.049+46_MGA.2M16122322+2835420,apogee_apo25m_stars_049+46_MGA_2M16122322+2835420.fits
apogee.apo25m.stars.046+45_MGA.2M16125484+2833263,apogee_apo25m_stars_046+45_MGA_2M16125484+2833263.fits
apogee.apo25m.stars.056+88_MGA.2M12581993+2819292,apogee_apo25m_stars_056+88_MGA_2M12581993+2819292.fits
apogee.apo25m.stars.062+88_MGA.2M12581993+2819292,apogee_apo25m_stars_062+88_MGA_2M12581993+2819292.fits
apogee.apo25m.stars.063+88_MGA.2M12581993+2819292,apogee_apo25m_stars_063+88_MGA_2M12581993+2819292.fits
apogee.apo25m.stars.047-41_MGA.2M21390041-0839522,apogee_apo25m_stars_047-41_MGA_2M21390041-0839522.fits
apogee.apo25m.stars.047-40_MGA.2M21390487-0631510,apogee_apo25m_stars_047-40_MGA_2M21390487-0631510.fits
apogee.apo25m.stars.047-41_MGA.2M21392531-0722149,apogee_apo25m_stars_047-41_MGA_2M21392531-0722149.fits
apogee.apo25m.stars.049+47_MGA.2M16053163+3038171,apogee_apo25m_stars_049+47_MGA_2M16053163+3038171.fits
apogee.apo25m.stars.046+48_MGA.2M16060762+2948445,apogee_apo25m_stars_046+48_MGA_2M16060762+2948445.fits
apogee.apo25m.stars.049+47_MGA.2M16061903+3118479,apogee_apo25m_stars_049+47_MGA_2M16061903+3118479.fits
apogee.apo25m.stars.048+57_MGA.2M15225886+3126236,apogee_apo25m_stars_048+57_MGA_2M15225886+3126236.fits
apogee.apo25m.stars.048+57_MGA.2M15233007+3047033,apogee_apo25m_stars_048+57_MGA_2M15233007+3047033.fits
apogee.apo25m.stars.048+57_MGA.2M15262597+3046257,apogee_apo25m_stars_048+57_MGA_2M15262597+3046257.fits
apogee.apo25m.stars.076+88_MGA.2M12581993+2819292,apogee_apo25m_stars_076+88_MGA_2M12581993+2819292.fits
apogee.apo25m.stars.077+89_MGA.2M12581993+2819292,apogee_apo25m_stars_077+89_MGA_2M12581993+2819292.fits
apogee.apo25m.stars.101+89_MGA.2M12581993+2819292,apogee_apo25m_stars_101+89_MGA_2M12581993+2819292.fits
apogee.apo25m.stars.046+47_MGA.2M16125484+2833263,apogee_apo25m_stars_046+47_MGA_2M16125484+2833263.fits
apogee.apo25m.stars.049+46_MGA.2M16125484+2833263,apogee_apo25m_stars_049+46_MGA_2M16125484+2833263.fits
apogee.apo25m.stars.049+46_MGA.2M16125788+3048424,apogee_apo25m_stars_049+46_MGA_2M16125788+3048424.fits
apogee.apo25m.stars.047-26_MGA.2M20532944+0053316,apogee_apo25m_stars_047-26_MGA_2M20532944+0053316.fits
apogee.apo25m.stars.047-26_MGA.2M20541269+0013352,apogee_apo25m_stars_047-26_MGA_2M20541269+0013352.fits
apogee.apo25m.stars.048-27_MGA.2M20541269+0013352,apogee_apo25m_stars_048-27_MGA_2M20541269+0013352.fits
apogee.apo25m.stars.048+57_MGA.2M15265474+3050241,apogee_apo25m_stars_048+57_MGA_2M15265474+3050241.fits
apogee.apo25m.stars.040+88_MGA.2M12535967+2811383,apogee_apo25m_stars_040+88_MGA_2M12535967+2811383.fits
apogee.apo25m.stars.048+88_MGA.2M12535967+2811383,apogee_apo25m_stars_048+88_MGA_2M12535967+2811383.fits
apogee.apo25m.stars.049+47_MGA.2M16141518+2941002,apogee_apo25m_stars_049+47_MGA_2M16141518+2941002.fits
apogee.apo25m.stars.049+46_MGA.2M16145656+3030306,apogee_apo25m_stars_049+46_MGA_2M16145656+3030306.fits
apogee.apo25m.stars.049+47_MGA.2M16145656+3030306,apogee_apo25m_stars_049+47_MGA_2M16145656+3030306.fits
apogee.apo25m.stars.053+88_MGA.2M12535967+2811383,apogee_apo25m_stars_053+88_MGA_2M12535967+2811383.fits
apogee.apo25m.stars.056+88_MGA.2M12535967+2811383,apogee_apo25m_stars_056+88_MGA_2M12535967+2811383.fits
apogee.apo25m.stars.059+89_MGA.2M12535967+2811383,apogee_apo25m_stars_059+89_MGA_2M12535967+2811383.fits
apogee.apo25m.stars.063+88_MGA.2M12583598+2711429,apogee_apo25m_stars_063+88_MGA_2M12583598+2711429.fits
apogee.apo25m.stars.014+89_MGA.2M12585388+2630367,apogee_apo25m_stars_014+89_MGA_2M12585388+2630367.fits
apogee.apo25m.stars.042+87_MGA.2M12585388+2630367,apogee_apo25m_stars_042+87_MGA_2M12585388+2630367.fits
apogee.apo25m.stars.014+89_MGA.2M12585388+2630367,apogee_apo25m_stars_014+89_MGA_2M12585388+2630367.fits
apogee.apo25m.stars.042+87_MGA.2M12585388+2630367,apogee_apo25m_stars_042+87_MGA_2M12585388+2630367.fits
apogee.apo25m.stars.045+89_MGA.2M12585388+2630367,apogee_apo25m_stars_045+89_MGA_2M12585388+2630367.fits
apogee.apo25m.stars.062+88_MGA.2M12535967+2811383,apogee_apo25m_stars_062+88_MGA_2M12535967+2811383.fits
apogee.apo25m.stars.063+88_MGA.2M12535967+2811383,apogee_apo25m_stars_063+88_MGA_2M12535967+2811383.fits
apogee.apo25m.stars.076+88_MGA.2M12535967+2811383,apogee_apo25m_stars_076+88_MGA_2M12535967+2811383.fits
apogee.apo25m.stars.049+88_MGA.2M12585388+2630367,apogee_apo25m_stars_049+88_MGA_2M12585388+2630367.fits
apogee.apo25m.stars.056+88_MGA.2M12585388+2630367,apogee_apo25m_stars_056+88_MGA_2M12585388+2630367.fits
apogee.apo25m.stars.062+88_MGA.2M12585388+2630367,apogee_apo25m_stars_062+88_MGA_2M12585388+2630367.fits
apogee.apo25m.stars.045+89_MGA.2M12585388+2630367,apogee_apo25m_stars_045+89_MGA_2M12585388+2630367.fits
apogee.apo25m.stars.049+88_MGA.2M12585388+2630367,apogee_apo25m_stars_049+88_MGA_2M12585388+2630367.fits
apogee.apo25m.stars.056+88_MGA.2M12585388+2630367,apogee_apo25m_stars_056+88_MGA_2M12585388+2630367.fits
apogee.apo25m.stars.077+89_MGA.2M12535967+2811383,apogee_apo25m_stars_077+89_MGA_2M12535967+2811383.fits
apogee.apo25m.stars.014+89_MGA.2M12563456+2750246,apogee_apo25m_stars_014+89_MGA_2M12563456+2750246.fits
apogee.apo25m.stars.023+88_MGA.2M12563456+2750246,apogee_apo25m_stars_023+88_MGA_2M12563456+2750246.fits
apogee.apo25m.stars.062+88_MGA.2M12585388+2630367,apogee_apo25m_stars_062+88_MGA_2M12585388+2630367.fits
apogee.apo25m.stars.042+87_MGA.2M12591949+2825024,apogee_apo25m_stars_042+87_MGA_2M12591949+2825024.fits
apogee.apo25m.stars.045+89_MGA.2M12591949+2825024,apogee_apo25m_stars_045+89_MGA_2M12591949+2825024.fits
apogee.apo25m.stars.023+88_MGA.2M12590520+2748316,apogee_apo25m_stars_023+88_MGA_2M12590520+2748316.fits
apogee.apo25m.stars.045+89_MGA.2M12590520+2748316,apogee_apo25m_stars_045+89_MGA_2M12590520+2748316.fits
apogee.apo25m.stars.059+89_MGA.2M12590520+2748316,apogee_apo25m_stars_059+89_MGA_2M12590520+2748316.fits
apogee.apo25m.stars.040+88_MGA.2M12563456+2750246,apogee_apo25m_stars_040+88_MGA_2M12563456+2750246.fits
apogee.apo25m.stars.045+89_MGA.2M12563456+2750246,apogee_apo25m_stars_045+89_MGA_2M12563456+2750246.fits
apogee.apo25m.stars.059+89_MGA.2M12563456+2750246,apogee_apo25m_stars_059+89_MGA_2M12563456+2750246.fits
apogee.apo25m.stars.062+88_MGA.2M12590520+2748316,apogee_apo25m_stars_062+88_MGA_2M12590520+2748316.fits
apogee.apo25m.stars.076+88_MGA.2M12590520+2748316,apogee_apo25m_stars_076+88_MGA_2M12590520+2748316.fits
apogee.apo25m.stars.077+89_MGA.2M12590520+2748316,apogee_apo25m_stars_077+89_MGA_2M12590520+2748316.fits
apogee.apo25m.stars.047-40_MGA.2M21401495-0750174,apogee_apo25m_stars_047-40_MGA_2M21401495-0750174.fits
apogee.apo25m.stars.047-41_MGA.2M21404632-0720152,apogee_apo25m_stars_047-41_MGA_2M21404632-0720152.fits
apogee.apo25m.stars.048+41_MGA.2M16284014+2814260,apogee_apo25m_stars_048+41_MGA_2M16284014+2814260.fits
apogee.apo25m.stars.048+44_MGA.2M16284014+2814260,apogee_apo25m_stars_048+44_MGA_2M16284014+2814260.fits
apogee.apo25m.stars.048+41_MGA.2M16330448+2925379,apogee_apo25m_stars_048+41_MGA_2M16330448+2925379.fits
apogee.apo25m.stars.048+41_MGA.2M16334163+2721200,apogee_apo25m_stars_048+41_MGA_2M16334163+2721200.fits
apogee.apo25m.stars.101+89_MGA.2M12590520+2748316,apogee_apo25m_stars_101+89_MGA_2M12590520+2748316.fits
apogee.apo25m.stars.029+88_MGA.2M13014078+2616267,apogee_apo25m_stars_029+88_MGA_2M13014078+2616267.fits
apogee.apo25m.stars.042+87_MGA.2M13014078+2616267,apogee_apo25m_stars_042+87_MGA_2M13014078+2616267.fits
apogee.apo25m.stars.059+89_MGA.2M12591949+2825024,apogee_apo25m_stars_059+89_MGA_2M12591949+2825024.fits
apogee.apo25m.stars.054+87_MGA.2M12593843+2855594,apogee_apo25m_stars_054+87_MGA_2M12593843+2855594.fits
apogee.apo25m.stars.023+88_MGA.2M13021347+2709280,apogee_apo25m_stars_023+88_MGA_2M13021347+2709280.fits
apogee.apo25m.stars.048+41_MGA.2M16351674+2932365,apogee_apo25m_stars_048+41_MGA_2M16351674+2932365.fits
apogee.apo25m.stars.048+41_MGA.2M16363476+2809205,apogee_apo25m_stars_048+41_MGA_2M16363476+2809205.fits
apogee.apo25m.stars.045+40_MGA.2M16375426+2657275,apogee_apo25m_stars_045+40_MGA_2M16375426+2657275.fits
apogee.apo25m.stars.029+88_MGA.2M13021347+2709280,apogee_apo25m_stars_029+88_MGA_2M13021347+2709280.fits
apogee.apo25m.stars.042+87_MGA.2M13021347+2709280,apogee_apo25m_stars_042+87_MGA_2M13021347+2709280.fits
apogee.apo25m.stars.045+89_MGA.2M13021347+2709280,apogee_apo25m_stars_045+89_MGA_2M13021347+2709280.fits
apogee.apo25m.stars.048+88_MGA.2M13014078+2616267,apogee_apo25m_stars_048+88_MGA_2M13014078+2616267.fits
apogee.apo25m.stars.350+87_MGA.2M13014078+2616267,apogee_apo25m_stars_350+87_MGA_2M13014078+2616267.fits
apogee.apo25m.stars.023+88_MGA.2M13021347+2709280,apogee_apo25m_stars_023+88_MGA_2M13021347+2709280.fits
apogee.apo25m.stars.049+88_MGA.2M13021347+2709280,apogee_apo25m_stars_049+88_MGA_2M13021347+2709280.fits
apogee.apo25m.stars.052+87_MGA.2M13021347+2709280,apogee_apo25m_stars_052+87_MGA_2M13021347+2709280.fits
apogee.apo25m.stars.053+88_MGA.2M13021347+2709280,apogee_apo25m_stars_053+88_MGA_2M13021347+2709280.fits
apogee.apo25m.stars.029+88_MGA.2M13021347+2709280,apogee_apo25m_stars_029+88_MGA_2M13021347+2709280.fits
apogee.apo25m.stars.042+87_MGA.2M13021347+2709280,apogee_apo25m_stars_042+87_MGA_2M13021347+2709280.fits
apogee.apo25m.stars.045+89_MGA.2M13021347+2709280,apogee_apo25m_stars_045+89_MGA_2M13021347+2709280.fits
apogee.apo25m.stars.049+88_MGA.2M13021347+2709280,apogee_apo25m_stars_049+88_MGA_2M13021347+2709280.fits
apogee.apo25m.stars.052+87_MGA.2M13021347+2709280,apogee_apo25m_stars_052+87_MGA_2M13021347+2709280.fits
apogee.apo25m.stars.053+88_MGA.2M13021347+2709280,apogee_apo25m_stars_053+88_MGA_2M13021347+2709280.fits
apogee.apo25m.stars.054+87_MGA.2M13021347+2709280,apogee_apo25m_stars_054+87_MGA_2M13021347+2709280.fits
apogee.apo25m.stars.059+89_MGA.2M13021347+2709280,apogee_apo25m_stars_059+89_MGA_2M13021347+2709280.fits
apogee.apo25m.stars.040+88_MGA.2M13025250+2749475,apogee_apo25m_stars_040+88_MGA_2M13025250+2749475.fits
apogee.apo25m.stars.054+87_MGA.2M13021347+2709280,apogee_apo25m_stars_054+87_MGA_2M13021347+2709280.fits
apogee.apo25m.stars.059+89_MGA.2M13021347+2709280,apogee_apo25m_stars_059+89_MGA_2M13021347+2709280.fits
apogee.apo25m.stars.040+88_MGA.2M13025250+2749475,apogee_apo25m_stars_040+88_MGA_2M13025250+2749475.fits
apogee.apo25m.stars.052+87_MGA.2M13025250+2749475,apogee_apo25m_stars_052+87_MGA_2M13025250+2749475.fits
apogee.apo25m.stars.054+87_MGA.2M13025250+2749475,apogee_apo25m_stars_054+87_MGA_2M13025250+2749475.fits
apogee.apo25m.stars.059+89_MGA.2M13025250+2749475,apogee_apo25m_stars_059+89_MGA_2M13025250+2749475.fits
apogee.apo25m.stars.052+87_MGA.2M13025250+2749475,apogee_apo25m_stars_052+87_MGA_2M13025250+2749475.fits
apogee.apo25m.stars.054+87_MGA.2M13025250+2749475,apogee_apo25m_stars_054+87_MGA_2M13025250+2749475.fits
apogee.apo25m.stars.059+89_MGA.2M13025250+2749475,apogee_apo25m_stars_059+89_MGA_2M13025250+2749475.fits
apogee.apo25m.stars.062+88_MGA.2M13025250+2749475,apogee_apo25m_stars_062+88_MGA_2M13025250+2749475.fits
apogee.apo25m.stars.063+88_MGA.2M13025250+2749475,apogee_apo25m_stars_063+88_MGA_2M13025250+2749475.fits
apogee.apo25m.stars.076+88_MGA.2M13025250+2749475,apogee_apo25m_stars_076+88_MGA_2M13025250+2749475.fits
apogee.apo25m.stars.062+88_MGA.2M13025250+2749475,apogee_apo25m_stars_062+88_MGA_2M13025250+2749475.fits
apogee.apo25m.stars.063+88_MGA.2M13025250+2749475,apogee_apo25m_stars_063+88_MGA_2M13025250+2749475.fits
apogee.apo25m.stars.076+88_MGA.2M13025250+2749475,apogee_apo25m_stars_076+88_MGA_2M13025250+2749475.fits
apogee.apo25m.stars.042+87_MGA.2M13033113+2742275,apogee_apo25m_stars_042+87_MGA_2M13033113+2742275.fits
apogee.apo25m.stars.048+88_MGA.2M13033113+2742275,apogee_apo25m_stars_048+88_MGA_2M13033113+2742275.fits
apogee.apo25m.stars.049+88_MGA.2M13033113+2742275,apogee_apo25m_stars_049+88_MGA_2M13033113+2742275.fits
apogee.apo25m.stars.048+88_MGA.2M13025578+2624208,apogee_apo25m_stars_048+88_MGA_2M13025578+2624208.fits
apogee.apo25m.stars.023+88_MGA.2M13034902+2739198,apogee_apo25m_stars_023+88_MGA_2M13034902+2739198.fits
apogee.apo25m.stars.029+88_MGA.2M13034902+2739198,apogee_apo25m_stars_029+88_MGA_2M13034902+2739198.fits
apogee.apo25m.stars.052+87_MGA.2M13033113+2742275,apogee_apo25m_stars_052+87_MGA_2M13033113+2742275.fits
apogee.apo25m.stars.059+89_MGA.2M13033113+2742275,apogee_apo25m_stars_059+89_MGA_2M13033113+2742275.fits
apogee.apo25m.stars.062+88_MGA.2M13033113+2742275,apogee_apo25m_stars_062+88_MGA_2M13033113+2742275.fits
apogee.apo25m.stars.042+87_MGA.2M13034902+2739198,apogee_apo25m_stars_042+87_MGA_2M13034902+2739198.fits
apogee.apo25m.stars.048+88_MGA.2M13034902+2739198,apogee_apo25m_stars_048+88_MGA_2M13034902+2739198.fits
apogee.apo25m.stars.049+88_MGA.2M13034902+2739198,apogee_apo25m_stars_049+88_MGA_2M13034902+2739198.fits
apogee.apo25m.stars.052+87_MGA.2M13034902+2739198,apogee_apo25m_stars_052+87_MGA_2M13034902+2739198.fits
apogee.apo25m.stars.053+88_MGA.2M13034902+2739198,apogee_apo25m_stars_053+88_MGA_2M13034902+2739198.fits
apogee.apo25m.stars.062+88_MGA.2M13034902+2739198,apogee_apo25m_stars_062+88_MGA_2M13034902+2739198.fits
apogee.apo25m.stars.063+88_MGA.2M13033113+2742275,apogee_apo25m_stars_063+88_MGA_2M13033113+2742275.fits
apogee.apo25m.stars.022+86_MGA.2M13040149+2711296,apogee_apo25m_stars_022+86_MGA_2M13040149+2711296.fits
apogee.apo25m.stars.023+88_MGA.2M13040149+2711296,apogee_apo25m_stars_023+88_MGA_2M13040149+2711296.fits
apogee.apo25m.stars.029+88_MGA.2M13040149+2711296,apogee_apo25m_stars_029+88_MGA_2M13040149+2711296.fits
apogee.apo25m.stars.042+87_MGA.2M13040149+2711296,apogee_apo25m_stars_042+87_MGA_2M13040149+2711296.fits
apogee.apo25m.stars.049+88_MGA.2M13040149+2711296,apogee_apo25m_stars_049+88_MGA_2M13040149+2711296.fits
apogee.apo25m.stars.076+88_MGA.2M12563456+2750246,apogee_apo25m_stars_076+88_MGA_2M12563456+2750246.fits
apogee.apo25m.stars.077+89_MGA.2M12563456+2750246,apogee_apo25m_stars_077+89_MGA_2M12563456+2750246.fits
apogee.apo25m.stars.046+48_MGA.2M16010539+2948519,apogee_apo25m_stars_046+48_MGA_2M16010539+2948519.fits
apogee.apo25m.stars.049+46_MGA.2M16131503+2856103,apogee_apo25m_stars_049+46_MGA_2M16131503+2856103.fits
apogee.apo25m.stars.049+46_MGA.2M16133754+3057589,apogee_apo25m_stars_049+46_MGA_2M16133754+3057589.fits
apogee.apo25m.stars.050+31_MGA.2M17171151+2756581,apogee_apo25m_stars_050+31_MGA_2M17171151+2756581.fits
apogee.apo25m.stars.063+88_MGA.2M13034902+2739198,apogee_apo25m_stars_063+88_MGA_2M13034902+2739198.fits
apogee.apo25m.stars.029+88_MGA.2M13042666+2816456,apogee_apo25m_stars_029+88_MGA_2M13042666+2816456.fits
apogee.apo25m.stars.040+88_MGA.2M13042666+2816456,apogee_apo25m_stars_040+88_MGA_2M13042666+2816456.fits
apogee.apo25m.stars.050+48_MGA.2M16010539+2948519,apogee_apo25m_stars_050+48_MGA_2M16010539+2948519.fits
apogee.apo25m.stars.050+48_MGA.2M16031674+3224422,apogee_apo25m_stars_050+48_MGA_2M16031674+3224422.fits
apogee.apo25m.stars.046+48_MGA.2M16060762+2948445,apogee_apo25m_stars_046+48_MGA_2M16060762+2948445.fits
apogee.apo25m.stars.048+88_MGA.2M13042666+2816456,apogee_apo25m_stars_048+88_MGA_2M13042666+2816456.fits
apogee.apo25m.stars.049+88_MGA.2M13042666+2816456,apogee_apo25m_stars_049+88_MGA_2M13042666+2816456.fits
apogee.apo25m.stars.052+87_MGA.2M13042666+2816456,apogee_apo25m_stars_052+87_MGA_2M13042666+2816456.fits
apogee.apo25m.stars.052+87_MGA.2M13040149+2711296,apogee_apo25m_stars_052+87_MGA_2M13040149+2711296.fits
apogee.apo25m.stars.029+88_MGA.2M13042666+2816456,apogee_apo25m_stars_029+88_MGA_2M13042666+2816456.fits
apogee.apo25m.stars.040+88_MGA.2M13042666+2816456,apogee_apo25m_stars_040+88_MGA_2M13042666+2816456.fits
apogee.apo25m.stars.054+87_MGA.2M13042666+2816456,apogee_apo25m_stars_054+87_MGA_2M13042666+2816456.fits
apogee.apo25m.stars.056+88_MGA.2M13042666+2816456,apogee_apo25m_stars_056+88_MGA_2M13042666+2816456.fits
apogee.apo25m.stars.062+88_MGA.2M13042666+2816456,apogee_apo25m_stars_062+88_MGA_2M13042666+2816456.fits
apogee.apo25m.stars.050+31_MGA.2M17192340+2614003,apogee_apo25m_stars_050+31_MGA_2M17192340+2614003.fits
apogee.apo25m.stars.050+31_MGA.2M17200807+2715137,apogee_apo25m_stars_050+31_MGA_2M17200807+2715137.fits
apogee.apo25m.stars.050+31_MGA.2M17203581+2839445,apogee_apo25m_stars_050+31_MGA_2M17203581+2839445.fits
apogee.apo25m.stars.048+88_MGA.2M13042666+2816456,apogee_apo25m_stars_048+88_MGA_2M13042666+2816456.fits
apogee.apo25m.stars.049+88_MGA.2M13042666+2816456,apogee_apo25m_stars_049+88_MGA_2M13042666+2816456.fits
apogee.apo25m.stars.052+87_MGA.2M13042666+2816456,apogee_apo25m_stars_052+87_MGA_2M13042666+2816456.fits
apogee.apo25m.stars.040+88_MGA.2M13043112+2824273,apogee_apo25m_stars_040+88_MGA_2M13043112+2824273.fits
apogee.apo25m.stars.042+87_MGA.2M13043112+2824273,apogee_apo25m_stars_042+87_MGA_2M13043112+2824273.fits
apogee.apo25m.stars.049+88_MGA.2M13043112+2824273,apogee_apo25m_stars_049+88_MGA_2M13043112+2824273.fits
apogee.apo25m.stars.049+60_MGA.2M15105621+3217545,apogee_apo25m_stars_049+60_MGA_2M15105621+3217545.fits
apogee.apo25m.stars.048-27_MGA.2M20592395-0012522,apogee_apo25m_stars_048-27_MGA_2M20592395-0012522.fits
apogee.apo25m.stars.050-29_MGA.2M21003792+0020381,apogee_apo25m_stars_050-29_MGA_2M21003792+0020381.fits
apogee.apo25m.stars.050+31_MGA.2M17211154+2807490,apogee_apo25m_stars_050+31_MGA_2M17211154+2807490.fits
apogee.apo25m.stars.050+31_MGA.2M17214486+2755402,apogee_apo25m_stars_050+31_MGA_2M17214486+2755402.fits
apogee.apo25m.stars.050+31_MGA.2M17214555+2651095,apogee_apo25m_stars_050+31_MGA_2M17214555+2651095.fits
apogee.apo25m.stars.049-44_MGA.2M21540499-0905010,apogee_apo25m_stars_049-44_MGA_2M21540499-0905010.fits
apogee.apo25m.stars.049-44_MGA.2M21541811-0853577,apogee_apo25m_stars_049-44_MGA_2M21541811-0853577.fits
apogee.apo25m.stars.049-44_MGA.2M21541982-0902397,apogee_apo25m_stars_049-44_MGA_2M21541982-0902397.fits
apogee.apo25m.stars.054+87_MGA.2M13042666+2816456,apogee_apo25m_stars_054+87_MGA_2M13042666+2816456.fits
apogee.apo25m.stars.056+88_MGA.2M13042666+2816456,apogee_apo25m_stars_056+88_MGA_2M13042666+2816456.fits
apogee.apo25m.stars.062+88_MGA.2M13042666+2816456,apogee_apo25m_stars_062+88_MGA_2M13042666+2816456.fits
apogee.apo25m.stars.052+87_MGA.2M13043112+2824273,apogee_apo25m_stars_052+87_MGA_2M13043112+2824273.fits
apogee.apo25m.stars.054+87_MGA.2M13043112+2824273,apogee_apo25m_stars_054+87_MGA_2M13043112+2824273.fits
apogee.apo25m.stars.063+88_MGA.2M13043112+2824273,apogee_apo25m_stars_063+88_MGA_2M13043112+2824273.fits
apogee.apo25m.stars.050-29_MGA.2M21005356+0057336,apogee_apo25m_stars_050-29_MGA_2M21005356+0057336.fits
apogee.apo25m.stars.050-29_MGA.2M21013510-0115439,apogee_apo25m_stars_050-29_MGA_2M21013510-0115439.fits
apogee.apo25m.stars.050-29_MGA.2M21014841-0110575,apogee_apo25m_stars_050-29_MGA_2M21014841-0110575.fits
apogee.apo25m.stars.050+31_MGA.2M17230609+2649319,apogee_apo25m_stars_050+31_MGA_2M17230609+2649319.fits
apogee.apo25m.stars.050+31_MGA.2M17231039+2655340,apogee_apo25m_stars_050+31_MGA_2M17231039+2655340.fits
apogee.apo25m.stars.050+31_MGA.2M17250146+2655341,apogee_apo25m_stars_050+31_MGA_2M17250146+2655341.fits
apogee.apo25m.stars.049+88_MGA.2M13042925+2836127,apogee_apo25m_stars_049+88_MGA_2M13042925+2836127.fits
apogee.apo25m.stars.052+87_MGA.2M13042925+2836127,apogee_apo25m_stars_052+87_MGA_2M13042925+2836127.fits
apogee.apo25m.stars.054+87_MGA.2M13042925+2836127,apogee_apo25m_stars_054+87_MGA_2M13042925+2836127.fits
apogee.apo25m.stars.049-44_MGA.2M21561781-0800454,apogee_apo25m_stars_049-44_MGA_2M21561781-0800454.fits
apogee.apo25m.stars.049-44_MGA.2M21564004-0736076,apogee_apo25m_stars_049-44_MGA_2M21564004-0736076.fits
apogee.apo25m.stars.049-44_MGA.2M21564227-0703021,apogee_apo25m_stars_049-44_MGA_2M21564227-0703021.fits
apogee.apo25m.stars.049+46_MGA.2M16180921+3027421,apogee_apo25m_stars_049+46_MGA_2M16180921+3027421.fits
apogee.apo25m.stars.052+44_MGA.2M16180921+3027421,apogee_apo25m_stars_052+44_MGA_2M16180921+3027421.fits
apogee.apo25m.stars.052+44_MGA.2M16184748+3254447,apogee_apo25m_stars_052+44_MGA_2M16184748+3254447.fits
apogee.apo25m.stars.062+88_MGA.2M13042925+2836127,apogee_apo25m_stars_062+88_MGA_2M13042925+2836127.fits
apogee.apo25m.stars.040+88_MGA.2M13043112+2824273,apogee_apo25m_stars_040+88_MGA_2M13043112+2824273.fits
apogee.apo25m.stars.042+87_MGA.2M13043112+2824273,apogee_apo25m_stars_042+87_MGA_2M13043112+2824273.fits
apogee.apo25m.stars.050-29_MGA.2M21025831+0037506,apogee_apo25m_stars_050-29_MGA_2M21025831+0037506.fits
apogee.apo25m.stars.050-29_MGA.2M21043902-0128021,apogee_apo25m_stars_050-29_MGA_2M21043902-0128021.fits
apogee.apo25m.stars.050-29_MGA.2M21055690-0052427,apogee_apo25m_stars_050-29_MGA_2M21055690-0052427.fits
apogee.apo25m.stars.053+46_MGA.2M16184748+3254447,apogee_apo25m_stars_053+46_MGA_2M16184748+3254447.fits
apogee.apo25m.stars.052+44_MGA.2M16204650+3100332,apogee_apo25m_stars_052+44_MGA_2M16204650+3100332.fits
apogee.apo25m.stars.052+44_MGA.2M16224183+3012271,apogee_apo25m_stars_052+44_MGA_2M16224183+3012271.fits
apogee.apo25m.stars.049+88_MGA.2M13043112+2824273,apogee_apo25m_stars_049+88_MGA_2M13043112+2824273.fits
apogee.apo25m.stars.052+87_MGA.2M13043112+2824273,apogee_apo25m_stars_052+87_MGA_2M13043112+2824273.fits
apogee.apo25m.stars.054+87_MGA.2M13043112+2824273,apogee_apo25m_stars_054+87_MGA_2M13043112+2824273.fits
apogee.apo25m.stars.050+40_MGA.2M16405819+2834080,apogee_apo25m_stars_050+40_MGA_2M16405819+2834080.fits
apogee.apo25m.stars.050+40_MGA.2M16484517+2950430,apogee_apo25m_stars_050+40_MGA_2M16484517+2950430.fits
apogee.apo25m.stars.050+48_MGA.2M15580333+3141411,apogee_apo25m_stars_050+48_MGA_2M15580333+3141411.fits
apogee.apo25m.stars.049-44_MGA.2M21570753-0816246,apogee_apo25m_stars_049-44_MGA_2M21570753-0816246.fits
apogee.apo25m.stars.049-44_MGA.2M21572634-0754450,apogee_apo25m_stars_049-44_MGA_2M21572634-0754450.fits
apogee.apo25m.stars.052-33_MGA.2M21212433-0021582,apogee_apo25m_stars_052-33_MGA_2M21212433-0021582.fits
apogee.apo25m.stars.050-29_MGA.2M21060046-0057060,apogee_apo25m_stars_050-29_MGA_2M21060046-0057060.fits
apogee.apo25m.stars.050-29_MGA.2M21061915-0111550,apogee_apo25m_stars_050-29_MGA_2M21061915-0111550.fits
apogee.apo25m.stars.051-31_MGA.2M21080295+0007428,apogee_apo25m_stars_051-31_MGA_2M21080295+0007428.fits
apogee.apo25m.stars.052+44_MGA.2M16250220+3259406,apogee_apo25m_stars_052+44_MGA_2M16250220+3259406.fits
apogee.apo25m.stars.052+44_MGA.2M16271437+3213329,apogee_apo25m_stars_052+44_MGA_2M16271437+3213329.fits
apogee.apo25m.stars.023+88_MGA.2M12591209+2729244,apogee_apo25m_stars_023+88_MGA_2M12591209+2729244.fits
apogee.apo25m.stars.063+88_MGA.2M13043112+2824273,apogee_apo25m_stars_063+88_MGA_2M13043112+2824273.fits
apogee.apo25m.stars.064+86_MGA.2M13043112+2824273,apogee_apo25m_stars_064+86_MGA_2M13043112+2824273.fits
apogee.apo25m.stars.029+88_MGA.2M13051441+2749500,apogee_apo25m_stars_029+88_MGA_2M13051441+2749500.fits
apogee.apo25m.stars.047+50_MGA.2M15590610+3007307,apogee_apo25m_stars_047+50_MGA_2M15590610+3007307.fits
apogee.apo25m.stars.053+32_MGA.2M17223321+2926479,apogee_apo25m_stars_053+32_MGA_2M17223321+2926479.fits
apogee.apo25m.stars.053+32_MGA.2M17230284+3055405,apogee_apo25m_stars_053+32_MGA_2M17230284+3055405.fits
apogee.apo25m.stars.052-33_MGA.2M21215374-0021506,apogee_apo25m_stars_052-33_MGA_2M21215374-0021506.fits
apogee.apo25m.stars.052-33_MGA.2M21221369-0117593,apogee_apo25m_stars_052-33_MGA_2M21221369-0117593.fits
apogee.apo25m.stars.052-33_MGA.2M21231264-0046424,apogee_apo25m_stars_052-33_MGA_2M21231264-0046424.fits
apogee.apo25m.stars.029+88_MGA.2M12591209+2729244,apogee_apo25m_stars_029+88_MGA_2M12591209+2729244.fits
apogee.apo25m.stars.040+88_MGA.2M12591209+2729244,apogee_apo25m_stars_040+88_MGA_2M12591209+2729244.fits
apogee.apo25m.stars.042+87_MGA.2M12591209+2729244,apogee_apo25m_stars_042+87_MGA_2M12591209+2729244.fits
apogee.apo25m.stars.040+88_MGA.2M13051441+2749500,apogee_apo25m_stars_040+88_MGA_2M13051441+2749500.fits
apogee.apo25m.stars.049+88_MGA.2M13051441+2749500,apogee_apo25m_stars_049+88_MGA_2M13051441+2749500.fits
apogee.apo25m.stars.053+88_MGA.2M13051441+2749500,apogee_apo25m_stars_053+88_MGA_2M13051441+2749500.fits
apogee.apo25m.stars.064+86_MGA.2M13043112+2824273,apogee_apo25m_stars_064+86_MGA_2M13043112+2824273.fits
apogee.apo25m.stars.056+88_MGA.2M13061991+2742241,apogee_apo25m_stars_056+88_MGA_2M13061991+2742241.fits
apogee.apo25m.stars.047-26_MGA.2M20503386+0052420,apogee_apo25m_stars_047-26_MGA_2M20503386+0052420.fits
apogee.apo25m.stars.053+33_MGA.2M17114515+3039198,apogee_apo25m_stars_053+33_MGA_2M17114515+3039198.fits
apogee.apo25m.stars.053+32_MGA.2M17130177+3043158,apogee_apo25m_stars_053+32_MGA_2M17130177+3043158.fits
apogee.apo25m.stars.053+35_MGA.2M17130177+3043158,apogee_apo25m_stars_053+35_MGA_2M17130177+3043158.fits
apogee.apo25m.stars.052-33_MGA.2M21243087-0115304,apogee_apo25m_stars_052-33_MGA_2M21243087-0115304.fits
apogee.apo25m.stars.052-33_MGA.2M21251944-0055538,apogee_apo25m_stars_052-33_MGA_2M21251944-0055538.fits
apogee.apo25m.stars.052-33_MGA.2M21252936-0003443,apogee_apo25m_stars_052-33_MGA_2M21252936-0003443.fits
apogee.apo25m.stars.045+89_MGA.2M12591209+2729244,apogee_apo25m_stars_045+89_MGA_2M12591209+2729244.fits
apogee.apo25m.stars.062+88_MGA.2M12591209+2729244,apogee_apo25m_stars_062+88_MGA_2M12591209+2729244.fits
apogee.apo25m.stars.077+89_MGA.2M12591209+2729244,apogee_apo25m_stars_077+89_MGA_2M12591209+2729244.fits
apogee.apo25m.stars.048-27_MGA.2M20503386+0052420,apogee_apo25m_stars_048-27_MGA_2M20503386+0052420.fits
apogee.apo25m.stars.048-27_MGA.2M20503852+0050422,apogee_apo25m_stars_048-27_MGA_2M20503852+0050422.fits
apogee.apo25m.stars.048-27_MGA.2M20512245+0053083,apogee_apo25m_stars_048-27_MGA_2M20512245+0053083.fits
apogee.apo25m.stars.052-33_MGA.2M21253002-0035399,apogee_apo25m_stars_052-33_MGA_2M21253002-0035399.fits
apogee.apo25m.stars.052-33_MGA.2M21253128+0030293,apogee_apo25m_stars_052-33_MGA_2M21253128+0030293.fits
apogee.apo25m.stars.052-33_MGA.2M21264687-0044592,apogee_apo25m_stars_052-33_MGA_2M21264687-0044592.fits
apogee.apo25m.stars.051-31_MGA.2M21083328+0015268,apogee_apo25m_stars_051-31_MGA_2M21083328+0015268.fits
apogee.apo25m.stars.050+63_MGA.2M15005934+3137431,apogee_apo25m_stars_050+63_MGA_2M15005934+3137431.fits
apogee.apo25m.stars.051-31_MGA.2M21080295+0007428,apogee_apo25m_stars_051-31_MGA_2M21080295+0007428.fits
apogee.apo25m.stars.053+33_MGA.2M17131312+3023457,apogee_apo25m_stars_053+33_MGA_2M17131312+3023457.fits
apogee.apo25m.stars.053+32_MGA.2M17192811+2946417,apogee_apo25m_stars_053+32_MGA_2M17192811+2946417.fits
apogee.apo25m.stars.053+33_MGA.2M17192811+2946417,apogee_apo25m_stars_053+33_MGA_2M17192811+2946417.fits
apogee.apo25m.stars.048-27_MGA.2M20533392-0051029,apogee_apo25m_stars_048-27_MGA_2M20533392-0051029.fits
apogee.apo25m.stars.048-27_MGA.2M20535779+0045395,apogee_apo25m_stars_048-27_MGA_2M20535779+0045395.fits
apogee.apo25m.stars.048-27_MGA.2M20550193+0057543,apogee_apo25m_stars_048-27_MGA_2M20550193+0057543.fits
apogee.apo25m.stars.101+89_MGA.2M12591209+2729244,apogee_apo25m_stars_101+89_MGA_2M12591209+2729244.fits
apogee.apo25m.stars.023+88_MGA.2M13021347+2709280,apogee_apo25m_stars_023+88_MGA_2M13021347+2709280.fits
apogee.apo25m.stars.029+88_MGA.2M13021347+2709280,apogee_apo25m_stars_029+88_MGA_2M13021347+2709280.fits
apogee.apo25m.stars.063+88_MGA.2M13051441+2749500,apogee_apo25m_stars_063+88_MGA_2M13051441+2749500.fits
apogee.apo25m.stars.056+88_MGA.2M13061991+2742241,apogee_apo25m_stars_056+88_MGA_2M13061991+2742241.fits
apogee.apo25m.stars.022+86_MGA.2M13065547+2704068,apogee_apo25m_stars_022+86_MGA_2M13065547+2704068.fits
apogee.apo25m.stars.049+60_MGA.2M15094973+3209504,apogee_apo25m_stars_049+60_MGA_2M15094973+3209504.fits
apogee.apo25m.stars.050+63_MGA.2M14473141+3136320,apogee_apo25m_stars_050+63_MGA_2M14473141+3136320.fits
apogee.apo25m.stars.050+63_MGA.2M14482512+3121497,apogee_apo25m_stars_050+63_MGA_2M14482512+3121497.fits
apogee.apo25m.stars.053+33_MGA.2M17232226+3041361,apogee_apo25m_stars_053+33_MGA_2M17232226+3041361.fits
apogee.apo25m.stars.055+36_MGA.2M17033780+3205415,apogee_apo25m_stars_055+36_MGA_2M17033780+3205415.fits
apogee.apo25m.stars.053+35_MGA.2M17034222+3153081,apogee_apo25m_stars_053+35_MGA_2M17034222+3153081.fits
apogee.apo25m.stars.053+32_MGA.2M17130177+3043158,apogee_apo25m_stars_053+32_MGA_2M17130177+3043158.fits
apogee.apo25m.stars.053+35_MGA.2M17130177+3043158,apogee_apo25m_stars_053+35_MGA_2M17130177+3043158.fits
apogee.apo25m.stars.053+32_MGA.2M17143335+3036499,apogee_apo25m_stars_053+32_MGA_2M17143335+3036499.fits
apogee.apo25m.stars.051-31_MGA.2M21083328+0015268,apogee_apo25m_stars_051-31_MGA_2M21083328+0015268.fits
apogee.apo25m.stars.053+38_MGA.2M16562188+3225052,apogee_apo25m_stars_053+38_MGA_2M16562188+3225052.fits
apogee.apo25m.stars.053+40_MGA.2M16410597+3300500,apogee_apo25m_stars_053+40_MGA_2M16410597+3300500.fits
apogee.apo25m.stars.050+63_MGA.2M14501376+3147222,apogee_apo25m_stars_050+63_MGA_2M14501376+3147222.fits
apogee.apo25m.stars.050+63_MGA.2M14503663+3143213,apogee_apo25m_stars_050+63_MGA_2M14503663+3143213.fits
apogee.apo25m.stars.050+63_MGA.2M14534187+3208295,apogee_apo25m_stars_050+63_MGA_2M14534187+3208295.fits
apogee.apo25m.stars.040+88_MGA.2M13065547+2704068,apogee_apo25m_stars_040+88_MGA_2M13065547+2704068.fits
apogee.apo25m.stars.049+88_MGA.2M13065547+2704068,apogee_apo25m_stars_049+88_MGA_2M13065547+2704068.fits
apogee.apo25m.stars.049+90_MGA.2M12483754+2828015,apogee_apo25m_stars_049+90_MGA_2M12483754+2828015.fits
apogee.apo25m.stars.053+33_MGA.2M17171081+2928260,apogee_apo25m_stars_053+33_MGA_2M17171081+2928260.fits
apogee.apo25m.stars.053+32_MGA.2M17182258+3036549,apogee_apo25m_stars_053+32_MGA_2M17182258+3036549.fits
apogee.apo25m.stars.053+32_MGA.2M17192706+3051196,apogee_apo25m_stars_053+32_MGA_2M17192706+3051196.fits
apogee.apo25m.stars.053+35_MGA.2M17035548+2957451,apogee_apo25m_stars_053+35_MGA_2M17035548+2957451.fits
apogee.apo25m.stars.053+35_MGA.2M17113195+3144444,apogee_apo25m_stars_053+35_MGA_2M17113195+3144444.fits
apogee.apo25m.stars.053+32_MGA.2M17130177+3043158,apogee_apo25m_stars_053+32_MGA_2M17130177+3043158.fits
apogee.apo25m.stars.048-27_MGA.2M20552686+0008159,apogee_apo25m_stars_048-27_MGA_2M20552686+0008159.fits
apogee.apo25m.stars.048-27_MGA.2M20574423+0014330,apogee_apo25m_stars_048-27_MGA_2M20574423+0014330.fits
apogee.apo25m.stars.048-27_MGA.2M20575410+0001061,apogee_apo25m_stars_048-27_MGA_2M20575410+0001061.fits
apogee.apo25m.stars.101+89_MGA.2M12483754+2828015,apogee_apo25m_stars_101+89_MGA_2M12483754+2828015.fits
apogee.apo25m.stars.049+90_MGA.2M12494936+2605397,apogee_apo25m_stars_049+90_MGA_2M12494936+2605397.fits
apogee.apo25m.stars.049+90_MGA.2M12495290+2548214,apogee_apo25m_stars_049+90_MGA_2M12495290+2548214.fits
apogee.apo25m.stars.050+63_MGA.2M14541659+3255328,apogee_apo25m_stars_050+63_MGA_2M14541659+3255328.fits
apogee.apo25m.stars.050+63_MGA.2M15003229+3113258,apogee_apo25m_stars_050+63_MGA_2M15003229+3113258.fits
apogee.apo25m.stars.050+63_MGA.2M15005934+3137431,apogee_apo25m_stars_050+63_MGA_2M15005934+3137431.fits
apogee.apo25m.stars.053+32_MGA.2M17192811+2946417,apogee_apo25m_stars_053+32_MGA_2M17192811+2946417.fits
apogee.apo25m.stars.053+33_MGA.2M17192811+2946417,apogee_apo25m_stars_053+33_MGA_2M17192811+2946417.fits
apogee.apo25m.stars.053+32_MGA.2M17193759+3043059,apogee_apo25m_stars_053+32_MGA_2M17193759+3043059.fits
apogee.apo25m.stars.053+35_MGA.2M17130177+3043158,apogee_apo25m_stars_053+35_MGA_2M17130177+3043158.fits
apogee.apo25m.stars.053+38_MGA.2M16475372+3217598,apogee_apo25m_stars_053+38_MGA_2M16475372+3217598.fits
apogee.apo25m.stars.053+38_MGA.2M16503242+3240000,apogee_apo25m_stars_053+38_MGA_2M16503242+3240000.fits
apogee.apo25m.stars.048-27_MGA.2M20590351+0041370,apogee_apo25m_stars_048-27_MGA_2M20590351+0041370.fits
apogee.apo25m.stars.048-27_MGA.2M20592395-0012522,apogee_apo25m_stars_048-27_MGA_2M20592395-0012522.fits
apogee.apo25m.stars.048-43_MGA.2M21441459-0748016,apogee_apo25m_stars_048-43_MGA_2M21441459-0748016.fits
apogee.apo25m.stars.042+87_MGA.2M13021347+2709280,apogee_apo25m_stars_042+87_MGA_2M13021347+2709280.fits
apogee.apo25m.stars.045+89_MGA.2M13021347+2709280,apogee_apo25m_stars_045+89_MGA_2M13021347+2709280.fits
apogee.apo25m.stars.049+88_MGA.2M13021347+2709280,apogee_apo25m_stars_049+88_MGA_2M13021347+2709280.fits
apogee.apo25m.stars.319+88_MGA.2M12495290+2548214,apogee_apo25m_stars_319+88_MGA_2M12495290+2548214.fits
apogee.apo25m.stars.059+89_MGA.2M12503961+2814289,apogee_apo25m_stars_059+89_MGA_2M12503961+2814289.fits
apogee.apo25m.stars.077+89_MGA.2M12503961+2814289,apogee_apo25m_stars_077+89_MGA_2M12503961+2814289.fits
apogee.apo25m.stars.052+87_MGA.2M13021347+2709280,apogee_apo25m_stars_052+87_MGA_2M13021347+2709280.fits
apogee.apo25m.stars.053+88_MGA.2M13021347+2709280,apogee_apo25m_stars_053+88_MGA_2M13021347+2709280.fits
apogee.apo25m.stars.054+87_MGA.2M13021347+2709280,apogee_apo25m_stars_054+87_MGA_2M13021347+2709280.fits
apogee.apo25m.stars.053+46_MGA.2M16103458+3159151,apogee_apo25m_stars_053+46_MGA_2M16103458+3159151.fits
apogee.apo25m.stars.053+46_MGA.2M16121012+3200032,apogee_apo25m_stars_053+46_MGA_2M16121012+3200032.fits
apogee.apo25m.stars.053+58_MGA.2M15110712+3327417,apogee_apo25m_stars_053+58_MGA_2M15110712+3327417.fits
apogee.apo25m.stars.101+89_MGA.2M12503961+2814289,apogee_apo25m_stars_101+89_MGA_2M12503961+2814289.fits
apogee.apo25m.stars.045+89_MGA.2M12512629+2759211,apogee_apo25m_stars_045+89_MGA_2M12512629+2759211.fits
apogee.apo25m.stars.077+89_MGA.2M12512629+2759211,apogee_apo25m_stars_077+89_MGA_2M12512629+2759211.fits
apogee.apo25m.stars.059+89_MGA.2M13021347+2709280,apogee_apo25m_stars_059+89_MGA_2M13021347+2709280.fits
apogee.apo25m.stars.052+87_MGA.2M13024999+2721409,apogee_apo25m_stars_052+87_MGA_2M13024999+2721409.fits
apogee.apo25m.stars.053+88_MGA.2M13024999+2721409,apogee_apo25m_stars_053+88_MGA_2M13024999+2721409.fits
apogee.apo25m.stars.059+89_MGA.2M13024999+2721409,apogee_apo25m_stars_059+89_MGA_2M13024999+2721409.fits
apogee.apo25m.stars.040+88_MGA.2M13025250+2749475,apogee_apo25m_stars_040+88_MGA_2M13025250+2749475.fits
apogee.apo25m.stars.052+87_MGA.2M13025250+2749475,apogee_apo25m_stars_052+87_MGA_2M13025250+2749475.fits
apogee.apo25m.stars.101+89_MGA.2M12512629+2759211,apogee_apo25m_stars_101+89_MGA_2M12512629+2759211.fits
apogee.apo25m.stars.NGP.2M12512629+2759211,apogee_apo25m_stars_NGP_2M12512629+2759211.fits
apogee.apo25m.stars.014+89_MGA.2M12535248+2656030,apogee_apo25m_stars_014+89_MGA_2M12535248+2656030.fits
apogee.apo25m.stars.054+87_MGA.2M13025250+2749475,apogee_apo25m_stars_054+87_MGA_2M13025250+2749475.fits
apogee.apo25m.stars.059+89_MGA.2M13025250+2749475,apogee_apo25m_stars_059+89_MGA_2M13025250+2749475.fits
apogee.apo25m.stars.062+88_MGA.2M13025250+2749475,apogee_apo25m_stars_062+88_MGA_2M13025250+2749475.fits
apogee.apo25m.stars.023+88_MGA.2M12535248+2656030,apogee_apo25m_stars_023+88_MGA_2M12535248+2656030.fits
apogee.apo25m.stars.045+89_MGA.2M12535248+2656030,apogee_apo25m_stars_045+89_MGA_2M12535248+2656030.fits
apogee.apo25m.stars.049+90_MGA.2M12535248+2656030,apogee_apo25m_stars_049+90_MGA_2M12535248+2656030.fits
apogee.apo25m.stars.063+88_MGA.2M13025250+2749475,apogee_apo25m_stars_063+88_MGA_2M13025250+2749475.fits
apogee.apo25m.stars.076+88_MGA.2M13025250+2749475,apogee_apo25m_stars_076+88_MGA_2M13025250+2749475.fits
apogee.apo25m.stars.042+87_MGA.2M13033113+2742275,apogee_apo25m_stars_042+87_MGA_2M13033113+2742275.fits
apogee.apo25m.stars.048+88_MGA.2M13033113+2742275,apogee_apo25m_stars_048+88_MGA_2M13033113+2742275.fits
apogee.apo25m.stars.049+88_MGA.2M13033113+2742275,apogee_apo25m_stars_049+88_MGA_2M13033113+2742275.fits
apogee.apo25m.stars.052+87_MGA.2M13033113+2742275,apogee_apo25m_stars_052+87_MGA_2M13033113+2742275.fits
apogee.apo25m.stars.059+89_MGA.2M12535248+2656030,apogee_apo25m_stars_059+89_MGA_2M12535248+2656030.fits
apogee.apo25m.stars.076+88_MGA.2M12535248+2656030,apogee_apo25m_stars_076+88_MGA_2M12535248+2656030.fits
apogee.apo25m.stars.319+88_MGA.2M12535248+2656030,apogee_apo25m_stars_319+88_MGA_2M12535248+2656030.fits
apogee.apo25m.stars.059+89_MGA.2M13033113+2742275,apogee_apo25m_stars_059+89_MGA_2M13033113+2742275.fits
apogee.apo25m.stars.062+88_MGA.2M13033113+2742275,apogee_apo25m_stars_062+88_MGA_2M13033113+2742275.fits
apogee.apo25m.stars.063+88_MGA.2M13033113+2742275,apogee_apo25m_stars_063+88_MGA_2M13033113+2742275.fits
apogee.apo25m.stars.023+88_MGA.2M13034902+2739198,apogee_apo25m_stars_023+88_MGA_2M13034902+2739198.fits
apogee.apo25m.stars.029+88_MGA.2M13034902+2739198,apogee_apo25m_stars_029+88_MGA_2M13034902+2739198.fits
apogee.apo25m.stars.042+87_MGA.2M13034902+2739198,apogee_apo25m_stars_042+87_MGA_2M13034902+2739198.fits
apogee.apo25m.stars.048+88_MGA.2M13034902+2739198,apogee_apo25m_stars_048+88_MGA_2M13034902+2739198.fits
apogee.apo25m.stars.049+88_MGA.2M13034902+2739198,apogee_apo25m_stars_049+88_MGA_2M13034902+2739198.fits
apogee.apo25m.stars.052+87_MGA.2M13034902+2739198,apogee_apo25m_stars_052+87_MGA_2M13034902+2739198.fits
apogee.apo25m.stars.053+88_MGA.2M13034902+2739198,apogee_apo25m_stars_053+88_MGA_2M13034902+2739198.fits
apogee.apo25m.stars.062+88_MGA.2M13034902+2739198,apogee_apo25m_stars_062+88_MGA_2M13034902+2739198.fits
apogee.apo25m.stars.063+88_MGA.2M13034902+2739198,apogee_apo25m_stars_063+88_MGA_2M13034902+2739198.fits
apogee.apo25m.stars.022+86_MGA.2M13040149+2711296,apogee_apo25m_stars_022+86_MGA_2M13040149+2711296.fits
apogee.apo25m.stars.023+88_MGA.2M13040149+2711296,apogee_apo25m_stars_023+88_MGA_2M13040149+2711296.fits
apogee.apo25m.stars.029+88_MGA.2M13040149+2711296,apogee_apo25m_stars_029+88_MGA_2M13040149+2711296.fits
apogee.apo25m.stars.042+87_MGA.2M13040149+2711296,apogee_apo25m_stars_042+87_MGA_2M13040149+2711296.fits
apogee.apo25m.stars.049+88_MGA.2M13040149+2711296,apogee_apo25m_stars_049+88_MGA_2M13040149+2711296.fits
apogee.apo25m.stars.052+87_MGA.2M13040149+2711296,apogee_apo25m_stars_052+87_MGA_2M13040149+2711296.fits
apogee.apo25m.stars.052+87_MGA.2M13041155+2917070,apogee_apo25m_stars_052+87_MGA_2M13041155+2917070.fits
apogee.apo25m.stars.054+87_MGA.2M13041155+2917070,apogee_apo25m_stars_054+87_MGA_2M13041155+2917070.fits
apogee.apo25m.stars.063+88_MGA.2M13041155+2917070,apogee_apo25m_stars_063+88_MGA_2M13041155+2917070.fits
apogee.apo25m.stars.064+86_MGA.2M13041155+2917070,apogee_apo25m_stars_064+86_MGA_2M13041155+2917070.fits
apogee.apo25m.stars.029+88_MGA.2M13042666+2816456,apogee_apo25m_stars_029+88_MGA_2M13042666+2816456.fits
apogee.apo25m.stars.040+88_MGA.2M13042666+2816456,apogee_apo25m_stars_040+88_MGA_2M13042666+2816456.fits
apogee.apo25m.stars.048+88_MGA.2M13042666+2816456,apogee_apo25m_stars_048+88_MGA_2M13042666+2816456.fits
apogee.apo25m.stars.049+88_MGA.2M13042666+2816456,apogee_apo25m_stars_049+88_MGA_2M13042666+2816456.fits
apogee.apo25m.stars.052+87_MGA.2M13042666+2816456,apogee_apo25m_stars_052+87_MGA_2M13042666+2816456.fits
apogee.apo25m.stars.054+87_MGA.2M13042666+2816456,apogee_apo25m_stars_054+87_MGA_2M13042666+2816456.fits
apogee.apo25m.stars.056+88_MGA.2M13042666+2816456,apogee_apo25m_stars_056+88_MGA_2M13042666+2816456.fits
apogee.apo25m.stars.062+88_MGA.2M13042666+2816456,apogee_apo25m_stars_062+88_MGA_2M13042666+2816456.fits
apogee.apo25m.stars.040+88_MGA.2M13043112+2824273,apogee_apo25m_stars_040+88_MGA_2M13043112+2824273.fits
apogee.apo25m.stars.042+87_MGA.2M13043112+2824273,apogee_apo25m_stars_042+87_MGA_2M13043112+2824273.fits
apogee.apo25m.stars.049+88_MGA.2M13043112+2824273,apogee_apo25m_stars_049+88_MGA_2M13043112+2824273.fits
apogee.apo25m.stars.041+81_MGA.2M13310510+2906273,apogee_apo25m_stars_041+81_MGA_2M13310510+2906273.fits
apogee.apo25m.stars.050+80_MGA.2M13412222+2925133,apogee_apo25m_stars_050+80_MGA_2M13412222+2925133.fits
apogee.apo25m.stars.054+79_MGA.2M13440924+2958597,apogee_apo25m_stars_054+79_MGA_2M13440924+2958597.fits
apogee.apo25m.stars.053+38_MGA.2M16514108+3039256,apogee_apo25m_stars_053+38_MGA_2M16514108+3039256.fits
apogee.apo25m.stars.053+38_MGA.2M16514356+3139051,apogee_apo25m_stars_053+38_MGA_2M16514356+3139051.fits
apogee.apo25m.stars.053+32_MGA.2M17130177+3043158,apogee_apo25m_stars_053+32_MGA_2M17130177+3043158.fits
apogee.apo25m.stars.052+87_MGA.2M13043112+2824273,apogee_apo25m_stars_052+87_MGA_2M13043112+2824273.fits
apogee.apo25m.stars.054+87_MGA.2M13043112+2824273,apogee_apo25m_stars_054+87_MGA_2M13043112+2824273.fits
apogee.apo25m.stars.063+88_MGA.2M13043112+2824273,apogee_apo25m_stars_063+88_MGA_2M13043112+2824273.fits
apogee.apo25m.stars.049+88_MGA.2M12582896+2837252,apogee_apo25m_stars_049+88_MGA_2M12582896+2837252.fits
apogee.apo25m.stars.053+88_MGA.2M12582896+2837252,apogee_apo25m_stars_053+88_MGA_2M12582896+2837252.fits
apogee.apo25m.stars.054+87_MGA.2M12582896+2837252,apogee_apo25m_stars_054+87_MGA_2M12582896+2837252.fits
apogee.apo25m.stars.056+88_MGA.2M12582896+2837252,apogee_apo25m_stars_056+88_MGA_2M12582896+2837252.fits
apogee.apo25m.stars.059+89_MGA.2M12582896+2837252,apogee_apo25m_stars_059+89_MGA_2M12582896+2837252.fits
apogee.apo25m.stars.062+88_MGA.2M12582896+2837252,apogee_apo25m_stars_062+88_MGA_2M12582896+2837252.fits
apogee.apo25m.stars.053+35_MGA.2M17130177+3043158,apogee_apo25m_stars_053+35_MGA_2M17130177+3043158.fits
apogee.apo25m.stars.055+33_MGA.2M17131274+3207008,apogee_apo25m_stars_055+33_MGA_2M17131274+3207008.fits
apogee.apo25m.stars.055+33_MGA.2M17161289+3138269,apogee_apo25m_stars_055+33_MGA_2M17161289+3138269.fits
apogee.apo25m.stars.053+58_MGA.2M15205211+3433213,apogee_apo25m_stars_053+58_MGA_2M15205211+3433213.fits
apogee.apo25m.stars.053+58_MGA.2M15212994+3429302,apogee_apo25m_stars_053+58_MGA_2M15212994+3429302.fits
apogee.apo25m.stars.040+88_MGA.2M12535967+2811383,apogee_apo25m_stars_040+88_MGA_2M12535967+2811383.fits
apogee.apo25m.stars.077+89_MGA.2M12582896+2837252,apogee_apo25m_stars_077+89_MGA_2M12582896+2837252.fits
apogee.apo25m.stars.063+88_MGA.2M12583598+2711429,apogee_apo25m_stars_063+88_MGA_2M12583598+2711429.fits
apogee.apo25m.stars.014+89_MGA.2M12591811+2702546,apogee_apo25m_stars_014+89_MGA_2M12591811+2702546.fits
apogee.apo25m.stars.055+33_MGA.2M17200783+3233342,apogee_apo25m_stars_055+33_MGA_2M17200783+3233342.fits
apogee.apo25m.stars.055+33_MGA.2M17214235+3155373,apogee_apo25m_stars_055+33_MGA_2M17214235+3155373.fits
apogee.apo25m.stars.055+36_MGA.2M16562511+3334243,apogee_apo25m_stars_055+36_MGA_2M16562511+3334243.fits
apogee.apo25m.stars.045+89_MGA.2M12591811+2702546,apogee_apo25m_stars_045+89_MGA_2M12591811+2702546.fits
apogee.apo25m.stars.048+88_MGA.2M12591811+2702546,apogee_apo25m_stars_048+88_MGA_2M12591811+2702546.fits
apogee.apo25m.stars.049+88_MGA.2M12591811+2702546,apogee_apo25m_stars_049+88_MGA_2M12591811+2702546.fits
apogee.apo25m.stars.048+88_MGA.2M12535967+2811383,apogee_apo25m_stars_048+88_MGA_2M12535967+2811383.fits
apogee.apo25m.stars.053+88_MGA.2M12535967+2811383,apogee_apo25m_stars_053+88_MGA_2M12535967+2811383.fits
apogee.apo25m.stars.056+88_MGA.2M12535967+2811383,apogee_apo25m_stars_056+88_MGA_2M12535967+2811383.fits
apogee.apo25m.stars.064+86_MGA.2M13043112+2824273,apogee_apo25m_stars_064+86_MGA_2M13043112+2824273.fits
apogee.apo25m.stars.023+88_MGA.2M13045542+2706511,apogee_apo25m_stars_023+88_MGA_2M13045542+2706511.fits
apogee.apo25m.stars.022+86_MGA.2M13065547+2704068,apogee_apo25m_stars_022+86_MGA_2M13065547+2704068.fits
apogee.apo25m.stars.054+87_MGA.2M12591811+2702546,apogee_apo25m_stars_054+87_MGA_2M12591811+2702546.fits
apogee.apo25m.stars.056+88_MGA.2M12591811+2702546,apogee_apo25m_stars_056+88_MGA_2M12591811+2702546.fits
apogee.apo25m.stars.063+88_MGA.2M12591811+2702546,apogee_apo25m_stars_063+88_MGA_2M12591811+2702546.fits
apogee.apo25m.stars.059+89_MGA.2M12535967+2811383,apogee_apo25m_stars_059+89_MGA_2M12535967+2811383.fits
apogee.apo25m.stars.062+88_MGA.2M12535967+2811383,apogee_apo25m_stars_062+88_MGA_2M12535967+2811383.fits
apogee.apo25m.stars.063+88_MGA.2M12535967+2811383,apogee_apo25m_stars_063+88_MGA_2M12535967+2811383.fits
apogee.apo25m.stars.055+36_MGA.2M16580321+3307096,apogee_apo25m_stars_055+36_MGA_2M16580321+3307096.fits
apogee.apo25m.stars.055+36_MGA.2M17005830+3324404,apogee_apo25m_stars_055+36_MGA_2M17005830+3324404.fits
apogee.apo25m.stars.055+36_MGA.2M17011415+3356299,apogee_apo25m_stars_055+36_MGA_2M17011415+3356299.fits
apogee.apo25m.stars.053+58_MGA.2M15145759+3346429,apogee_apo25m_stars_053+58_MGA_2M15145759+3346429.fits
apogee.apo25m.stars.053+58_MGA.2M15190049+3420443,apogee_apo25m_stars_053+58_MGA_2M15190049+3420443.fits
apogee.apo25m.stars.056-37_MGA.2M21385475-0054466,apogee_apo25m_stars_056-37_MGA_2M21385475-0054466.fits
apogee.apo25m.stars.056-37_MGA.2M21390077-0050584,apogee_apo25m_stars_056-37_MGA_2M21390077-0050584.fits
apogee.apo25m.stars.056-37_MGA.2M21390234-0018313,apogee_apo25m_stars_056-37_MGA_2M21390234-0018313.fits
apogee.apo25m.stars.056-37_MGA.2M21391005+0121552,apogee_apo25m_stars_056-37_MGA_2M21391005+0121552.fits
apogee.apo25m.stars.055+36_MGA.2M17014643+3335108,apogee_apo25m_stars_055+36_MGA_2M17014643+3335108.fits
apogee.apo25m.stars.053+35_MGA.2M17023203+3205271,apogee_apo25m_stars_053+35_MGA_2M17023203+3205271.fits
apogee.apo25m.stars.055+36_MGA.2M17023203+3205271,apogee_apo25m_stars_055+36_MGA_2M17023203+3205271.fits
apogee.apo25m.stars.040+88_MGA.2M13065547+2704068,apogee_apo25m_stars_040+88_MGA_2M13065547+2704068.fits
apogee.apo25m.stars.049+88_MGA.2M13065547+2704068,apogee_apo25m_stars_049+88_MGA_2M13065547+2704068.fits
apogee.apo25m.stars.029+88_MGA.2M13075050+2730053,apogee_apo25m_stars_029+88_MGA_2M13075050+2730053.fits
apogee.apo25m.stars.042+41_MGA.2M16265533+2427270,apogee_apo25m_stars_042+41_MGA_2M16265533+2427270.fits
apogee.apo25m.stars.042+41_MGA.2M16291542+2451280,apogee_apo25m_stars_042+41_MGA_2M16291542+2451280.fits
apogee.apo25m.stars.042+41_MGA.2M16293446+2419059,apogee_apo25m_stars_042+41_MGA_2M16293446+2419059.fits
apogee.apo25m.stars.055+36_MGA.2M17033780+3205415,apogee_apo25m_stars_055+36_MGA_2M17033780+3205415.fits
apogee.apo25m.stars.055+36_MGA.2M17035059+3240070,apogee_apo25m_stars_055+36_MGA_2M17035059+3240070.fits
apogee.apo25m.stars.055+36_MGA.2M17041764+3131197,apogee_apo25m_stars_055+36_MGA_2M17041764+3131197.fits
apogee.apo25m.stars.049+88_MGA.2M13075050+2730053,apogee_apo25m_stars_049+88_MGA_2M13075050+2730053.fits
apogee.apo25m.stars.052+87_MGA.2M13081224+2910326,apogee_apo25m_stars_052+87_MGA_2M13081224+2910326.fits
apogee.apo25m.stars.037+85_MGA.2M13101271+2746534,apogee_apo25m_stars_037+85_MGA_2M13101271+2746534.fits
apogee.apo25m.stars.056-37_MGA.2M21395398-0016257,apogee_apo25m_stars_056-37_MGA_2M21395398-0016257.fits
apogee.apo25m.stars.056-37_MGA.2M21404758+0108491,apogee_apo25m_stars_056-37_MGA_2M21404758+0108491.fits
apogee.apo25m.stars.056-37_MGA.2M21410162-0034320,apogee_apo25m_stars_056-37_MGA_2M21410162-0034320.fits
apogee.apo25m.stars.057+41_MGA.2M16451058+3435085,apogee_apo25m_stars_057+41_MGA_2M16451058+3435085.fits
apogee.apo25m.stars.058+37_MGA.2M16545147+3346440,apogee_apo25m_stars_058+37_MGA_2M16545147+3346440.fits
apogee.apo25m.stars.058+37_MGA.2M16571699+3547119,apogee_apo25m_stars_058+37_MGA_2M16571699+3547119.fits
apogee.apo25m.stars.052+87_MGA.2M13101271+2746534,apogee_apo25m_stars_052+87_MGA_2M13101271+2746534.fits
apogee.apo25m.stars.052+87_MGA.2M13105235+2818163,apogee_apo25m_stars_052+87_MGA_2M13105235+2818163.fits
apogee.apo25m.stars.052+87_MGA.2M13111623+2805390,apogee_apo25m_stars_052+87_MGA_2M13111623+2805390.fits
apogee.apo25m.stars.058+37_MGA.2M16582758+3610544,apogee_apo25m_stars_058+37_MGA_2M16582758+3610544.fits
apogee.apo25m.stars.060+38_MGA.2M16582758+3610544,apogee_apo25m_stars_060+38_MGA_2M16582758+3610544.fits
apogee.apo25m.stars.058+37_MGA.2M16584012+3605320,apogee_apo25m_stars_058+37_MGA_2M16584012+3605320.fits
apogee.apo25m.stars.044+42_MGA.2M16293446+2419059,apogee_apo25m_stars_044+42_MGA_2M16293446+2419059.fits
apogee.apo25m.stars.044+40_MGA.2M16314765+2432096,apogee_apo25m_stars_044+40_MGA_2M16314765+2432096.fits
apogee.apo25m.stars.042+41_MGA.2M16351486+2410244,apogee_apo25m_stars_042+41_MGA_2M16351486+2410244.fits
apogee.apo25m.stars.056-37_MGA.2M21443956+0113481,apogee_apo25m_stars_056-37_MGA_2M21443956+0113481.fits
apogee.apo25m.stars.056-37_MGA.2M21450209-0007237,apogee_apo25m_stars_056-37_MGA_2M21450209-0007237.fits
apogee.apo25m.stars.057+35_MGA.2M17040747+3411118,apogee_apo25m_stars_057+35_MGA_2M17040747+3411118.fits
apogee.apo25m.stars.041+81_MGA.2M13254577+2829346,apogee_apo25m_stars_041+81_MGA_2M13254577+2829346.fits
apogee.apo25m.stars.055+82_MGA.2M13262167+2954271,apogee_apo25m_stars_055+82_MGA_2M13262167+2954271.fits
apogee.apo25m.stars.056+39_MGA.2M16460370+3426435,apogee_apo25m_stars_056+39_MGA_2M16460370+3426435.fits
apogee.apo25m.stars.052-33_MGA.2M21180421+0017177,apogee_apo25m_stars_052-33_MGA_2M21180421+0017177.fits
apogee.apo25m.stars.052-33_MGA.2M21201637-0101130,apogee_apo25m_stars_052-33_MGA_2M21201637-0101130.fits
apogee.apo25m.stars.052-33_MGA.2M21204776-0114397,apogee_apo25m_stars_052-33_MGA_2M21204776-0114397.fits
apogee.apo25m.stars.055+63_MGA.2M14474209+3255309,apogee_apo25m_stars_055+63_MGA_2M14474209+3255309.fits
apogee.apo25m.stars.055+63_MGA.2M14530234+3400534,apogee_apo25m_stars_055+63_MGA_2M14530234+3400534.fits
apogee.apo25m.stars.055+63_MGA.2M14565762+3256239,apogee_apo25m_stars_055+63_MGA_2M14565762+3256239.fits
apogee.apo25m.stars.058+37_MGA.2M16595005+3509099,apogee_apo25m_stars_058+37_MGA_2M16595005+3509099.fits
apogee.apo25m.stars.058+37_MGA.2M16595956+3343305,apogee_apo25m_stars_058+37_MGA_2M16595956+3343305.fits
apogee.apo25m.stars.058+37_MGA.2M17014456+3553238,apogee_apo25m_stars_058+37_MGA_2M17014456+3553238.fits
apogee.apo25m.stars.042+41_MGA.2M16360390+2408426,apogee_apo25m_stars_042+41_MGA_2M16360390+2408426.fits
apogee.apo25m.stars.044+40_MGA.2M16360390+2408426,apogee_apo25m_stars_044+40_MGA_2M16360390+2408426.fits
apogee.apo25m.stars.043+44_MGA.2M16164539+2538022,apogee_apo25m_stars_043+44_MGA_2M16164539+2538022.fits
apogee.apo25m.stars.056+39_MGA.2M16484365+3244126,apogee_apo25m_stars_056+39_MGA_2M16484365+3244126.fits
apogee.apo25m.stars.056+39_MGA.2M16503232+3318194,apogee_apo25m_stars_056+39_MGA_2M16503232+3318194.fits
apogee.apo25m.stars.056+39_MGA.2M16513459+3443258,apogee_apo25m_stars_056+39_MGA_2M16513459+3443258.fits
apogee.apo25m.stars.055+63_MGA.2M14574976+3312130,apogee_apo25m_stars_055+63_MGA_2M14574976+3312130.fits
apogee.apo25m.stars.055+82_MGA.2M13212146+2915132,apogee_apo25m_stars_055+82_MGA_2M13212146+2915132.fits
apogee.apo25m.stars.055+82_MGA.2M13214609+3010369,apogee_apo25m_stars_055+82_MGA_2M13214609+3010369.fits
apogee.apo25m.stars.042+45_MGA.2M16164809+2514454,apogee_apo25m_stars_042+45_MGA_2M16164809+2514454.fits
apogee.apo25m.stars.043+44_MGA.2M16164809+2514454,apogee_apo25m_stars_043+44_MGA_2M16164809+2514454.fits
apogee.apo25m.stars.039+45_MGA.2M16173712+2314176,apogee_apo25m_stars_039+45_MGA_2M16173712+2314176.fits
apogee.apo25m.stars.057+35_MGA.2M17052501+3330005,apogee_apo25m_stars_057+35_MGA_2M17052501+3330005.fits
apogee.apo25m.stars.057+35_MGA.2M17074958+3423185,apogee_apo25m_stars_057+35_MGA_2M17074958+3423185.fits
apogee.apo25m.stars.057+35_MGA.2M17090247+3255097,apogee_apo25m_stars_057+35_MGA_2M17090247+3255097.fits
apogee.apo25m.stars.060+38_MGA.2M17014456+3553238,apogee_apo25m_stars_060+38_MGA_2M17014456+3553238.fits
apogee.apo25m.stars.058+37_MGA.2M17023209+3537465,apogee_apo25m_stars_058+37_MGA_2M17023209+3537465.fits
apogee.apo25m.stars.058+37_MGA.2M17025681+3546100,apogee_apo25m_stars_058+37_MGA_2M17025681+3546100.fits
apogee.apo25m.stars.069+83_MGA.2M13221199+3020493,apogee_apo25m_stars_069+83_MGA_2M13221199+3020493.fits
apogee.apo25m.stars.055+82_MGA.2M13230441+3047514,apogee_apo25m_stars_055+82_MGA_2M13230441+3047514.fits
apogee.apo25m.stars.069+83_MGA.2M13230441+3047514,apogee_apo25m_stars_069+83_MGA_2M13230441+3047514.fits
apogee.apo25m.stars.058+44_MGA.2M16330167+3646597,apogee_apo25m_stars_058+44_MGA_2M16330167+3646597.fits
apogee.apo25m.stars.057+41_MGA.2M16335389+3512202,apogee_apo25m_stars_057+41_MGA_2M16335389+3512202.fits
apogee.apo25m.stars.058+57.2M15224821+3705493,apogee_apo25m_stars_058+57_2M15224821+3705493.fits
apogee.apo25m.stars.056+39_MGA.2M16514997+3318253,apogee_apo25m_stars_056+39_MGA_2M16514997+3318253.fits
apogee.apo25m.stars.056+39_MGA.2M16521554+3330517,apogee_apo25m_stars_056+39_MGA_2M16521554+3330517.fits
apogee.apo25m.stars.040+88_MGA.2M12535967+2811383,apogee_apo25m_stars_040+88_MGA_2M12535967+2811383.fits
apogee.apo25m.stars.048+88_MGA.2M12535967+2811383,apogee_apo25m_stars_048+88_MGA_2M12535967+2811383.fits
apogee.apo25m.stars.053+88_MGA.2M12535967+2811383,apogee_apo25m_stars_053+88_MGA_2M12535967+2811383.fits
apogee.apo25m.stars.056+88_MGA.2M12535967+2811383,apogee_apo25m_stars_056+88_MGA_2M12535967+2811383.fits
apogee.apo25m.stars.058+37_MGA.2M17031148+3427561,apogee_apo25m_stars_058+37_MGA_2M17031148+3427561.fits
apogee.apo25m.stars.059+36_MGA.2M17031148+3427561,apogee_apo25m_stars_059+36_MGA_2M17031148+3427561.fits
apogee.apo25m.stars.058+37_MGA.2M17043900+3350505,apogee_apo25m_stars_058+37_MGA_2M17043900+3350505.fits
apogee.apo25m.stars.057+35_MGA.2M17110592+3453266,apogee_apo25m_stars_057+35_MGA_2M17110592+3453266.fits
apogee.apo25m.stars.055+33_MGA.2M17114378+3230392,apogee_apo25m_stars_055+33_MGA_2M17114378+3230392.fits
apogee.apo25m.stars.057+35_MGA.2M17114378+3230392,apogee_apo25m_stars_057+35_MGA_2M17114378+3230392.fits
apogee.apo25m.stars.059+89_MGA.2M12535967+2811383,apogee_apo25m_stars_059+89_MGA_2M12535967+2811383.fits
apogee.apo25m.stars.062+88_MGA.2M12535967+2811383,apogee_apo25m_stars_062+88_MGA_2M12535967+2811383.fits
apogee.apo25m.stars.063+88_MGA.2M12535967+2811383,apogee_apo25m_stars_063+88_MGA_2M12535967+2811383.fits
apogee.apo25m.stars.042+43_MGA.2M16173712+2314176,apogee_apo25m_stars_042+43_MGA_2M16173712+2314176.fits
apogee.apo25m.stars.042+43_MGA.2M16174076+2457047,apogee_apo25m_stars_042+43_MGA_2M16174076+2457047.fits
apogee.apo25m.stars.042+43_MGA.2M16200596+2444275,apogee_apo25m_stars_042+43_MGA_2M16200596+2444275.fits
apogee.apo25m.stars.058-39_MGA.2M21495637-0035184,apogee_apo25m_stars_058-39_MGA_2M21495637-0035184.fits
apogee.apo25m.stars.058-39_MGA.2M21530435-0017378,apogee_apo25m_stars_058-39_MGA_2M21530435-0017378.fits
apogee.apo25m.stars.058-39_MGA.2M21543673+0020359,apogee_apo25m_stars_058-39_MGA_2M21543673+0020359.fits
apogee.apo25m.stars.076+88_MGA.2M12535967+2811383,apogee_apo25m_stars_076+88_MGA_2M12535967+2811383.fits
apogee.apo25m.stars.077+89_MGA.2M12535967+2811383,apogee_apo25m_stars_077+89_MGA_2M12535967+2811383.fits
apogee.apo25m.stars.014+89_MGA.2M12550791+2742022,apogee_apo25m_stars_014+89_MGA_2M12550791+2742022.fits
apogee.apo25m.stars.057+35_MGA.2M17123936+3225546,apogee_apo25m_stars_057+35_MGA_2M17123936+3225546.fits
apogee.apo25m.stars.057+35_MGA.2M17130216+3422349,apogee_apo25m_stars_057+35_MGA_2M17130216+3422349.fits
apogee.apo25m.stars.057+35_MGA.2M17131002+3355543,apogee_apo25m_stars_057+35_MGA_2M17131002+3355543.fits
apogee.apo25m.stars.043+44_MGA.2M16200596+2444275,apogee_apo25m_stars_043+44_MGA_2M16200596+2444275.fits
apogee.apo25m.stars.042+43_MGA.2M16214304+2522086,apogee_apo25m_stars_042+43_MGA_2M16214304+2522086.fits
apogee.apo25m.stars.043+44_MGA.2M16214304+2522086,apogee_apo25m_stars_043+44_MGA_2M16214304+2522086.fits
apogee.apo25m.stars.058+39_MGA.2M16433029+3647468,apogee_apo25m_stars_058+39_MGA_2M16433029+3647468.fits
apogee.apo25m.stars.058+39_MGA.2M16441621+3456400,apogee_apo25m_stars_058+39_MGA_2M16441621+3456400.fits
apogee.apo25m.stars.058+39_MGA.2M16464030+3706050,apogee_apo25m_stars_058+39_MGA_2M16464030+3706050.fits
apogee.apo25m.stars.023+88_MGA.2M12550791+2742022,apogee_apo25m_stars_023+88_MGA_2M12550791+2742022.fits
apogee.apo25m.stars.040+88_MGA.2M12550791+2742022,apogee_apo25m_stars_040+88_MGA_2M12550791+2742022.fits
apogee.apo25m.stars.045+89_MGA.2M12550791+2742022,apogee_apo25m_stars_045+89_MGA_2M12550791+2742022.fits
apogee.apo25m.stars.058-39_MGA.2M21550926+0101024,apogee_apo25m_stars_058-39_MGA_2M21550926+0101024.fits
apogee.apo25m.stars.058-39_MGA.2M21560554+0043192,apogee_apo25m_stars_058-39_MGA_2M21560554+0043192.fits
apogee.apo25m.stars.059-41_MGA.2M21560554+0043192,apogee_apo25m_stars_059-41_MGA_2M21560554+0043192.fits
apogee.apo25m.stars.040+43_MGA.2M16233446+2352019,apogee_apo25m_stars_040+43_MGA_2M16233446+2352019.fits
apogee.apo25m.stars.042+43_MGA.2M16234482+2441178,apogee_apo25m_stars_042+43_MGA_2M16234482+2441178.fits
apogee.apo25m.stars.042+43_MGA.2M16234487+2439455,apogee_apo25m_stars_042+43_MGA_2M16234487+2439455.fits
apogee.apo25m.stars.053+88_MGA.2M12550791+2742022,apogee_apo25m_stars_053+88_MGA_2M12550791+2742022.fits
apogee.apo25m.stars.076+88_MGA.2M12550791+2742022,apogee_apo25m_stars_076+88_MGA_2M12550791+2742022.fits
apogee.apo25m.stars.077+89_MGA.2M12550791+2742022,apogee_apo25m_stars_077+89_MGA_2M12550791+2742022.fits
apogee.apo25m.stars.057+35_MGA.2M17143773+3413228,apogee_apo25m_stars_057+35_MGA_2M17143773+3413228.fits
apogee.apo25m.stars.057+41_MGA.2M16331803+3521171,apogee_apo25m_stars_057+41_MGA_2M16331803+3521171.fits
apogee.apo25m.stars.057+41_MGA.2M16335389+3512202,apogee_apo25m_stars_057+41_MGA_2M16335389+3512202.fits
apogee.apo25m.stars.058-39_MGA.2M21582154-0030107,apogee_apo25m_stars_058-39_MGA_2M21582154-0030107.fits
apogee.apo25m.stars.059+36_MGA.2M17001771+3556434,apogee_apo25m_stars_059+36_MGA_2M17001771+3556434.fits
apogee.apo25m.stars.059+36_MGA.2M17002129+3618515,apogee_apo25m_stars_059+36_MGA_2M17002129+3618515.fits
apogee.apo25m.stars.058+39_MGA.2M16492428+3446566,apogee_apo25m_stars_058+39_MGA_2M16492428+3446566.fits
apogee.apo25m.stars.058+39_MGA.2M16512050+3650363,apogee_apo25m_stars_058+39_MGA_2M16512050+3650363.fits
apogee.apo25m.stars.058+44_MGA.2M16232714+3624044,apogee_apo25m_stars_058+44_MGA_2M16232714+3624044.fits
apogee.apo25m.stars.101+89_MGA.2M12550791+2742022,apogee_apo25m_stars_101+89_MGA_2M12550791+2742022.fits
apogee.apo25m.stars.062+88_MGA.2M12561360+2903057,apogee_apo25m_stars_062+88_MGA_2M12561360+2903057.fits
apogee.apo25m.stars.101+89_MGA.2M12561360+2903057,apogee_apo25m_stars_101+89_MGA_2M12561360+2903057.fits
apogee.apo25m.stars.042+43_MGA.2M16243438+2357506,apogee_apo25m_stars_042+43_MGA_2M16243438+2357506.fits
apogee.apo25m.stars.042+41_MGA.2M16263677+2414428,apogee_apo25m_stars_042+41_MGA_2M16263677+2414428.fits
apogee.apo25m.stars.042+43_MGA.2M16263677+2414428,apogee_apo25m_stars_042+43_MGA_2M16263677+2414428.fits
apogee.apo25m.stars.057+41_MGA.2M16355121+3459067,apogee_apo25m_stars_057+41_MGA_2M16355121+3459067.fits
apogee.apo25m.stars.057+41_MGA.2M16364167+3452598,apogee_apo25m_stars_057+41_MGA_2M16364167+3452598.fits
apogee.apo25m.stars.057+41_MGA.2M16372783+3351381,apogee_apo25m_stars_057+41_MGA_2M16372783+3351381.fits
apogee.apo25m.stars.059+36_MGA.2M17012565+3558473,apogee_apo25m_stars_059+36_MGA_2M17012565+3558473.fits
apogee.apo25m.stars.059+36_MGA.2M17023018+3608470,apogee_apo25m_stars_059+36_MGA_2M17023018+3608470.fits
apogee.apo25m.stars.060+38_MGA.2M17023018+3608470,apogee_apo25m_stars_060+38_MGA_2M17023018+3608470.fits
apogee.apo25m.stars.041+47_MGA.2M16073593+2511159,apogee_apo25m_stars_041+47_MGA_2M16073593+2511159.fits
apogee.apo25m.stars.042+45_MGA.2M16073593+2511159,apogee_apo25m_stars_042+45_MGA_2M16073593+2511159.fits
apogee.apo25m.stars.041+47_MGA.2M16080110+2545246,apogee_apo25m_stars_041+47_MGA_2M16080110+2545246.fits
apogee.apo25m.stars.058+37_MGA.2M17023209+3537465,apogee_apo25m_stars_058+37_MGA_2M17023209+3537465.fits
apogee.apo25m.stars.058+37_MGA.2M17024334+3532569,apogee_apo25m_stars_058+37_MGA_2M17024334+3532569.fits
apogee.apo25m.stars.059+36_MGA.2M17024334+3532569,apogee_apo25m_stars_059+36_MGA_2M17024334+3532569.fits
apogee.apo25m.stars.042+45_MGA.2M16080110+2545246,apogee_apo25m_stars_042+45_MGA_2M16080110+2545246.fits
apogee.apo25m.stars.043+46_MGA.2M16080110+2545246,apogee_apo25m_stars_043+46_MGA_2M16080110+2545246.fits
apogee.apo25m.stars.044+47_MGA.2M16080110+2545246,apogee_apo25m_stars_044+47_MGA_2M16080110+2545246.fits
apogee.apo25m.stars.060+38_MGA.2M17024334+3532569,apogee_apo25m_stars_060+38_MGA_2M17024334+3532569.fits
apogee.apo25m.stars.058+37_MGA.2M17031148+3427561,apogee_apo25m_stars_058+37_MGA_2M17031148+3427561.fits
apogee.apo25m.stars.059+36_MGA.2M17031148+3427561,apogee_apo25m_stars_059+36_MGA_2M17031148+3427561.fits
apogee.apo25m.stars.076+88_MGA.2M12535967+2811383,apogee_apo25m_stars_076+88_MGA_2M12535967+2811383.fits
apogee.apo25m.stars.077+89_MGA.2M12535967+2811383,apogee_apo25m_stars_077+89_MGA_2M12535967+2811383.fits
apogee.apo25m.stars.014+89_MGA.2M12550791+2742022,apogee_apo25m_stars_014+89_MGA_2M12550791+2742022.fits
apogee.apo25m.stars.023+88_MGA.2M12550791+2742022,apogee_apo25m_stars_023+88_MGA_2M12550791+2742022.fits
apogee.apo25m.stars.040+88_MGA.2M12550791+2742022,apogee_apo25m_stars_040+88_MGA_2M12550791+2742022.fits
apogee.apo25m.stars.045+89_MGA.2M12550791+2742022,apogee_apo25m_stars_045+89_MGA_2M12550791+2742022.fits
apogee.apo25m.stars.063+88_MGA.2M12583598+2711429,apogee_apo25m_stars_063+88_MGA_2M12583598+2711429.fits
apogee.apo25m.stars.052+87_MGA.2M13020605+2919097,apogee_apo25m_stars_052+87_MGA_2M13020605+2919097.fits
apogee.apo25m.stars.056+88_MGA.2M13020605+2919097,apogee_apo25m_stars_056+88_MGA_2M13020605+2919097.fits
apogee.apo25m.stars.063+88_MGA.2M13020605+2919097,apogee_apo25m_stars_063+88_MGA_2M13020605+2919097.fits
apogee.apo25m.stars.064+86_MGA.2M13020605+2919097,apogee_apo25m_stars_064+86_MGA_2M13020605+2919097.fits
apogee.apo25m.stars.350+87_MGA.2M13021138+2640024,apogee_apo25m_stars_350+87_MGA_2M13021138+2640024.fits
apogee.apo25m.stars.053+88_MGA.2M12550791+2742022,apogee_apo25m_stars_053+88_MGA_2M12550791+2742022.fits
apogee.apo25m.stars.076+88_MGA.2M12550791+2742022,apogee_apo25m_stars_076+88_MGA_2M12550791+2742022.fits
apogee.apo25m.stars.077+89_MGA.2M12550791+2742022,apogee_apo25m_stars_077+89_MGA_2M12550791+2742022.fits
apogee.apo25m.stars.023+88_MGA.2M13021347+2709280,apogee_apo25m_stars_023+88_MGA_2M13021347+2709280.fits
apogee.apo25m.stars.029+88_MGA.2M13021347+2709280,apogee_apo25m_stars_029+88_MGA_2M13021347+2709280.fits
apogee.apo25m.stars.042+87_MGA.2M13021347+2709280,apogee_apo25m_stars_042+87_MGA_2M13021347+2709280.fits
apogee.apo25m.stars.055+36_MGA.2M17043295+3412302,apogee_apo25m_stars_055+36_MGA_2M17043295+3412302.fits
apogee.apo25m.stars.059+36_MGA.2M17043295+3412302,apogee_apo25m_stars_059+36_MGA_2M17043295+3412302.fits
apogee.apo25m.stars.059+36_MGA.2M17044703+3637440,apogee_apo25m_stars_059+36_MGA_2M17044703+3637440.fits
apogee.apo25m.stars.101+89_MGA.2M12550791+2742022,apogee_apo25m_stars_101+89_MGA_2M12550791+2742022.fits
apogee.apo25m.stars.062+88_MGA.2M12561360+2903057,apogee_apo25m_stars_062+88_MGA_2M12561360+2903057.fits
apogee.apo25m.stars.101+89_MGA.2M12561360+2903057,apogee_apo25m_stars_101+89_MGA_2M12561360+2903057.fits
apogee.apo25m.stars.045+89_MGA.2M13021347+2709280,apogee_apo25m_stars_045+89_MGA_2M13021347+2709280.fits
apogee.apo25m.stars.049+88_MGA.2M13021347+2709280,apogee_apo25m_stars_049+88_MGA_2M13021347+2709280.fits
apogee.apo25m.stars.052+87_MGA.2M13021347+2709280,apogee_apo25m_stars_052+87_MGA_2M13021347+2709280.fits
apogee.apo25m.stars.053+88_MGA.2M13021347+2709280,apogee_apo25m_stars_053+88_MGA_2M13021347+2709280.fits
apogee.apo25m.stars.054+87_MGA.2M13021347+2709280,apogee_apo25m_stars_054+87_MGA_2M13021347+2709280.fits
apogee.apo25m.stars.059+89_MGA.2M13021347+2709280,apogee_apo25m_stars_059+89_MGA_2M13021347+2709280.fits
apogee.apo25m.stars.077+89_MGA.2M12591811+2702546,apogee_apo25m_stars_077+89_MGA_2M12591811+2702546.fits
apogee.apo25m.stars.014+89_MGA.2M12595831+2700142,apogee_apo25m_stars_014+89_MGA_2M12595831+2700142.fits
apogee.apo25m.stars.023+88_MGA.2M12595831+2700142,apogee_apo25m_stars_023+88_MGA_2M12595831+2700142.fits
apogee.apo25m.stars.049+88_MGA.2M12582896+2837252,apogee_apo25m_stars_049+88_MGA_2M12582896+2837252.fits
apogee.apo25m.stars.053+88_MGA.2M12582896+2837252,apogee_apo25m_stars_053+88_MGA_2M12582896+2837252.fits
apogee.apo25m.stars.054+87_MGA.2M12582896+2837252,apogee_apo25m_stars_054+87_MGA_2M12582896+2837252.fits
apogee.apo25m.stars.029+88_MGA.2M12595831+2700142,apogee_apo25m_stars_029+88_MGA_2M12595831+2700142.fits
apogee.apo25m.stars.040+88_MGA.2M12595831+2700142,apogee_apo25m_stars_040+88_MGA_2M12595831+2700142.fits
apogee.apo25m.stars.045+89_MGA.2M12595831+2700142,apogee_apo25m_stars_045+89_MGA_2M12595831+2700142.fits
apogee.apo25m.stars.040+88_MGA.2M13025250+2749475,apogee_apo25m_stars_040+88_MGA_2M13025250+2749475.fits
apogee.apo25m.stars.052+87_MGA.2M13025250+2749475,apogee_apo25m_stars_052+87_MGA_2M13025250+2749475.fits
apogee.apo25m.stars.054+87_MGA.2M13025250+2749475,apogee_apo25m_stars_054+87_MGA_2M13025250+2749475.fits
apogee.apo25m.stars.057+41_MGA.2M16373457+3408182,apogee_apo25m_stars_057+41_MGA_2M16373457+3408182.fits
apogee.apo25m.stars.057+41_MGA.2M16401831+3613129,apogee_apo25m_stars_057+41_MGA_2M16401831+3613129.fits
apogee.apo25m.stars.060+00.2M19461933+2449504,apogee_apo25m_stars_060+00_2M19461933+2449504.fits
apogee.apo25m.stars.055+82_MGA.2M13233113+3108405,apogee_apo25m_stars_055+82_MGA_2M13233113+3108405.fits
apogee.apo25m.stars.069+83_MGA.2M13233113+3108405,apogee_apo25m_stars_069+83_MGA_2M13233113+3108405.fits
apogee.apo25m.stars.059+36_MGA.2M17093424+3608220,apogee_apo25m_stars_059+36_MGA_2M17093424+3608220.fits
apogee.apo25m.stars.059+36_MGA.2M17054298+3451219,apogee_apo25m_stars_059+36_MGA_2M17054298+3451219.fits
apogee.apo25m.stars.060+30.2M17335227+3602473,apogee_apo25m_stars_060+30_2M17335227+3602473.fits
apogee.apo25m.stars.058+39_MGA.2M16512050+3650363,apogee_apo25m_stars_058+39_MGA_2M16512050+3650363.fits
apogee.apo25m.stars.049+88_MGA.2M12595831+2700142,apogee_apo25m_stars_049+88_MGA_2M12595831+2700142.fits
apogee.apo25m.stars.054+87_MGA.2M12595831+2700142,apogee_apo25m_stars_054+87_MGA_2M12595831+2700142.fits
apogee.apo25m.stars.056+88_MGA.2M12595831+2700142,apogee_apo25m_stars_056+88_MGA_2M12595831+2700142.fits
apogee.apo25m.stars.056+88_MGA.2M12582896+2837252,apogee_apo25m_stars_056+88_MGA_2M12582896+2837252.fits
apogee.apo25m.stars.059+89_MGA.2M12582896+2837252,apogee_apo25m_stars_059+89_MGA_2M12582896+2837252.fits
apogee.apo25m.stars.062+88_MGA.2M12582896+2837252,apogee_apo25m_stars_062+88_MGA_2M12582896+2837252.fits
apogee.apo25m.stars.059+89_MGA.2M12595831+2700142,apogee_apo25m_stars_059+89_MGA_2M12595831+2700142.fits
apogee.apo25m.stars.063+88_MGA.2M12595831+2700142,apogee_apo25m_stars_063+88_MGA_2M12595831+2700142.fits
apogee.apo25m.stars.077+89_MGA.2M12595831+2700142,apogee_apo25m_stars_077+89_MGA_2M12595831+2700142.fits
apogee.apo25m.stars.059+89_MGA.2M13025250+2749475,apogee_apo25m_stars_059+89_MGA_2M13025250+2749475.fits
apogee.apo25m.stars.062+88_MGA.2M13025250+2749475,apogee_apo25m_stars_062+88_MGA_2M13025250+2749475.fits
apogee.apo25m.stars.063+88_MGA.2M13025250+2749475,apogee_apo25m_stars_063+88_MGA_2M13025250+2749475.fits
apogee.apo25m.stars.059-41_MGA.2M21581384-0021074,apogee_apo25m_stars_059-41_MGA_2M21581384-0021074.fits
apogee.apo25m.stars.059-41_MGA.2M21583310-0112548,apogee_apo25m_stars_059-41_MGA_2M21583310-0112548.fits
apogee.apo25m.stars.059-41_MGA.2M22010726+0125276,apogee_apo25m_stars_059-41_MGA_2M22010726+0125276.fits
apogee.apo25m.stars.076+88_MGA.2M13025250+2749475,apogee_apo25m_stars_076+88_MGA_2M13025250+2749475.fits
apogee.apo25m.stars.042+87_MGA.2M13033113+2742275,apogee_apo25m_stars_042+87_MGA_2M13033113+2742275.fits
apogee.apo25m.stars.048+88_MGA.2M13033113+2742275,apogee_apo25m_stars_048+88_MGA_2M13033113+2742275.fits
apogee.apo25m.stars.060+38_MGA.2M16533939+3542043,apogee_apo25m_stars_060+38_MGA_2M16533939+3542043.fits
apogee.apo25m.stars.060+38_MGA.2M16553831+3721092,apogee_apo25m_stars_060+38_MGA_2M16553831+3721092.fits
apogee.apo25m.stars.062+39_MGA.2M16553831+3721092,apogee_apo25m_stars_062+39_MGA_2M16553831+3721092.fits
apogee.apo25m.stars.077+89_MGA.2M12582896+2837252,apogee_apo25m_stars_077+89_MGA_2M12582896+2837252.fits
apogee.apo25m.stars.063+88_MGA.2M12583598+2711429,apogee_apo25m_stars_063+88_MGA_2M12583598+2711429.fits
apogee.apo25m.stars.023+88_MGA.2M12591209+2729244,apogee_apo25m_stars_023+88_MGA_2M12591209+2729244.fits
apogee.apo25m.stars.062+39_MGA.2M16560201+3712377,apogee_apo25m_stars_062+39_MGA_2M16560201+3712377.fits
apogee.apo25m.stars.058+37_MGA.2M16560901+3532244,apogee_apo25m_stars_058+37_MGA_2M16560901+3532244.fits
apogee.apo25m.stars.060+38_MGA.2M16560901+3532244,apogee_apo25m_stars_060+38_MGA_2M16560901+3532244.fits
apogee.apo25m.stars.049+88_MGA.2M13033113+2742275,apogee_apo25m_stars_049+88_MGA_2M13033113+2742275.fits
apogee.apo25m.stars.052+87_MGA.2M13033113+2742275,apogee_apo25m_stars_052+87_MGA_2M13033113+2742275.fits
apogee.apo25m.stars.059+89_MGA.2M13033113+2742275,apogee_apo25m_stars_059+89_MGA_2M13033113+2742275.fits
apogee.apo25m.stars.059-41_MGA.2M22013725+0027208,apogee_apo25m_stars_059-41_MGA_2M22013725+0027208.fits
apogee.apo25m.stars.059-41_MGA.2M22015485+0000186,apogee_apo25m_stars_059-41_MGA_2M22015485+0000186.fits
apogee.apo25m.stars.059-41_MGA.2M22025323+0121469,apogee_apo25m_stars_059-41_MGA_2M22025323+0121469.fits
apogee.apo25m.stars.029+88_MGA.2M12591209+2729244,apogee_apo25m_stars_029+88_MGA_2M12591209+2729244.fits
apogee.apo25m.stars.040+88_MGA.2M12591209+2729244,apogee_apo25m_stars_040+88_MGA_2M12591209+2729244.fits
apogee.apo25m.stars.042+87_MGA.2M12591209+2729244,apogee_apo25m_stars_042+87_MGA_2M12591209+2729244.fits
apogee.apo25m.stars.062+88_MGA.2M13033113+2742275,apogee_apo25m_stars_062+88_MGA_2M13033113+2742275.fits
apogee.apo25m.stars.063+88_MGA.2M13033113+2742275,apogee_apo25m_stars_063+88_MGA_2M13033113+2742275.fits
apogee.apo25m.stars.029+88_MGA.2M13033828+2711582,apogee_apo25m_stars_029+88_MGA_2M13033828+2711582.fits
apogee.apo25m.stars.023+88_MGA.2M13021347+2709280,apogee_apo25m_stars_023+88_MGA_2M13021347+2709280.fits
apogee.apo25m.stars.029+88_MGA.2M13021347+2709280,apogee_apo25m_stars_029+88_MGA_2M13021347+2709280.fits
apogee.apo25m.stars.042+87_MGA.2M13021347+2709280,apogee_apo25m_stars_042+87_MGA_2M13021347+2709280.fits
apogee.apo25m.stars.058+37_MGA.2M16571699+3547119,apogee_apo25m_stars_058+37_MGA_2M16571699+3547119.fits
apogee.apo25m.stars.060+38_MGA.2M16571862+3754554,apogee_apo25m_stars_060+38_MGA_2M16571862+3754554.fits
apogee.apo25m.stars.062+39_MGA.2M16571862+3754554,apogee_apo25m_stars_062+39_MGA_2M16571862+3754554.fits
apogee.apo25m.stars.045+89_MGA.2M13021347+2709280,apogee_apo25m_stars_045+89_MGA_2M13021347+2709280.fits
apogee.apo25m.stars.049+88_MGA.2M13021347+2709280,apogee_apo25m_stars_049+88_MGA_2M13021347+2709280.fits
apogee.apo25m.stars.052+87_MGA.2M13021347+2709280,apogee_apo25m_stars_052+87_MGA_2M13021347+2709280.fits
apogee.apo25m.stars.045+89_MGA.2M12591209+2729244,apogee_apo25m_stars_045+89_MGA_2M12591209+2729244.fits
apogee.apo25m.stars.062+88_MGA.2M12591209+2729244,apogee_apo25m_stars_062+88_MGA_2M12591209+2729244.fits
apogee.apo25m.stars.077+89_MGA.2M12591209+2729244,apogee_apo25m_stars_077+89_MGA_2M12591209+2729244.fits
apogee.apo25m.stars.042+87_MGA.2M13033828+2711582,apogee_apo25m_stars_042+87_MGA_2M13033828+2711582.fits
apogee.apo25m.stars.022+86_MGA.2M13040149+2711296,apogee_apo25m_stars_022+86_MGA_2M13040149+2711296.fits
apogee.apo25m.stars.023+88_MGA.2M13040149+2711296,apogee_apo25m_stars_023+88_MGA_2M13040149+2711296.fits
apogee.apo25m.stars.058+37_MGA.2M16582758+3610544,apogee_apo25m_stars_058+37_MGA_2M16582758+3610544.fits
apogee.apo25m.stars.060+38_MGA.2M16582758+3610544,apogee_apo25m_stars_060+38_MGA_2M16582758+3610544.fits
apogee.apo25m.stars.058+37_MGA.2M16592947+3544329,apogee_apo25m_stars_058+37_MGA_2M16592947+3544329.fits
apogee.apo25m.stars.053+88_MGA.2M13021347+2709280,apogee_apo25m_stars_053+88_MGA_2M13021347+2709280.fits
apogee.apo25m.stars.054+87_MGA.2M13021347+2709280,apogee_apo25m_stars_054+87_MGA_2M13021347+2709280.fits
apogee.apo25m.stars.059+89_MGA.2M13021347+2709280,apogee_apo25m_stars_059+89_MGA_2M13021347+2709280.fits
apogee.apo25m.stars.029+88_MGA.2M13040149+2711296,apogee_apo25m_stars_029+88_MGA_2M13040149+2711296.fits
apogee.apo25m.stars.042+87_MGA.2M13040149+2711296,apogee_apo25m_stars_042+87_MGA_2M13040149+2711296.fits
apogee.apo25m.stars.049+88_MGA.2M13040149+2711296,apogee_apo25m_stars_049+88_MGA_2M13040149+2711296.fits
apogee.apo25m.stars.101+89_MGA.2M12591209+2729244,apogee_apo25m_stars_101+89_MGA_2M12591209+2729244.fits
apogee.apo25m.stars.014+89_MGA.2M12591811+2702546,apogee_apo25m_stars_014+89_MGA_2M12591811+2702546.fits
apogee.apo25m.stars.045+89_MGA.2M12591811+2702546,apogee_apo25m_stars_045+89_MGA_2M12591811+2702546.fits
apogee.apo25m.stars.060+38_MGA.2M16592947+3544329,apogee_apo25m_stars_060+38_MGA_2M16592947+3544329.fits
apogee.apo25m.stars.058+37_MGA.2M16594784+3521169,apogee_apo25m_stars_058+37_MGA_2M16594784+3521169.fits
apogee.apo25m.stars.060+38_MGA.2M16594784+3521169,apogee_apo25m_stars_060+38_MGA_2M16594784+3521169.fits
apogee.apo25m.stars.040+88_MGA.2M13025250+2749475,apogee_apo25m_stars_040+88_MGA_2M13025250+2749475.fits
apogee.apo25m.stars.052+87_MGA.2M13025250+2749475,apogee_apo25m_stars_052+87_MGA_2M13025250+2749475.fits
apogee.apo25m.stars.054+87_MGA.2M13025250+2749475,apogee_apo25m_stars_054+87_MGA_2M13025250+2749475.fits
apogee.apo25m.stars.048+88_MGA.2M12591811+2702546,apogee_apo25m_stars_048+88_MGA_2M12591811+2702546.fits
apogee.apo25m.stars.049+88_MGA.2M12591811+2702546,apogee_apo25m_stars_049+88_MGA_2M12591811+2702546.fits
apogee.apo25m.stars.054+87_MGA.2M12591811+2702546,apogee_apo25m_stars_054+87_MGA_2M12591811+2702546.fits
apogee.apo25m.stars.052+87_MGA.2M13040149+2711296,apogee_apo25m_stars_052+87_MGA_2M13040149+2711296.fits
apogee.apo25m.stars.029+88_MGA.2M13042666+2816456,apogee_apo25m_stars_029+88_MGA_2M13042666+2816456.fits
apogee.apo25m.stars.040+88_MGA.2M13042666+2816456,apogee_apo25m_stars_040+88_MGA_2M13042666+2816456.fits
apogee.apo25m.stars.059+89_MGA.2M13025250+2749475,apogee_apo25m_stars_059+89_MGA_2M13025250+2749475.fits
apogee.apo25m.stars.062+88_MGA.2M13025250+2749475,apogee_apo25m_stars_062+88_MGA_2M13025250+2749475.fits
apogee.apo25m.stars.063+88_MGA.2M13025250+2749475,apogee_apo25m_stars_063+88_MGA_2M13025250+2749475.fits
apogee.apo25m.stars.060+38_MGA.2M17010739+3648451,apogee_apo25m_stars_060+38_MGA_2M17010739+3648451.fits
apogee.apo25m.stars.058+37_MGA.2M17014456+3553238,apogee_apo25m_stars_058+37_MGA_2M17014456+3553238.fits
apogee.apo25m.stars.060+38_MGA.2M17014456+3553238,apogee_apo25m_stars_060+38_MGA_2M17014456+3553238.fits
apogee.apo25m.stars.048+88_MGA.2M13042666+2816456,apogee_apo25m_stars_048+88_MGA_2M13042666+2816456.fits
apogee.apo25m.stars.049+88_MGA.2M13042666+2816456,apogee_apo25m_stars_049+88_MGA_2M13042666+2816456.fits
apogee.apo25m.stars.052+87_MGA.2M13042666+2816456,apogee_apo25m_stars_052+87_MGA_2M13042666+2816456.fits
apogee.apo25m.stars.056+88_MGA.2M12591811+2702546,apogee_apo25m_stars_056+88_MGA_2M12591811+2702546.fits
apogee.apo25m.stars.063+88_MGA.2M12591811+2702546,apogee_apo25m_stars_063+88_MGA_2M12591811+2702546.fits
apogee.apo25m.stars.077+89_MGA.2M12591811+2702546,apogee_apo25m_stars_077+89_MGA_2M12591811+2702546.fits
apogee.apo25m.stars.076+88_MGA.2M13025250+2749475,apogee_apo25m_stars_076+88_MGA_2M13025250+2749475.fits
apogee.apo25m.stars.042+87_MGA.2M13033113+2742275,apogee_apo25m_stars_042+87_MGA_2M13033113+2742275.fits
apogee.apo25m.stars.048+88_MGA.2M13033113+2742275,apogee_apo25m_stars_048+88_MGA_2M13033113+2742275.fits
apogee.apo25m.stars.054+87_MGA.2M13042666+2816456,apogee_apo25m_stars_054+87_MGA_2M13042666+2816456.fits
apogee.apo25m.stars.056+88_MGA.2M13042666+2816456,apogee_apo25m_stars_056+88_MGA_2M13042666+2816456.fits
apogee.apo25m.stars.062+88_MGA.2M13042666+2816456,apogee_apo25m_stars_062+88_MGA_2M13042666+2816456.fits
apogee.apo25m.stars.060+38_MGA.2M17015283+3740245,apogee_apo25m_stars_060+38_MGA_2M17015283+3740245.fits
apogee.apo25m.stars.060+38_MGA.2M17020429+3752034,apogee_apo25m_stars_060+38_MGA_2M17020429+3752034.fits
apogee.apo25m.stars.058+37_MGA.2M17024334+3532569,apogee_apo25m_stars_058+37_MGA_2M17024334+3532569.fits
apogee.apo25m.stars.049+88_MGA.2M13033113+2742275,apogee_apo25m_stars_049+88_MGA_2M13033113+2742275.fits
apogee.apo25m.stars.052+87_MGA.2M13033113+2742275,apogee_apo25m_stars_052+87_MGA_2M13033113+2742275.fits
apogee.apo25m.stars.059+89_MGA.2M13033113+2742275,apogee_apo25m_stars_059+89_MGA_2M13033113+2742275.fits
apogee.apo25m.stars.059+36_MGA.2M17122979+3552252,apogee_apo25m_stars_059+36_MGA_2M17122979+3552252.fits
apogee.apo25m.stars.059+36_MGA.2M17131386+3508535,apogee_apo25m_stars_059+36_MGA_2M17131386+3508535.fits
apogee.apo25m.stars.014+89_MGA.2M12542763+2639160,apogee_apo25m_stars_014+89_MGA_2M12542763+2639160.fits
apogee.apo25m.stars.040+88_MGA.2M13043112+2824273,apogee_apo25m_stars_040+88_MGA_2M13043112+2824273.fits
apogee.apo25m.stars.042+87_MGA.2M13043112+2824273,apogee_apo25m_stars_042+87_MGA_2M13043112+2824273.fits
apogee.apo25m.stars.049+88_MGA.2M13043112+2824273,apogee_apo25m_stars_049+88_MGA_2M13043112+2824273.fits
apogee.apo25m.stars.060+00_btx.2M19422680+2413315,apogee_apo25m_stars_060+00_btx_2M19422680+2413315.fits
apogee.apo25m.stars.060+78_MGA.2M13351384+3212247,apogee_apo25m_stars_060+78_MGA_2M13351384+3212247.fits
apogee.apo25m.stars.060+78_MGA.2M13360208+3206151,apogee_apo25m_stars_060+78_MGA_2M13360208+3206151.fits
apogee.apo25m.stars.052+87_MGA.2M13043112+2824273,apogee_apo25m_stars_052+87_MGA_2M13043112+2824273.fits
apogee.apo25m.stars.054+87_MGA.2M13043112+2824273,apogee_apo25m_stars_054+87_MGA_2M13043112+2824273.fits
apogee.apo25m.stars.063+88_MGA.2M13043112+2824273,apogee_apo25m_stars_063+88_MGA_2M13043112+2824273.fits
apogee.apo25m.stars.059+36_MGA.2M17024334+3532569,apogee_apo25m_stars_059+36_MGA_2M17024334+3532569.fits
apogee.apo25m.stars.060+38_MGA.2M17024334+3532569,apogee_apo25m_stars_060+38_MGA_2M17024334+3532569.fits
apogee.apo25m.stars.060+38_MGA.2M17034467+3714089,apogee_apo25m_stars_060+38_MGA_2M17034467+3714089.fits
apogee.apo25m.stars.064+86_MGA.2M13043112+2824273,apogee_apo25m_stars_064+86_MGA_2M13043112+2824273.fits
apogee.apo25m.stars.022+86_MGA.2M13043479+2647486,apogee_apo25m_stars_022+86_MGA_2M13043479+2647486.fits
apogee.apo25m.stars.023+88_MGA.2M13043479+2647486,apogee_apo25m_stars_023+88_MGA_2M13043479+2647486.fits
apogee.apo25m.stars.014+89_MGA.2M13011430+2626366,apogee_apo25m_stars_014+89_MGA_2M13011430+2626366.fits
apogee.apo25m.stars.023+88_MGA.2M13011430+2626366,apogee_apo25m_stars_023+88_MGA_2M13011430+2626366.fits
apogee.apo25m.stars.029+88_MGA.2M13011430+2626366,apogee_apo25m_stars_029+88_MGA_2M13011430+2626366.fits
apogee.apo25m.stars.062+88_MGA.2M13033113+2742275,apogee_apo25m_stars_062+88_MGA_2M13033113+2742275.fits
apogee.apo25m.stars.063+88_MGA.2M13033113+2742275,apogee_apo25m_stars_063+88_MGA_2M13033113+2742275.fits
apogee.apo25m.stars.029+88_MGA.2M13042666+2816456,apogee_apo25m_stars_029+88_MGA_2M13042666+2816456.fits
apogee.apo25m.stars.060+38_MGA.2M17052086+3657096,apogee_apo25m_stars_060+38_MGA_2M17052086+3657096.fits
apogee.apo25m.stars.060+42_MGA.2M16302522+3749269,apogee_apo25m_stars_060+42_MGA_2M16302522+3749269.fits
apogee.apo25m.stars.060+42_MGA.2M16320947+3717501,apogee_apo25m_stars_060+42_MGA_2M16320947+3717501.fits
apogee.apo25m.stars.040+88_MGA.2M13042666+2816456,apogee_apo25m_stars_040+88_MGA_2M13042666+2816456.fits
apogee.apo25m.stars.048+88_MGA.2M13042666+2816456,apogee_apo25m_stars_048+88_MGA_2M13042666+2816456.fits
apogee.apo25m.stars.049+88_MGA.2M13042666+2816456,apogee_apo25m_stars_049+88_MGA_2M13042666+2816456.fits
apogee.apo25m.stars.040+88_MGA.2M13011430+2626366,apogee_apo25m_stars_040+88_MGA_2M13011430+2626366.fits
apogee.apo25m.stars.042+87_MGA.2M13011430+2626366,apogee_apo25m_stars_042+87_MGA_2M13011430+2626366.fits
apogee.apo25m.stars.045+89_MGA.2M13011430+2626366,apogee_apo25m_stars_045+89_MGA_2M13011430+2626366.fits
apogee.apo25m.stars.060+78_MGA.2M13362689+3157425,apogee_apo25m_stars_060+78_MGA_2M13362689+3157425.fits
apogee.apo25m.stars.060+78_MGA.2M13381132+3212141,apogee_apo25m_stars_060+78_MGA_2M13381132+3212141.fits
apogee.apo25m.stars.060+78_MGA.2M13401684+3214027,apogee_apo25m_stars_060+78_MGA_2M13401684+3214027.fits
apogee.apo25m.stars.052+87_MGA.2M13042666+2816456,apogee_apo25m_stars_052+87_MGA_2M13042666+2816456.fits
apogee.apo25m.stars.054+87_MGA.2M13042666+2816456,apogee_apo25m_stars_054+87_MGA_2M13042666+2816456.fits
apogee.apo25m.stars.056+88_MGA.2M13042666+2816456,apogee_apo25m_stars_056+88_MGA_2M13042666+2816456.fits
apogee.apo25m.stars.060+42_MGA.2M16321303+3741566,apogee_apo25m_stars_060+42_MGA_2M16321303+3741566.fits
apogee.apo25m.stars.062+44_MGA.2M16321303+3741566,apogee_apo25m_stars_062+44_MGA_2M16321303+3741566.fits
apogee.apo25m.stars.060+42_MGA.2M16324911+3719492,apogee_apo25m_stars_060+42_MGA_2M16324911+3719492.fits
apogee.apo25m.stars.062+88_MGA.2M13042666+2816456,apogee_apo25m_stars_062+88_MGA_2M13042666+2816456.fits
apogee.apo25m.stars.040+88_MGA.2M13043112+2824273,apogee_apo25m_stars_040+88_MGA_2M13043112+2824273.fits
apogee.apo25m.stars.042+87_MGA.2M13043112+2824273,apogee_apo25m_stars_042+87_MGA_2M13043112+2824273.fits
apogee.apo25m.stars.058+44_MGA.2M16330167+3646597,apogee_apo25m_stars_058+44_MGA_2M16330167+3646597.fits
apogee.apo25m.stars.060+42_MGA.2M16341039+3809231,apogee_apo25m_stars_060+42_MGA_2M16341039+3809231.fits
apogee.apo25m.stars.062+44_MGA.2M16341039+3809231,apogee_apo25m_stars_062+44_MGA_2M16341039+3809231.fits
apogee.apo25m.stars.049+88_MGA.2M13011430+2626366,apogee_apo25m_stars_049+88_MGA_2M13011430+2626366.fits
apogee.apo25m.stars.350+87_MGA.2M13011430+2626366,apogee_apo25m_stars_350+87_MGA_2M13011430+2626366.fits
apogee.apo25m.stars.023+88_MGA.2M13021347+2709280,apogee_apo25m_stars_023+88_MGA_2M13021347+2709280.fits
apogee.apo25m.stars.049+88_MGA.2M13043112+2824273,apogee_apo25m_stars_049+88_MGA_2M13043112+2824273.fits
apogee.apo25m.stars.052+87_MGA.2M13043112+2824273,apogee_apo25m_stars_052+87_MGA_2M13043112+2824273.fits
apogee.apo25m.stars.054+87_MGA.2M13043112+2824273,apogee_apo25m_stars_054+87_MGA_2M13043112+2824273.fits
apogee.apo25m.stars.029+88_MGA.2M13021347+2709280,apogee_apo25m_stars_029+88_MGA_2M13021347+2709280.fits
apogee.apo25m.stars.042+87_MGA.2M13021347+2709280,apogee_apo25m_stars_042+87_MGA_2M13021347+2709280.fits
apogee.apo25m.stars.045+89_MGA.2M13021347+2709280,apogee_apo25m_stars_045+89_MGA_2M13021347+2709280.fits
apogee.apo25m.stars.049+88_MGA.2M13021347+2709280,apogee_apo25m_stars_049+88_MGA_2M13021347+2709280.fits
apogee.apo25m.stars.052+87_MGA.2M13021347+2709280,apogee_apo25m_stars_052+87_MGA_2M13021347+2709280.fits
apogee.apo25m.stars.053+88_MGA.2M13021347+2709280,apogee_apo25m_stars_053+88_MGA_2M13021347+2709280.fits
apogee.apo25m.stars.061+40_MGA.2M16420107+3636505,apogee_apo25m_stars_061+40_MGA_2M16420107+3636505.fits
apogee.apo25m.stars.060+47_MGA.2M16052275+3730497,apogee_apo25m_stars_060+47_MGA_2M16052275+3730497.fits
apogee.apo25m.stars.060+47_MGA.2M16094730+3611151,apogee_apo25m_stars_060+47_MGA_2M16094730+3611151.fits
apogee.apo25m.stars.063+88_MGA.2M13043112+2824273,apogee_apo25m_stars_063+88_MGA_2M13043112+2824273.fits
apogee.apo25m.stars.064+86_MGA.2M13043112+2824273,apogee_apo25m_stars_064+86_MGA_2M13043112+2824273.fits
apogee.apo25m.stars.056+88_MGA.2M13061991+2742241,apogee_apo25m_stars_056+88_MGA_2M13061991+2742241.fits
apogee.apo25m.stars.022+86_MGA.2M13065547+2704068,apogee_apo25m_stars_022+86_MGA_2M13065547+2704068.fits
apogee.apo25m.stars.040+88_MGA.2M13065547+2704068,apogee_apo25m_stars_040+88_MGA_2M13065547+2704068.fits
apogee.apo25m.stars.049+88_MGA.2M13065547+2704068,apogee_apo25m_stars_049+88_MGA_2M13065547+2704068.fits
apogee.apo25m.stars.054+87_MGA.2M13021347+2709280,apogee_apo25m_stars_054+87_MGA_2M13021347+2709280.fits
apogee.apo25m.stars.059+89_MGA.2M13021347+2709280,apogee_apo25m_stars_059+89_MGA_2M13021347+2709280.fits
apogee.apo25m.stars.053-04.2M19445569+1641200,apogee_apo25m_stars_053-04_2M19445569+1641200.fits
apogee.apo25m.stars.052+87_MGA.2M13080350+2830281,apogee_apo25m_stars_052+87_MGA_2M13080350+2830281.fits
apogee.apo25m.stars.054+87_MGA.2M13080350+2830281,apogee_apo25m_stars_054+87_MGA_2M13080350+2830281.fits
apogee.apo25m.stars.054-35_MGA.2M21275045+0104484,apogee_apo25m_stars_054-35_MGA_2M21275045+0104484.fits
apogee.apo25m.stars.040+88_MGA.2M12542763+2639160,apogee_apo25m_stars_040+88_MGA_2M12542763+2639160.fits
apogee.apo25m.stars.049+90_MGA.2M12542763+2639160,apogee_apo25m_stars_049+90_MGA_2M12542763+2639160.fits
apogee.apo25m.stars.059+89_MGA.2M12542763+2639160,apogee_apo25m_stars_059+89_MGA_2M12542763+2639160.fits
apogee.apo25m.stars.077+89_MGA.2M12542763+2639160,apogee_apo25m_stars_077+89_MGA_2M12542763+2639160.fits
apogee.apo25m.stars.319+88_MGA.2M12542763+2639160,apogee_apo25m_stars_319+88_MGA_2M12542763+2639160.fits
apogee.apo25m.stars.014+89_MGA.2M12550791+2742022,apogee_apo25m_stars_014+89_MGA_2M12550791+2742022.fits
apogee.apo25m.stars.023+88_MGA.2M12550791+2742022,apogee_apo25m_stars_023+88_MGA_2M12550791+2742022.fits
apogee.apo25m.stars.040+88_MGA.2M12550791+2742022,apogee_apo25m_stars_040+88_MGA_2M12550791+2742022.fits
apogee.apo25m.stars.045+89_MGA.2M12550791+2742022,apogee_apo25m_stars_045+89_MGA_2M12550791+2742022.fits
apogee.apo25m.stars.060+08.2M19105708+2830309,apogee_apo25m_stars_060+08_2M19105708+2830309.fits
apogee.apo25m.stars.060+08.2M19120859+2759275,apogee_apo25m_stars_060+08_2M19120859+2759275.fits
apogee.apo25m.stars.060+08.2M19134333+2814360,apogee_apo25m_stars_060+08_2M19134333+2814360.fits
apogee.apo25m.stars.054-35_MGA.2M21284905-0004408,apogee_apo25m_stars_054-35_MGA_2M21284905-0004408.fits
apogee.apo25m.stars.054-35_MGA.2M21292178-0018001,apogee_apo25m_stars_054-35_MGA_2M21292178-0018001.fits
apogee.apo25m.stars.054-35_MGA.2M21332495+0040105,apogee_apo25m_stars_054-35_MGA_2M21332495+0040105.fits
apogee.apo25m.stars.054-35_MGA.2M21333801+0120084,apogee_apo25m_stars_054-35_MGA_2M21333801+0120084.fits
apogee.apo25m.stars.054-35_MGA.2M21341831+0048118,apogee_apo25m_stars_054-35_MGA_2M21341831+0048118.fits
apogee.apo25m.stars.054-35_MGA.2M21344266+0100377,apogee_apo25m_stars_054-35_MGA_2M21344266+0100377.fits
apogee.apo25m.stars.054-35_MGA.2M21344869-0043027,apogee_apo25m_stars_054-35_MGA_2M21344869-0043027.fits
apogee.apo25m.stars.054-35_MGA.2M21355091+0023523,apogee_apo25m_stars_054-35_MGA_2M21355091+0023523.fits
apogee.apo25m.stars.M2.2M21355430+0009542,apogee_apo25m_stars_M2_2M21355430+0009542.fits
apogee.apo25m.stars.053+88_MGA.2M12550791+2742022,apogee_apo25m_stars_053+88_MGA_2M12550791+2742022.fits
apogee.apo25m.stars.076+88_MGA.2M12550791+2742022,apogee_apo25m_stars_076+88_MGA_2M12550791+2742022.fits
apogee.apo25m.stars.077+89_MGA.2M12550791+2742022,apogee_apo25m_stars_077+89_MGA_2M12550791+2742022.fits
apogee.apo25m.stars.101+89_MGA.2M12550791+2742022,apogee_apo25m_stars_101+89_MGA_2M12550791+2742022.fits
apogee.apo25m.stars.014+89_MGA.2M12560116+2642080,apogee_apo25m_stars_014+89_MGA_2M12560116+2642080.fits
apogee.apo25m.stars.045+89_MGA.2M12560116+2642080,apogee_apo25m_stars_045+89_MGA_2M12560116+2642080.fits
apogee.apo25m.stars.049+90_MGA.2M12560116+2642080,apogee_apo25m_stars_049+90_MGA_2M12560116+2642080.fits
apogee.apo25m.stars.053+88_MGA.2M12560116+2642080,apogee_apo25m_stars_053+88_MGA_2M12560116+2642080.fits
apogee.apo25m.stars.056+88_MGA.2M12560116+2642080,apogee_apo25m_stars_056+88_MGA_2M12560116+2642080.fits
apogee.apo25m.stars.054-35_MGA.2M21370708+0038599,apogee_apo25m_stars_054-35_MGA_2M21370708+0038599.fits
apogee.apo25m.stars.053+35_MGA.2M17113195+3144444,apogee_apo25m_stars_053+35_MGA_2M17113195+3144444.fits
apogee.apo25m.stars.055+33_MGA.2M17114378+3230392,apogee_apo25m_stars_055+33_MGA_2M17114378+3230392.fits
apogee.apo25m.stars.062+88_MGA.2M12560116+2642080,apogee_apo25m_stars_062+88_MGA_2M12560116+2642080.fits
apogee.apo25m.stars.319+88_MGA.2M12560116+2642080,apogee_apo25m_stars_319+88_MGA_2M12560116+2642080.fits
apogee.apo25m.stars.062+88_MGA.2M12561360+2903057,apogee_apo25m_stars_062+88_MGA_2M12561360+2903057.fits
apogee.apo25m.stars.060+78_MGA.2M13405548+3213101,apogee_apo25m_stars_060+78_MGA_2M13405548+3213101.fits
apogee.apo25m.stars.060+78_MGA.2M13422390+3233078,apogee_apo25m_stars_060+78_MGA_2M13422390+3233078.fits
apogee.apo25m.stars.060-08.2M20131257+2026426,apogee_apo25m_stars_060-08_2M20131257+2026426.fits
apogee.apo25m.stars.060-30.2M21265902+0547347,apogee_apo25m_stars_060-30_2M21265902+0547347.fits
apogee.apo25m.stars.060-30.2M21272345+0554537,apogee_apo25m_stars_060-30_2M21272345+0554537.fits
apogee.apo25m.stars.060-30.2M21275767+0742436,apogee_apo25m_stars_060-30_2M21275767+0742436.fits
apogee.apo25m.stars.101+89_MGA.2M12561360+2903057,apogee_apo25m_stars_101+89_MGA_2M12561360+2903057.fits
apogee.apo25m.stars.014+89_MGA.2M12563456+2750246,apogee_apo25m_stars_014+89_MGA_2M12563456+2750246.fits
apogee.apo25m.stars.023+88_MGA.2M12563456+2750246,apogee_apo25m_stars_023+88_MGA_2M12563456+2750246.fits
apogee.apo25m.stars.040+88_MGA.2M12563456+2750246,apogee_apo25m_stars_040+88_MGA_2M12563456+2750246.fits
apogee.apo25m.stars.045+89_MGA.2M12563456+2750246,apogee_apo25m_stars_045+89_MGA_2M12563456+2750246.fits
apogee.apo25m.stars.059+89_MGA.2M12563456+2750246,apogee_apo25m_stars_059+89_MGA_2M12563456+2750246.fits
apogee.apo25m.stars.023+88_MGA.2M13045542+2706511,apogee_apo25m_stars_023+88_MGA_2M13045542+2706511.fits
apogee.apo25m.stars.060-04.2M19574895+2152458,apogee_apo25m_stars_060-04_2M19574895+2152458.fits
apogee.apo25m.stars.060-04.2M20004975+2040430,apogee_apo25m_stars_060-04_2M20004975+2040430.fits
apogee.apo25m.stars.076+88_MGA.2M12563456+2750246,apogee_apo25m_stars_076+88_MGA_2M12563456+2750246.fits
apogee.apo25m.stars.077+89_MGA.2M12563456+2750246,apogee_apo25m_stars_077+89_MGA_2M12563456+2750246.fits
apogee.apo25m.stars.040+88_MGA.2M12571002+2825227,apogee_apo25m_stars_040+88_MGA_2M12571002+2825227.fits
apogee.apo25m.stars.050+80_MGA.2M13322492+3036187,apogee_apo25m_stars_050+80_MGA_2M13322492+3036187.fits
apogee.apo25m.stars.054+79_MGA.2M13332532+2942578,apogee_apo25m_stars_054+79_MGA_2M13332532+2942578.fits
apogee.apo25m.stars.062+43_MGA.2M16391786+3848257,apogee_apo25m_stars_062+43_MGA_2M16391786+3848257.fits
apogee.apo25m.stars.060+56.2M15241843+3833405,apogee_apo25m_stars_060+56_2M15241843+3833405.fits
apogee.apo25m.stars.060+75.2M13481801+3300011,apogee_apo25m_stars_060+75_2M13481801+3300011.fits
apogee.apo25m.stars.061-25_MGA.2M21080129+1042346,apogee_apo25m_stars_061-25_MGA_2M21080129+1042346.fits
apogee.apo25m.stars.060-45.2M22110099-0119509,apogee_apo25m_stars_060-45_2M22110099-0119509.fits
apogee.apo25m.stars.060-45.2M22131296-0100520,apogee_apo25m_stars_060-45_2M22131296-0100520.fits
apogee.apo25m.stars.060-45.2M22152062-0124439,apogee_apo25m_stars_060-45_2M22152062-0124439.fits
apogee.apo25m.stars.045+89_MGA.2M12571002+2825227,apogee_apo25m_stars_045+89_MGA_2M12571002+2825227.fits
apogee.apo25m.stars.076+88_MGA.2M12571002+2825227,apogee_apo25m_stars_076+88_MGA_2M12571002+2825227.fits
apogee.apo25m.stars.077+89_MGA.2M12571002+2825227,apogee_apo25m_stars_077+89_MGA_2M12571002+2825227.fits
apogee.apo25m.stars.063+41_MGA.2M16391786+3848257,apogee_apo25m_stars_063+41_MGA_2M16391786+3848257.fits
apogee.apo25m.stars.062+44_MGA.2M16185842+3914363,apogee_apo25m_stars_062+44_MGA_2M16185842+3914363.fits
apogee.apo25m.stars.062+44_MGA.2M16203404+3923119,apogee_apo25m_stars_062+44_MGA_2M16203404+3923119.fits
apogee.apo25m.stars.061-25_MGA.2M21090131+1055521,apogee_apo25m_stars_061-25_MGA_2M21090131+1055521.fits
apogee.apo25m.stars.061-25_MGA.2M21103189+1045359,apogee_apo25m_stars_061-25_MGA_2M21103189+1045359.fits
apogee.apo25m.stars.061-25_MGA.2M21104894+0944103,apogee_apo25m_stars_061-25_MGA_2M21104894+0944103.fits
apogee.apo25m.stars.064+44_MGA.2M16203404+3923119,apogee_apo25m_stars_064+44_MGA_2M16203404+3923119.fits
apogee.apo25m.stars.062+44_MGA.2M16204136+3909109,apogee_apo25m_stars_062+44_MGA_2M16204136+3909109.fits
apogee.apo25m.stars.062+45_MGA.2M16204136+3909109,apogee_apo25m_stars_062+45_MGA_2M16204136+3909109.fits
apogee.apo25m.stars.101+89_MGA.2M12571002+2825227,apogee_apo25m_stars_101+89_MGA_2M12571002+2825227.fits
apogee.apo25m.stars.049+88_MGA.2M12582896+2837252,apogee_apo25m_stars_049+88_MGA_2M12582896+2837252.fits
apogee.apo25m.stars.053+88_MGA.2M12582896+2837252,apogee_apo25m_stars_053+88_MGA_2M12582896+2837252.fits
apogee.apo25m.stars.061-25_MGA.2M21111166+0928053,apogee_apo25m_stars_061-25_MGA_2M21111166+0928053.fits
apogee.apo25m.stars.061-25_MGA.2M21115354+1106116,apogee_apo25m_stars_061-25_MGA_2M21115354+1106116.fits
apogee.apo25m.stars.061-25_MGA.2M21131414+1109122,apogee_apo25m_stars_061-25_MGA_2M21131414+1109122.fits
apogee.apo25m.stars.062+44_MGA.2M16214426+3853222,apogee_apo25m_stars_062+44_MGA_2M16214426+3853222.fits
apogee.apo25m.stars.062+44_MGA.2M16223573+3913161,apogee_apo25m_stars_062+44_MGA_2M16223573+3913161.fits
apogee.apo25m.stars.062+45_MGA.2M16223573+3913161,apogee_apo25m_stars_062+45_MGA_2M16223573+3913161.fits
apogee.apo25m.stars.054+87_MGA.2M12582896+2837252,apogee_apo25m_stars_054+87_MGA_2M12582896+2837252.fits
apogee.apo25m.stars.056+88_MGA.2M12582896+2837252,apogee_apo25m_stars_056+88_MGA_2M12582896+2837252.fits
apogee.apo25m.stars.059+89_MGA.2M12582896+2837252,apogee_apo25m_stars_059+89_MGA_2M12582896+2837252.fits
apogee.apo25m.stars.061-25_MGA.2M21141633+1127400,apogee_apo25m_stars_061-25_MGA_2M21141633+1127400.fits
apogee.apo25m.stars.061-25_MGA.2M21145369+1116469,apogee_apo25m_stars_061-25_MGA_2M21145369+1116469.fits
apogee.apo25m.stars.061-25_MGA.2M21153176+1144044,apogee_apo25m_stars_061-25_MGA_2M21153176+1144044.fits
apogee.apo25m.stars.060-45.2M22153689-0107261,apogee_apo25m_stars_060-45_2M22153689-0107261.fits
apogee.apo25m.stars.060-45.2M22172952-0113172,apogee_apo25m_stars_060-45_2M22172952-0113172.fits
apogee.apo25m.stars.060-75.2M23533689-2009149,apogee_apo25m_stars_060-75_2M23533689-2009149.fits
apogee.apo25m.stars.062+44_MGA.2M16233282+3944552,apogee_apo25m_stars_062+44_MGA_2M16233282+3944552.fits
apogee.apo25m.stars.063+43_MGA.2M16233282+3944552,apogee_apo25m_stars_063+43_MGA_2M16233282+3944552.fits
apogee.apo25m.stars.063+44_MGA.2M16233282+3944552,apogee_apo25m_stars_063+44_MGA_2M16233282+3944552.fits
apogee.apo25m.stars.062+88_MGA.2M12582896+2837252,apogee_apo25m_stars_062+88_MGA_2M12582896+2837252.fits
apogee.apo25m.stars.077+89_MGA.2M12582896+2837252,apogee_apo25m_stars_077+89_MGA_2M12582896+2837252.fits
apogee.apo25m.stars.042+87_MGA.2M12591949+2825024,apogee_apo25m_stars_042+87_MGA_2M12591949+2825024.fits
apogee.apo25m.stars.061-25_MGA.2M21153377+1000423,apogee_apo25m_stars_061-25_MGA_2M21153377+1000423.fits
apogee.apo25m.stars.061-25_MGA.2M21160879+1026126,apogee_apo25m_stars_061-25_MGA_2M21160879+1026126.fits
apogee.apo25m.stars.061-25_MGA.2M21170772+0942206,apogee_apo25m_stars_061-25_MGA_2M21170772+0942206.fits
apogee.apo25m.stars.057+35_MGA.2M17114378+3230392,apogee_apo25m_stars_057+35_MGA_2M17114378+3230392.fits
apogee.apo25m.stars.057+35_MGA.2M17123936+3225546,apogee_apo25m_stars_057+35_MGA_2M17123936+3225546.fits
apogee.apo25m.stars.062-43_MGA.2M22165214-0018480,apogee_apo25m_stars_062-43_MGA_2M22165214-0018480.fits
apogee.apo25m.stars.060-12.2M20284348+1806583,apogee_apo25m_stars_060-12_2M20284348+1806583.fits
apogee.apo25m.stars.062+43_MGA.2M16305837+3929095,apogee_apo25m_stars_062+43_MGA_2M16305837+3929095.fits
apogee.apo25m.stars.062+43_MGA.2M16310990+3958434,apogee_apo25m_stars_062+43_MGA_2M16310990+3958434.fits
apogee.apo25m.stars.061-25_MGA.2M21180688+1057559,apogee_apo25m_stars_061-25_MGA_2M21180688+1057559.fits
apogee.apo25m.stars.061-25_MGA.2M21183613+1119491,apogee_apo25m_stars_061-25_MGA_2M21183613+1119491.fits
apogee.apo25m.stars.061-25_MGA.2M21184706+1106509,apogee_apo25m_stars_061-25_MGA_2M21184706+1106509.fits
apogee.apo25m.stars.062+44_MGA.2M16310990+3958434,apogee_apo25m_stars_062+44_MGA_2M16310990+3958434.fits
apogee.apo25m.stars.063+44_MGA.2M16310990+3958434,apogee_apo25m_stars_063+44_MGA_2M16310990+3958434.fits
apogee.apo25m.stars.063+44_MGA.2M16312522+3900215,apogee_apo25m_stars_063+44_MGA_2M16312522+3900215.fits
apogee.apo25m.stars.060-75.2M23553988-1948576,apogee_apo25m_stars_060-75_2M23553988-1948576.fits
apogee.apo25m.stars.060-75.2M23570643-1923525,apogee_apo25m_stars_060-75_2M23570643-1923525.fits
apogee.apo25m.stars.060-75.2M23582609-1936434,apogee_apo25m_stars_060-75_2M23582609-1936434.fits
apogee.apo25m.stars.062+45_MGA.2M16241644+3923142,apogee_apo25m_stars_062+45_MGA_2M16241644+3923142.fits
apogee.apo25m.stars.062+44_MGA.2M16255890+3911020,apogee_apo25m_stars_062+44_MGA_2M16255890+3911020.fits
apogee.apo25m.stars.062+44_MGA.2M16262840+3724012,apogee_apo25m_stars_062+44_MGA_2M16262840+3724012.fits
apogee.apo25m.stars.062+39_MGA.2M16483284+3853439,apogee_apo25m_stars_062+39_MGA_2M16483284+3853439.fits
apogee.apo25m.stars.062+39_MGA.2M16515631+3825034,apogee_apo25m_stars_062+39_MGA_2M16515631+3825034.fits
apogee.apo25m.stars.062+39_MGA.2M16525728+3731409,apogee_apo25m_stars_062+39_MGA_2M16525728+3731409.fits
apogee.apo25m.stars.045+89_MGA.2M12591949+2825024,apogee_apo25m_stars_045+89_MGA_2M12591949+2825024.fits
apogee.apo25m.stars.059+89_MGA.2M12591949+2825024,apogee_apo25m_stars_059+89_MGA_2M12591949+2825024.fits
apogee.apo25m.stars.059+89_MGA.2M13013345+2713464,apogee_apo25m_stars_059+89_MGA_2M13013345+2713464.fits
apogee.apo25m.stars.062+44_MGA.2M16265196+4012399,apogee_apo25m_stars_062+44_MGA_2M16265196+4012399.fits
apogee.apo25m.stars.063+44_MGA.2M16265196+4012399,apogee_apo25m_stars_063+44_MGA_2M16265196+4012399.fits
apogee.apo25m.stars.065+43_MGA.2M16265196+4012399,apogee_apo25m_stars_065+43_MGA_2M16265196+4012399.fits
apogee.apo25m.stars.062+44_MGA.2M16330681+3812413,apogee_apo25m_stars_062+44_MGA_2M16330681+3812413.fits
apogee.apo25m.stars.063+44_MGA.2M16330681+3812413,apogee_apo25m_stars_063+44_MGA_2M16330681+3812413.fits
apogee.apo25m.stars.062+44_MGA.2M16344070+3919069,apogee_apo25m_stars_062+44_MGA_2M16344070+3919069.fits
apogee.apo25m.stars.062+39_MGA.2M16533947+3916107,apogee_apo25m_stars_062+39_MGA_2M16533947+3916107.fits
apogee.apo25m.stars.064+39_MGA.2M16533947+3916107,apogee_apo25m_stars_064+39_MGA_2M16533947+3916107.fits
apogee.apo25m.stars.062+39_MGA.2M16545855+3714239,apogee_apo25m_stars_062+39_MGA_2M16545855+3714239.fits
apogee.apo25m.stars.063+43_MGA.2M16334774+3955050,apogee_apo25m_stars_063+43_MGA_2M16334774+3955050.fits
apogee.apo25m.stars.063+44_MGA.2M16334774+3955050,apogee_apo25m_stars_063+44_MGA_2M16334774+3955050.fits
apogee.apo25m.stars.064+42_MGA.2M16334774+3955050,apogee_apo25m_stars_064+42_MGA_2M16334774+3955050.fits
apogee.apo25m.stars.023+88_MGA.2M13020995+2748510,apogee_apo25m_stars_023+88_MGA_2M13020995+2748510.fits
apogee.apo25m.stars.045+89_MGA.2M13020995+2748510,apogee_apo25m_stars_045+89_MGA_2M13020995+2748510.fits
apogee.apo25m.stars.042+87_MGA.2M13033113+2742275,apogee_apo25m_stars_042+87_MGA_2M13033113+2742275.fits
apogee.apo25m.stars.060-75.2M23585502-1934099,apogee_apo25m_stars_060-75_2M23585502-1934099.fits
apogee.apo25m.stars.061+40_MGA.2M16420107+3636505,apogee_apo25m_stars_061+40_MGA_2M16420107+3636505.fits
apogee.apo25m.stars.064+06.2M19331645+3037385,apogee_apo25m_stars_064+06_2M19331645+3037385.fits
apogee.apo25m.stars.065+44_MGA.2M16265196+4012399,apogee_apo25m_stars_065+44_MGA_2M16265196+4012399.fits
apogee.apo25m.stars.062+43_MGA.2M16282305+3923242,apogee_apo25m_stars_062+43_MGA_2M16282305+3923242.fits
apogee.apo25m.stars.062+44_MGA.2M16282305+3923242,apogee_apo25m_stars_062+44_MGA_2M16282305+3923242.fits
apogee.apo25m.stars.060+38_MGA.2M16553831+3721092,apogee_apo25m_stars_060+38_MGA_2M16553831+3721092.fits
apogee.apo25m.stars.062+39_MGA.2M16553831+3721092,apogee_apo25m_stars_062+39_MGA_2M16553831+3721092.fits
apogee.apo25m.stars.062+39_MGA.2M16560201+3712377,apogee_apo25m_stars_062+39_MGA_2M16560201+3712377.fits
apogee.apo25m.stars.048+88_MGA.2M13033113+2742275,apogee_apo25m_stars_048+88_MGA_2M13033113+2742275.fits
apogee.apo25m.stars.049+88_MGA.2M13033113+2742275,apogee_apo25m_stars_049+88_MGA_2M13033113+2742275.fits
apogee.apo25m.stars.052+87_MGA.2M13033113+2742275,apogee_apo25m_stars_052+87_MGA_2M13033113+2742275.fits
apogee.apo25m.stars.063+44_MGA.2M16344070+3919069,apogee_apo25m_stars_063+44_MGA_2M16344070+3919069.fits
apogee.apo25m.stars.063+44_MGA.2M16344961+3924122,apogee_apo25m_stars_063+44_MGA_2M16344961+3924122.fits
apogee.apo25m.stars.062+43_MGA.2M16350504+3841114,apogee_apo25m_stars_062+43_MGA_2M16350504+3841114.fits
apogee.apo25m.stars.062+44_MGA.2M16344070+3919069,apogee_apo25m_stars_062+44_MGA_2M16344070+3919069.fits
apogee.apo25m.stars.063+44_MGA.2M16344070+3919069,apogee_apo25m_stars_063+44_MGA_2M16344070+3919069.fits
apogee.apo25m.stars.063+44_MGA.2M16344961+3924122,apogee_apo25m_stars_063+44_MGA_2M16344961+3924122.fits
apogee.apo25m.stars.059+89_MGA.2M13033113+2742275,apogee_apo25m_stars_059+89_MGA_2M13033113+2742275.fits
apogee.apo25m.stars.062+88_MGA.2M13033113+2742275,apogee_apo25m_stars_062+88_MGA_2M13033113+2742275.fits
apogee.apo25m.stars.063+88_MGA.2M13033113+2742275,apogee_apo25m_stars_063+88_MGA_2M13033113+2742275.fits
apogee.apo25m.stars.062+44_MGA.2M16350504+3841114,apogee_apo25m_stars_062+44_MGA_2M16350504+3841114.fits
apogee.apo25m.stars.063+41_MGA.2M16350504+3841114,apogee_apo25m_stars_063+41_MGA_2M16350504+3841114.fits
apogee.apo25m.stars.063+44_MGA.2M16350504+3841114,apogee_apo25m_stars_063+44_MGA_2M16350504+3841114.fits
apogee.apo25m.stars.060+38_MGA.2M16571862+3754554,apogee_apo25m_stars_060+38_MGA_2M16571862+3754554.fits
apogee.apo25m.stars.062+39_MGA.2M16571862+3754554,apogee_apo25m_stars_062+39_MGA_2M16571862+3754554.fits
apogee.apo25m.stars.060+38_MGA.2M16572498+3711306,apogee_apo25m_stars_060+38_MGA_2M16572498+3711306.fits
apogee.apo25m.stars.062+43_MGA.2M16350504+3841114,apogee_apo25m_stars_062+43_MGA_2M16350504+3841114.fits
apogee.apo25m.stars.062+44_MGA.2M16350504+3841114,apogee_apo25m_stars_062+44_MGA_2M16350504+3841114.fits
apogee.apo25m.stars.063+41_MGA.2M16350504+3841114,apogee_apo25m_stars_063+41_MGA_2M16350504+3841114.fits
apogee.apo25m.stars.064+44_MGA.2M16282305+3923242,apogee_apo25m_stars_064+44_MGA_2M16282305+3923242.fits
apogee.apo25m.stars.062+44_MGA.2M16282607+3943485,apogee_apo25m_stars_062+44_MGA_2M16282607+3943485.fits
apogee.apo25m.stars.062+44_MGA.2M16291570+3751262,apogee_apo25m_stars_062+44_MGA_2M16291570+3751262.fits
apogee.apo25m.stars.063+44_MGA.2M16350777+3946033,apogee_apo25m_stars_063+44_MGA_2M16350777+3946033.fits
apogee.apo25m.stars.063+43_MGA.2M16351128+3940021,apogee_apo25m_stars_063+43_MGA_2M16351128+3940021.fits
apogee.apo25m.stars.063+44_MGA.2M16351128+3940021,apogee_apo25m_stars_063+44_MGA_2M16351128+3940021.fits
apogee.apo25m.stars.062+52_MGA.2M15470455+3920199,apogee_apo25m_stars_062+52_MGA_2M15470455+3920199.fits
apogee.apo25m.stars.062+52_MGA.2M15481841+3849453,apogee_apo25m_stars_062+52_MGA_2M15481841+3849453.fits
apogee.apo25m.stars.062+52_MGA.2M15482450+3910256,apogee_apo25m_stars_062+52_MGA_2M15482450+3910256.fits
apogee.apo25m.stars.064+39_MGA.2M16462555+3934567,apogee_apo25m_stars_064+39_MGA_2M16462555+3934567.fits
apogee.apo25m.stars.062+39_MGA.2M16503425+3847054,apogee_apo25m_stars_062+39_MGA_2M16503425+3847054.fits
apogee.apo25m.stars.064+39_MGA.2M16521449+3909346,apogee_apo25m_stars_064+39_MGA_2M16521449+3909346.fits
apogee.apo25m.stars.062+39_MGA.2M16572498+3711306,apogee_apo25m_stars_062+39_MGA_2M16572498+3711306.fits
apogee.apo25m.stars.062+39_MGA.2M16595161+3841352,apogee_apo25m_stars_062+39_MGA_2M16595161+3841352.fits
apogee.apo25m.stars.062+39_MGA.2M17002094+3848491,apogee_apo25m_stars_062+39_MGA_2M17002094+3848491.fits
apogee.apo25m.stars.040+88_MGA.2M13025250+2749475,apogee_apo25m_stars_040+88_MGA_2M13025250+2749475.fits
apogee.apo25m.stars.052+87_MGA.2M13025250+2749475,apogee_apo25m_stars_052+87_MGA_2M13025250+2749475.fits
apogee.apo25m.stars.054+87_MGA.2M13025250+2749475,apogee_apo25m_stars_054+87_MGA_2M13025250+2749475.fits
apogee.apo25m.stars.064+42_MGA.2M16351128+3940021,apogee_apo25m_stars_064+42_MGA_2M16351128+3940021.fits
apogee.apo25m.stars.064+44_MGA.2M16351128+3940021,apogee_apo25m_stars_064+44_MGA_2M16351128+3940021.fits
apogee.apo25m.stars.063+47_MGA.2M16033764+3958477,apogee_apo25m_stars_063+47_MGA_2M16033764+3958477.fits
apogee.apo25m.stars.062+52_MGA.2M15491133+3919221,apogee_apo25m_stars_062+52_MGA_2M15491133+3919221.fits
apogee.apo25m.stars.062+52_MGA.2M15495216+3807492,apogee_apo25m_stars_062+52_MGA_2M15495216+3807492.fits
apogee.apo25m.stars.064+62_MGA.2M14511633+3729169,apogee_apo25m_stars_064+62_MGA_2M14511633+3729169.fits
apogee.apo25m.stars.059+89_MGA.2M13025250+2749475,apogee_apo25m_stars_059+89_MGA_2M13025250+2749475.fits
apogee.apo25m.stars.062+88_MGA.2M13025250+2749475,apogee_apo25m_stars_062+88_MGA_2M13025250+2749475.fits
apogee.apo25m.stars.063+88_MGA.2M13025250+2749475,apogee_apo25m_stars_063+88_MGA_2M13025250+2749475.fits
apogee.apo25m.stars.064+39_MGA.2M16540379+4102277,apogee_apo25m_stars_064+39_MGA_2M16540379+4102277.fits
apogee.apo25m.stars.064+39_MGA.2M16552754+4016248,apogee_apo25m_stars_064+39_MGA_2M16552754+4016248.fits
apogee.apo25m.stars.064+39_MGA.2M16555993+4014297,apogee_apo25m_stars_064+39_MGA_2M16555993+4014297.fits
apogee.apo25m.stars.063+47_MGA.2M16035681+3845165,apogee_apo25m_stars_063+47_MGA_2M16035681+3845165.fits
apogee.apo25m.stars.063+47_MGA.2M16040886+4004564,apogee_apo25m_stars_063+47_MGA_2M16040886+4004564.fits
apogee.apo25m.stars.065+48_MGA.2M16040886+4004564,apogee_apo25m_stars_065+48_MGA_2M16040886+4004564.fits
apogee.apo25m.stars.062+43_MGA.2M16281429+3812360,apogee_apo25m_stars_062+43_MGA_2M16281429+3812360.fits
apogee.apo25m.stars.062+43_MGA.2M16293605+4011200,apogee_apo25m_stars_062+43_MGA_2M16293605+4011200.fits
apogee.apo25m.stars.062+44_MGA.2M16293605+4011200,apogee_apo25m_stars_062+44_MGA_2M16293605+4011200.fits
apogee.apo25m.stars.064+39_MGA.2M16581982+4023441,apogee_apo25m_stars_064+39_MGA_2M16581982+4023441.fits
apogee.apo25m.stars.062+44_MGA.2M16334276+3926405,apogee_apo25m_stars_062+44_MGA_2M16334276+3926405.fits
apogee.apo25m.stars.064+42_MGA.2M16334276+3926405,apogee_apo25m_stars_064+42_MGA_2M16334276+3926405.fits
apogee.apo25m.stars.063+47_MGA.2M16052253+3836167,apogee_apo25m_stars_063+47_MGA_2M16052253+3836167.fits
apogee.apo25m.stars.063+47_MGA.2M16060845+4012483,apogee_apo25m_stars_063+47_MGA_2M16060845+4012483.fits
apogee.apo25m.stars.065+48_MGA.2M16060845+4012483,apogee_apo25m_stars_065+48_MGA_2M16060845+4012483.fits
apogee.apo25m.stars.063+44_MGA.2M16293605+4011200,apogee_apo25m_stars_063+44_MGA_2M16293605+4011200.fits
apogee.apo25m.stars.062+43_MGA.2M16305837+3929095,apogee_apo25m_stars_062+43_MGA_2M16305837+3929095.fits
apogee.apo25m.stars.062+44_MGA.2M16330681+3812413,apogee_apo25m_stars_062+44_MGA_2M16330681+3812413.fits
apogee.apo25m.stars.076+88_MGA.2M13025250+2749475,apogee_apo25m_stars_076+88_MGA_2M13025250+2749475.fits
apogee.apo25m.stars.040+88_MGA.2M13043112+2824273,apogee_apo25m_stars_040+88_MGA_2M13043112+2824273.fits
apogee.apo25m.stars.042+87_MGA.2M13043112+2824273,apogee_apo25m_stars_042+87_MGA_2M13043112+2824273.fits
apogee.apo25m.stars.064+42_MGA.2M16335409+4046023,apogee_apo25m_stars_064+42_MGA_2M16335409+4046023.fits
apogee.apo25m.stars.065+44_MGA.2M16335409+4046023,apogee_apo25m_stars_065+44_MGA_2M16335409+4046023.fits
apogee.apo25m.stars.063+43_MGA.2M16351128+3940021,apogee_apo25m_stars_063+43_MGA_2M16351128+3940021.fits
apogee.apo25m.stars.063+44_MGA.2M16330681+3812413,apogee_apo25m_stars_063+44_MGA_2M16330681+3812413.fits
apogee.apo25m.stars.062+43_MGA.2M16333591+3846333,apogee_apo25m_stars_062+43_MGA_2M16333591+3846333.fits
apogee.apo25m.stars.063+44_MGA.2M16344961+3924122,apogee_apo25m_stars_063+44_MGA_2M16344961+3924122.fits
apogee.apo25m.stars.049+88_MGA.2M13043112+2824273,apogee_apo25m_stars_049+88_MGA_2M13043112+2824273.fits
apogee.apo25m.stars.052+87_MGA.2M13043112+2824273,apogee_apo25m_stars_052+87_MGA_2M13043112+2824273.fits
apogee.apo25m.stars.054+87_MGA.2M13043112+2824273,apogee_apo25m_stars_054+87_MGA_2M13043112+2824273.fits
apogee.apo25m.stars.063+47_MGA.2M16080338+3853029,apogee_apo25m_stars_063+47_MGA_2M16080338+3853029.fits
apogee.apo25m.stars.063+47_MGA.2M16085683+3859564,apogee_apo25m_stars_063+47_MGA_2M16085683+3859564.fits
apogee.apo25m.stars.063+47_MGA.2M16091795+3914351,apogee_apo25m_stars_063+47_MGA_2M16091795+3914351.fits
apogee.apo25m.stars.063+44_MGA.2M16351128+3940021,apogee_apo25m_stars_063+44_MGA_2M16351128+3940021.fits
apogee.apo25m.stars.064+42_MGA.2M16351128+3940021,apogee_apo25m_stars_064+42_MGA_2M16351128+3940021.fits
apogee.apo25m.stars.064+44_MGA.2M16351128+3940021,apogee_apo25m_stars_064+44_MGA_2M16351128+3940021.fits
apogee.apo25m.stars.062+43_MGA.2M16350504+3841114,apogee_apo25m_stars_062+43_MGA_2M16350504+3841114.fits
apogee.apo25m.stars.062+44_MGA.2M16350504+3841114,apogee_apo25m_stars_062+44_MGA_2M16350504+3841114.fits
apogee.apo25m.stars.063+41_MGA.2M16350504+3841114,apogee_apo25m_stars_063+41_MGA_2M16350504+3841114.fits
apogee.apo25m.stars.059-24_MGA.2M21045695+0906174,apogee_apo25m_stars_059-24_MGA_2M21045695+0906174.fits
apogee.apo25m.stars.059-24_MGA.2M21102495+0910439,apogee_apo25m_stars_059-24_MGA_2M21102495+0910439.fits
apogee.apo25m.stars.058-39_MGA.2M21560554+0043192,apogee_apo25m_stars_058-39_MGA_2M21560554+0043192.fits
apogee.apo25m.stars.063+44_MGA.2M16350504+3841114,apogee_apo25m_stars_063+44_MGA_2M16350504+3841114.fits
apogee.apo25m.stars.062+43_MGA.2M16363473+3935395,apogee_apo25m_stars_062+43_MGA_2M16363473+3935395.fits
apogee.apo25m.stars.063+44_MGA.2M16363473+3935395,apogee_apo25m_stars_063+44_MGA_2M16363473+3935395.fits
apogee.apo25m.stars.063+88_MGA.2M13043112+2824273,apogee_apo25m_stars_063+88_MGA_2M13043112+2824273.fits
apogee.apo25m.stars.064+86_MGA.2M13043112+2824273,apogee_apo25m_stars_064+86_MGA_2M13043112+2824273.fits
apogee.apo25m.stars.056+88_MGA.2M13061991+2742241,apogee_apo25m_stars_056+88_MGA_2M13061991+2742241.fits
apogee.apo25m.stars.064+42_MGA.2M16360360+4032137,apogee_apo25m_stars_064+42_MGA_2M16360360+4032137.fits
apogee.apo25m.stars.063+43_MGA.2M16363371+4047548,apogee_apo25m_stars_063+43_MGA_2M16363371+4047548.fits
apogee.apo25m.stars.064+42_MGA.2M16363371+4047548,apogee_apo25m_stars_064+42_MGA_2M16363371+4047548.fits
apogee.apo25m.stars.062+62.2M14512893+3746159,apogee_apo25m_stars_062+62_2M14512893+3746159.fits
apogee.apo25m.stars.064+62_MGA.2M15011292+3807579,apogee_apo25m_stars_064+62_MGA_2M15011292+3807579.fits
apogee.apo25m.stars.040+88_MGA.2M12535967+2811383,apogee_apo25m_stars_040+88_MGA_2M12535967+2811383.fits
apogee.apo25m.stars.064+42_MGA.2M16363473+3935395,apogee_apo25m_stars_064+42_MGA_2M16363473+3935395.fits
apogee.apo25m.stars.062+43_MGA.2M16365245+3958116,apogee_apo25m_stars_062+43_MGA_2M16365245+3958116.fits
apogee.apo25m.stars.065+43_MGA.2M16365245+3958116,apogee_apo25m_stars_065+43_MGA_2M16365245+3958116.fits
apogee.apo25m.stars.065+48_MGA.2M16100110+4028598,apogee_apo25m_stars_065+48_MGA_2M16100110+4028598.fits
apogee.apo25m.stars.065+48_MGA.2M16100849+4046320,apogee_apo25m_stars_065+48_MGA_2M16100849+4046320.fits
apogee.apo25m.stars.066+47_MGA.2M16112859+4024388,apogee_apo25m_stars_066+47_MGA_2M16112859+4024388.fits
apogee.apo25m.stars.048+88_MGA.2M12535967+2811383,apogee_apo25m_stars_048+88_MGA_2M12535967+2811383.fits
apogee.apo25m.stars.053+88_MGA.2M12535967+2811383,apogee_apo25m_stars_053+88_MGA_2M12535967+2811383.fits
apogee.apo25m.stars.056+88_MGA.2M12535967+2811383,apogee_apo25m_stars_056+88_MGA_2M12535967+2811383.fits
apogee.apo25m.stars.066+42_MGA.2M16363371+4047548,apogee_apo25m_stars_066+42_MGA_2M16363371+4047548.fits
apogee.apo25m.stars.062+43_MGA.2M16363473+3935395,apogee_apo25m_stars_062+43_MGA_2M16363473+3935395.fits
apogee.apo25m.stars.063+44_MGA.2M16363473+3935395,apogee_apo25m_stars_063+44_MGA_2M16363473+3935395.fits
apogee.apo25m.stars.059-41_MGA.2M21560554+0043192,apogee_apo25m_stars_059-41_MGA_2M21560554+0043192.fits
apogee.apo25m.stars.059-41_MGA.2M21571769-0111529,apogee_apo25m_stars_059-41_MGA_2M21571769-0111529.fits
apogee.apo25m.stars.052+87_MGA.2M13102382+2807275,apogee_apo25m_stars_052+87_MGA_2M13102382+2807275.fits
apogee.apo25m.stars.059+89_MGA.2M12535967+2811383,apogee_apo25m_stars_059+89_MGA_2M12535967+2811383.fits
apogee.apo25m.stars.062+88_MGA.2M12535967+2811383,apogee_apo25m_stars_062+88_MGA_2M12535967+2811383.fits
apogee.apo25m.stars.063+88_MGA.2M12535967+2811383,apogee_apo25m_stars_063+88_MGA_2M12535967+2811383.fits
apogee.apo25m.stars.076+88_MGA.2M12535967+2811383,apogee_apo25m_stars_076+88_MGA_2M12535967+2811383.fits
apogee.apo25m.stars.077+89_MGA.2M12535967+2811383,apogee_apo25m_stars_077+89_MGA_2M12535967+2811383.fits
apogee.apo25m.stars.014+89_MGA.2M12550870+2712222,apogee_apo25m_stars_014+89_MGA_2M12550870+2712222.fits
apogee.apo25m.stars.063+47_MGA.2M16123771+4010287,apogee_apo25m_stars_063+47_MGA_2M16123771+4010287.fits
apogee.apo25m.stars.063+47_MGA.2M16133689+3845597,apogee_apo25m_stars_063+47_MGA_2M16133689+3845597.fits
apogee.apo25m.stars.063+47_MGA.2M16143932+3924322,apogee_apo25m_stars_063+47_MGA_2M16143932+3924322.fits
apogee.apo25m.stars.064+42_MGA.2M16363473+3935395,apogee_apo25m_stars_064+42_MGA_2M16363473+3935395.fits
apogee.apo25m.stars.066+42_MGA.2M16382002+4131199,apogee_apo25m_stars_066+42_MGA_2M16382002+4131199.fits
apogee.apo25m.stars.064+42_MGA.2M16391622+4136042,apogee_apo25m_stars_064+42_MGA_2M16391622+4136042.fits
apogee.apo25m.stars.023+88_MGA.2M12550870+2712222,apogee_apo25m_stars_023+88_MGA_2M12550870+2712222.fits
apogee.apo25m.stars.045+89_MGA.2M12550870+2712222,apogee_apo25m_stars_045+89_MGA_2M12550870+2712222.fits
apogee.apo25m.stars.059+89_MGA.2M12550870+2712222,apogee_apo25m_stars_059+89_MGA_2M12550870+2712222.fits
apogee.apo25m.stars.064+42_MGA.2M16423127+4010286,apogee_apo25m_stars_064+42_MGA_2M16423127+4010286.fits
apogee.apo25m.stars.064+42_MGA.2M16425742+4112038,apogee_apo25m_stars_064+42_MGA_2M16425742+4112038.fits
apogee.apo25m.stars.066+42_MGA.2M16425742+4112038,apogee_apo25m_stars_066+42_MGA_2M16425742+4112038.fits
apogee.apo25m.stars.062+88_MGA.2M12550870+2712222,apogee_apo25m_stars_062+88_MGA_2M12550870+2712222.fits
apogee.apo25m.stars.076+88_MGA.2M12550870+2712222,apogee_apo25m_stars_076+88_MGA_2M12550870+2712222.fits
apogee.apo25m.stars.077+89_MGA.2M12550870+2712222,apogee_apo25m_stars_077+89_MGA_2M12550870+2712222.fits
apogee.apo25m.stars.052+87_MGA.2M13105235+2818163,apogee_apo25m_stars_052+87_MGA_2M13105235+2818163.fits
apogee.apo25m.stars.065+43_MGA.2M16241532+4138105,apogee_apo25m_stars_065+43_MGA_2M16241532+4138105.fits
apogee.apo25m.stars.065+44_MGA.2M16241532+4138105,apogee_apo25m_stars_065+44_MGA_2M16241532+4138105.fits
apogee.apo25m.stars.064+44_MGA.2M16215083+4140499,apogee_apo25m_stars_064+44_MGA_2M16215083+4140499.fits
apogee.apo25m.stars.065+44_MGA.2M16215083+4140499,apogee_apo25m_stars_065+44_MGA_2M16215083+4140499.fits
apogee.apo25m.stars.064+44_MGA.2M16215861+4141240,apogee_apo25m_stars_064+44_MGA_2M16215861+4141240.fits
apogee.apo25m.stars.064+44_MGA.2M16222606+4045252,apogee_apo25m_stars_064+44_MGA_2M16222606+4045252.fits
apogee.apo25m.stars.062+44_MGA.2M16233282+3944552,apogee_apo25m_stars_062+44_MGA_2M16233282+3944552.fits
apogee.apo25m.stars.063+43_MGA.2M16233282+3944552,apogee_apo25m_stars_063+43_MGA_2M16233282+3944552.fits
apogee.apo25m.stars.101+89_MGA.2M12550870+2712222,apogee_apo25m_stars_101+89_MGA_2M12550870+2712222.fits
apogee.apo25m.stars.062+88_MGA.2M12561360+2903057,apogee_apo25m_stars_062+88_MGA_2M12561360+2903057.fits
apogee.apo25m.stars.101+89_MGA.2M12561360+2903057,apogee_apo25m_stars_101+89_MGA_2M12561360+2903057.fits
apogee.apo25m.stars.065+43_MGA.2M16253482+4141276,apogee_apo25m_stars_065+43_MGA_2M16253482+4141276.fits
apogee.apo25m.stars.065+44_MGA.2M16253482+4141276,apogee_apo25m_stars_065+44_MGA_2M16253482+4141276.fits
apogee.apo25m.stars.063+44_MGA.2M16271797+4101173,apogee_apo25m_stars_063+44_MGA_2M16271797+4101173.fits
apogee.apo25m.stars.063+44_MGA.2M16233282+3944552,apogee_apo25m_stars_063+44_MGA_2M16233282+3944552.fits
apogee.apo25m.stars.064+44_MGA.2M16233751+4116335,apogee_apo25m_stars_064+44_MGA_2M16233751+4116335.fits
apogee.apo25m.stars.063+44_MGA.2M16241123+3907541,apogee_apo25m_stars_063+44_MGA_2M16241123+3907541.fits
apogee.apo25m.stars.040+88_MGA.2M12535967+2811383,apogee_apo25m_stars_040+88_MGA_2M12535967+2811383.fits
apogee.apo25m.stars.048+88_MGA.2M12535967+2811383,apogee_apo25m_stars_048+88_MGA_2M12535967+2811383.fits
apogee.apo25m.stars.053+88_MGA.2M12535967+2811383,apogee_apo25m_stars_053+88_MGA_2M12535967+2811383.fits
apogee.apo25m.stars.064+44_MGA.2M16241123+3907541,apogee_apo25m_stars_064+44_MGA_2M16241123+3907541.fits
apogee.apo25m.stars.065+43_MGA.2M16241532+4138105,apogee_apo25m_stars_065+43_MGA_2M16241532+4138105.fits
apogee.apo25m.stars.065+44_MGA.2M16241532+4138105,apogee_apo25m_stars_065+44_MGA_2M16241532+4138105.fits
apogee.apo25m.stars.063+88_MGA.2M12583598+2711429,apogee_apo25m_stars_063+88_MGA_2M12583598+2711429.fits
apogee.apo25m.stars.014+89_MGA.2M12585388+2630367,apogee_apo25m_stars_014+89_MGA_2M12585388+2630367.fits
apogee.apo25m.stars.042+87_MGA.2M12585388+2630367,apogee_apo25m_stars_042+87_MGA_2M12585388+2630367.fits
apogee.apo25m.stars.056+88_MGA.2M12535967+2811383,apogee_apo25m_stars_056+88_MGA_2M12535967+2811383.fits
apogee.apo25m.stars.059+89_MGA.2M12535967+2811383,apogee_apo25m_stars_059+89_MGA_2M12535967+2811383.fits
apogee.apo25m.stars.062+88_MGA.2M12535967+2811383,apogee_apo25m_stars_062+88_MGA_2M12535967+2811383.fits
apogee.apo25m.stars.065+43_MGA.2M16271797+4101173,apogee_apo25m_stars_065+43_MGA_2M16271797+4101173.fits
apogee.apo25m.stars.063+44_MGA.2M16290597+4047103,apogee_apo25m_stars_063+44_MGA_2M16290597+4047103.fits
apogee.apo25m.stars.065+43_MGA.2M16310723+4133302,apogee_apo25m_stars_065+43_MGA_2M16310723+4133302.fits
apogee.apo25m.stars.045+89_MGA.2M12585388+2630367,apogee_apo25m_stars_045+89_MGA_2M12585388+2630367.fits
apogee.apo25m.stars.049+88_MGA.2M12585388+2630367,apogee_apo25m_stars_049+88_MGA_2M12585388+2630367.fits
apogee.apo25m.stars.056+88_MGA.2M12585388+2630367,apogee_apo25m_stars_056+88_MGA_2M12585388+2630367.fits
apogee.apo25m.stars.062+88_MGA.2M12585388+2630367,apogee_apo25m_stars_062+88_MGA_2M12585388+2630367.fits
apogee.apo25m.stars.014+89_MGA.2M12595831+2700142,apogee_apo25m_stars_014+89_MGA_2M12595831+2700142.fits
apogee.apo25m.stars.023+88_MGA.2M12595831+2700142,apogee_apo25m_stars_023+88_MGA_2M12595831+2700142.fits
apogee.apo25m.stars.063+88_MGA.2M12535967+2811383,apogee_apo25m_stars_063+88_MGA_2M12535967+2811383.fits
apogee.apo25m.stars.076+88_MGA.2M12535967+2811383,apogee_apo25m_stars_076+88_MGA_2M12535967+2811383.fits
apogee.apo25m.stars.077+89_MGA.2M12535967+2811383,apogee_apo25m_stars_077+89_MGA_2M12535967+2811383.fits
apogee.apo25m.stars.062+45_MGA.2M16241644+3923142,apogee_apo25m_stars_062+45_MGA_2M16241644+3923142.fits
apogee.apo25m.stars.064+44_MGA.2M16260781+4046571,apogee_apo25m_stars_064+44_MGA_2M16260781+4046571.fits
apogee.apo25m.stars.064+44_MGA.2M16290480+4113343,apogee_apo25m_stars_064+44_MGA_2M16290480+4113343.fits
apogee.apo25m.stars.029+88_MGA.2M12595831+2700142,apogee_apo25m_stars_029+88_MGA_2M12595831+2700142.fits
apogee.apo25m.stars.040+88_MGA.2M12595831+2700142,apogee_apo25m_stars_040+88_MGA_2M12595831+2700142.fits
apogee.apo25m.stars.045+89_MGA.2M12595831+2700142,apogee_apo25m_stars_045+89_MGA_2M12595831+2700142.fits
apogee.apo25m.stars.049+88_MGA.2M12595831+2700142,apogee_apo25m_stars_049+88_MGA_2M12595831+2700142.fits
apogee.apo25m.stars.054+87_MGA.2M12595831+2700142,apogee_apo25m_stars_054+87_MGA_2M12595831+2700142.fits
apogee.apo25m.stars.056+88_MGA.2M12595831+2700142,apogee_apo25m_stars_056+88_MGA_2M12595831+2700142.fits
apogee.apo25m.stars.063+44_MGA.2M16312522+3900215,apogee_apo25m_stars_063+44_MGA_2M16312522+3900215.fits
apogee.apo25m.stars.063+43_MGA.2M16350628+3938339,apogee_apo25m_stars_063+43_MGA_2M16350628+3938339.fits
apogee.apo25m.stars.064+44_MGA.2M16350628+3938339,apogee_apo25m_stars_064+44_MGA_2M16350628+3938339.fits
apogee.apo25m.stars.059+89_MGA.2M12595831+2700142,apogee_apo25m_stars_059+89_MGA_2M12595831+2700142.fits
apogee.apo25m.stars.063+88_MGA.2M12595831+2700142,apogee_apo25m_stars_063+88_MGA_2M12595831+2700142.fits
apogee.apo25m.stars.077+89_MGA.2M12595831+2700142,apogee_apo25m_stars_077+89_MGA_2M12595831+2700142.fits
apogee.apo25m.stars.067+43_MGA.2M16310723+4133302,apogee_apo25m_stars_067+43_MGA_2M16310723+4133302.fits
apogee.apo25m.stars.063+43_MGA.2M16321329+3951434,apogee_apo25m_stars_063+43_MGA_2M16321329+3951434.fits
apogee.apo25m.stars.065+44_MGA.2M16334756+4143574,apogee_apo25m_stars_065+44_MGA_2M16334756+4143574.fits
apogee.apo25m.stars.063+43_MGA.2M16351128+3940021,apogee_apo25m_stars_063+43_MGA_2M16351128+3940021.fits
apogee.apo25m.stars.063+44_MGA.2M16351128+3940021,apogee_apo25m_stars_063+44_MGA_2M16351128+3940021.fits
apogee.apo25m.stars.064+42_MGA.2M16351128+3940021,apogee_apo25m_stars_064+42_MGA_2M16351128+3940021.fits
apogee.apo25m.stars.064+44_MGA.2M16351128+3940021,apogee_apo25m_stars_064+44_MGA_2M16351128+3940021.fits
apogee.apo25m.stars.063+43_MGA.2M16352777+4043431,apogee_apo25m_stars_063+43_MGA_2M16352777+4043431.fits
apogee.apo25m.stars.065+43_MGA.2M16352777+4043431,apogee_apo25m_stars_065+43_MGA_2M16352777+4043431.fits
apogee.apo25m.stars.023+88_MGA.2M12552751+2740347,apogee_apo25m_stars_023+88_MGA_2M12552751+2740347.fits
apogee.apo25m.stars.062+88_MGA.2M12561360+2903057,apogee_apo25m_stars_062+88_MGA_2M12561360+2903057.fits
apogee.apo25m.stars.101+89_MGA.2M12561360+2903057,apogee_apo25m_stars_101+89_MGA_2M12561360+2903057.fits
apogee.apo25m.stars.067+43_MGA.2M16334756+4143574,apogee_apo25m_stars_067+43_MGA_2M16334756+4143574.fits
apogee.apo25m.stars.063+43_MGA.2M16352777+4043431,apogee_apo25m_stars_063+43_MGA_2M16352777+4043431.fits
apogee.apo25m.stars.065+43_MGA.2M16352777+4043431,apogee_apo25m_stars_065+43_MGA_2M16352777+4043431.fits
apogee.apo25m.stars.062+88_MGA.2M12561443+2909413,apogee_apo25m_stars_062+88_MGA_2M12561443+2909413.fits
apogee.apo25m.stars.063+88_MGA.2M12561443+2909413,apogee_apo25m_stars_063+88_MGA_2M12561443+2909413.fits
apogee.apo25m.stars.076+88_MGA.2M12561443+2909413,apogee_apo25m_stars_076+88_MGA_2M12561443+2909413.fits
apogee.apo25m.stars.066+42_MGA.2M16352777+4043431,apogee_apo25m_stars_066+42_MGA_2M16352777+4043431.fits
apogee.apo25m.stars.063+43_MGA.2M16363371+4047548,apogee_apo25m_stars_063+43_MGA_2M16363371+4047548.fits
apogee.apo25m.stars.064+42_MGA.2M16363371+4047548,apogee_apo25m_stars_064+42_MGA_2M16363371+4047548.fits
apogee.apo25m.stars.066+42_MGA.2M16352777+4043431,apogee_apo25m_stars_066+42_MGA_2M16352777+4043431.fits
apogee.apo25m.stars.064+62_MGA.2M14494430+3826102,apogee_apo25m_stars_064+62_MGA_2M14494430+3826102.fits
apogee.apo25m.stars.064+62_MGA.2M14511633+3729169,apogee_apo25m_stars_064+62_MGA_2M14511633+3729169.fits
apogee.apo25m.stars.066+42_MGA.2M16363371+4047548,apogee_apo25m_stars_066+42_MGA_2M16363371+4047548.fits
apogee.apo25m.stars.062+43_MGA.2M16365245+3958116,apogee_apo25m_stars_062+43_MGA_2M16365245+3958116.fits
apogee.apo25m.stars.065+43_MGA.2M16365245+3958116,apogee_apo25m_stars_065+43_MGA_2M16365245+3958116.fits
apogee.apo25m.stars.040+88_MGA.2M13025250+2749475,apogee_apo25m_stars_040+88_MGA_2M13025250+2749475.fits
apogee.apo25m.stars.052+87_MGA.2M13025250+2749475,apogee_apo25m_stars_052+87_MGA_2M13025250+2749475.fits
apogee.apo25m.stars.054+87_MGA.2M13025250+2749475,apogee_apo25m_stars_054+87_MGA_2M13025250+2749475.fits
apogee.apo25m.stars.064+62_MGA.2M14521596+3858448,apogee_apo25m_stars_064+62_MGA_2M14521596+3858448.fits
apogee.apo25m.stars.064+62_MGA.2M14525573+3709414,apogee_apo25m_stars_064+62_MGA_2M14525573+3709414.fits
apogee.apo25m.stars.064+62_MGA.2M14533365+3910373,apogee_apo25m_stars_064+62_MGA_2M14533365+3910373.fits
apogee.apo25m.stars.059+89_MGA.2M13025250+2749475,apogee_apo25m_stars_059+89_MGA_2M13025250+2749475.fits
apogee.apo25m.stars.062+88_MGA.2M13025250+2749475,apogee_apo25m_stars_062+88_MGA_2M13025250+2749475.fits
apogee.apo25m.stars.063+88_MGA.2M13025250+2749475,apogee_apo25m_stars_063+88_MGA_2M13025250+2749475.fits
apogee.apo25m.stars.064+62_MGA.2M14534562+3854072,apogee_apo25m_stars_064+62_MGA_2M14534562+3854072.fits
apogee.apo25m.stars.064+62_MGA.2M14541550+3904413,apogee_apo25m_stars_064+62_MGA_2M14541550+3904413.fits
apogee.apo25m.stars.064+62_MGA.2M14543101+3741356,apogee_apo25m_stars_064+62_MGA_2M14543101+3741356.fits
apogee.apo25m.stars.063+88_MGA.2M12583598+2711429,apogee_apo25m_stars_063+88_MGA_2M12583598+2711429.fits
apogee.apo25m.stars.062+88_MGA.2M12584455+2926496,apogee_apo25m_stars_062+88_MGA_2M12584455+2926496.fits
apogee.apo25m.stars.063+88_MGA.2M12584455+2926496,apogee_apo25m_stars_063+88_MGA_2M12584455+2926496.fits
apogee.apo25m.stars.076+88_MGA.2M13025250+2749475,apogee_apo25m_stars_076+88_MGA_2M13025250+2749475.fits
apogee.apo25m.stars.042+87_MGA.2M13033113+2742275,apogee_apo25m_stars_042+87_MGA_2M13033113+2742275.fits
apogee.apo25m.stars.048+88_MGA.2M13033113+2742275,apogee_apo25m_stars_048+88_MGA_2M13033113+2742275.fits
apogee.apo25m.stars.064+62_MGA.2M14560906+3926232,apogee_apo25m_stars_064+62_MGA_2M14560906+3926232.fits
apogee.apo25m.stars.064+62_MGA.2M14574697+3928171,apogee_apo25m_stars_064+62_MGA_2M14574697+3928171.fits
apogee.apo25m.stars.064+62_MGA.2M14575151+3925236,apogee_apo25m_stars_064+62_MGA_2M14575151+3925236.fits
apogee.apo25m.stars.049+88_MGA.2M13033113+2742275,apogee_apo25m_stars_049+88_MGA_2M13033113+2742275.fits
apogee.apo25m.stars.052+87_MGA.2M13033113+2742275,apogee_apo25m_stars_052+87_MGA_2M13033113+2742275.fits
apogee.apo25m.stars.059+89_MGA.2M13033113+2742275,apogee_apo25m_stars_059+89_MGA_2M13033113+2742275.fits
apogee.apo25m.stars.064+62_MGA.2M15010692+3912557,apogee_apo25m_stars_064+62_MGA_2M15010692+3912557.fits
apogee.apo25m.stars.064+62_MGA.2M15011292+3807579,apogee_apo25m_stars_064+62_MGA_2M15011292+3807579.fits
apogee.apo25m.stars.052+87_MGA.2M13020605+2919097,apogee_apo25m_stars_052+87_MGA_2M13020605+2919097.fits
apogee.apo25m.stars.062+45_MGA.2M16210842+4021421,apogee_apo25m_stars_062+45_MGA_2M16210842+4021421.fits
apogee.apo25m.stars.064+44_MGA.2M16222606+4045252,apogee_apo25m_stars_064+44_MGA_2M16222606+4045252.fits
apogee.apo25m.stars.064+44_MGA.2M16234459+4111567,apogee_apo25m_stars_064+44_MGA_2M16234459+4111567.fits
apogee.apo25m.stars.056+88_MGA.2M13020605+2919097,apogee_apo25m_stars_056+88_MGA_2M13020605+2919097.fits
apogee.apo25m.stars.063+88_MGA.2M13020605+2919097,apogee_apo25m_stars_063+88_MGA_2M13020605+2919097.fits
apogee.apo25m.stars.064+86_MGA.2M13020605+2919097,apogee_apo25m_stars_064+86_MGA_2M13020605+2919097.fits
apogee.apo25m.stars.065+44_MGA.2M16234459+4111567,apogee_apo25m_stars_065+44_MGA_2M16234459+4111567.fits
apogee.apo25m.stars.065+43_MGA.2M16253482+4141276,apogee_apo25m_stars_065+43_MGA_2M16253482+4141276.fits
apogee.apo25m.stars.065+44_MGA.2M16253482+4141276,apogee_apo25m_stars_065+44_MGA_2M16253482+4141276.fits
apogee.apo25m.stars.052+87_MGA.2M13024217+2925028,apogee_apo25m_stars_052+87_MGA_2M13024217+2925028.fits
apogee.apo25m.stars.054+87_MGA.2M13024217+2925028,apogee_apo25m_stars_054+87_MGA_2M13024217+2925028.fits
apogee.apo25m.stars.064+86_MGA.2M13024217+2925028,apogee_apo25m_stars_064+86_MGA_2M13024217+2925028.fits
apogee.apo25m.stars.064-46_MGA.2M22253583+0042194,apogee_apo25m_stars_064-46_MGA_2M22253583+0042194.fits
apogee.apo25m.stars.064-46_MGA.2M22260503+0043557,apogee_apo25m_stars_064-46_MGA_2M22260503+0043557.fits
apogee.apo25m.stars.065+48_MGA.2M16081419+4132062,apogee_apo25m_stars_065+48_MGA_2M16081419+4132062.fits
apogee.apo25m.stars.064+44_MGA.2M16265382+4118113,apogee_apo25m_stars_064+44_MGA_2M16265382+4118113.fits
apogee.apo25m.stars.065+44_MGA.2M16265382+4118113,apogee_apo25m_stars_065+44_MGA_2M16265382+4118113.fits
apogee.apo25m.stars.067+43_MGA.2M16265382+4118113,apogee_apo25m_stars_067+43_MGA_2M16265382+4118113.fits
apogee.apo25m.stars.064+42_MGA.2M16435191+4053183,apogee_apo25m_stars_064+42_MGA_2M16435191+4053183.fits
apogee.apo25m.stars.066+47_MGA.2M16163694+4222433,apogee_apo25m_stars_066+47_MGA_2M16163694+4222433.fits
apogee.apo25m.stars.066+47_MGA.2M16164467+4136322,apogee_apo25m_stars_066+47_MGA_2M16164467+4136322.fits
apogee.apo25m.stars.076+88_MGA.2M13025331+2823319,apogee_apo25m_stars_076+88_MGA_2M13025331+2823319.fits
apogee.apo25m.stars.052+87_MGA.2M13041155+2917070,apogee_apo25m_stars_052+87_MGA_2M13041155+2917070.fits
apogee.apo25m.stars.054+87_MGA.2M13041155+2917070,apogee_apo25m_stars_054+87_MGA_2M13041155+2917070.fits
apogee.apo25m.stars.062+88_MGA.2M13033113+2742275,apogee_apo25m_stars_062+88_MGA_2M13033113+2742275.fits
apogee.apo25m.stars.063+88_MGA.2M13033113+2742275,apogee_apo25m_stars_063+88_MGA_2M13033113+2742275.fits
apogee.apo25m.stars.067-47_MGA.2M22393420-0014382,apogee_apo25m_stars_067-47_MGA_2M22393420-0014382.fits
apogee.apo25m.stars.076+88_MGA.2M12584455+2926496,apogee_apo25m_stars_076+88_MGA_2M12584455+2926496.fits
apogee.apo25m.stars.063+88_MGA.2M12591144+2924577,apogee_apo25m_stars_063+88_MGA_2M12591144+2924577.fits
apogee.apo25m.stars.068+55_MGA.2M15245517+4041085,apogee_apo25m_stars_068+55_MGA_2M15245517+4041085.fits
apogee.apo25m.stars.065+48_MGA.2M16082503+4147169,apogee_apo25m_stars_065+48_MGA_2M16082503+4147169.fits
apogee.apo25m.stars.065+48_MGA.2M16100110+4028598,apogee_apo25m_stars_065+48_MGA_2M16100110+4028598.fits
apogee.apo25m.stars.065+48_MGA.2M16100849+4046320,apogee_apo25m_stars_065+48_MGA_2M16100849+4046320.fits
apogee.apo25m.stars.065+44_MGA.2M16281007+4215229,apogee_apo25m_stars_065+44_MGA_2M16281007+4215229.fits
apogee.apo25m.stars.064+44_MGA.2M16281493+3950470,apogee_apo25m_stars_064+44_MGA_2M16281493+3950470.fits
apogee.apo25m.stars.062+44_MGA.2M16282607+3943485,apogee_apo25m_stars_062+44_MGA_2M16282607+3943485.fits
apogee.apo25m.stars.063+88_MGA.2M13041155+2917070,apogee_apo25m_stars_063+88_MGA_2M13041155+2917070.fits
apogee.apo25m.stars.064+86_MGA.2M13041155+2917070,apogee_apo25m_stars_064+86_MGA_2M13041155+2917070.fits
apogee.apo25m.stars.040+88_MGA.2M13043112+2824273,apogee_apo25m_stars_040+88_MGA_2M13043112+2824273.fits
apogee.apo25m.stars.067+43_MGA.2M16233189+4314003,apogee_apo25m_stars_067+43_MGA_2M16233189+4314003.fits
apogee.apo25m.stars.067+43_MGA.2M16251512+4236084,apogee_apo25m_stars_067+43_MGA_2M16251512+4236084.fits
apogee.apo25m.stars.067+46_MGA.2M16251512+4236084,apogee_apo25m_stars_067+46_MGA_2M16251512+4236084.fits
apogee.apo25m.stars.068+00.2M20004726+3033424,apogee_apo25m_stars_068+00_2M20004726+3033424.fits
apogee.apo25m.stars.068+51_MGA.2M15432369+4308490,apogee_apo25m_stars_068+51_MGA_2M15432369+4308490.fits
apogee.apo25m.stars.068+51_MGA.2M15451120+4255311,apogee_apo25m_stars_068+51_MGA_2M15451120+4255311.fits
apogee.apo25m.stars.067+43_MGA.2M16294432+4249414,apogee_apo25m_stars_067+43_MGA_2M16294432+4249414.fits
apogee.apo25m.stars.065+44_MGA.2M16295112+4233433,apogee_apo25m_stars_065+44_MGA_2M16295112+4233433.fits
apogee.apo25m.stars.067+43_MGA.2M16295112+4233433,apogee_apo25m_stars_067+43_MGA_2M16295112+4233433.fits
apogee.apo25m.stars.065+44_MGA.2M16334756+4143574,apogee_apo25m_stars_065+44_MGA_2M16334756+4143574.fits
apogee.apo25m.stars.067+43_MGA.2M16334756+4143574,apogee_apo25m_stars_067+43_MGA_2M16334756+4143574.fits
apogee.apo25m.stars.064+42_MGA.2M16335409+4046023,apogee_apo25m_stars_064+42_MGA_2M16335409+4046023.fits
apogee.apo25m.stars.070+53_MGA.2M15451120+4255311,apogee_apo25m_stars_070+53_MGA_2M15451120+4255311.fits
apogee.apo25m.stars.068+51_MGA.2M15462814+4115156,apogee_apo25m_stars_068+51_MGA_2M15462814+4115156.fits
apogee.apo25m.stars.068+51_MGA.2M15494781+4305212,apogee_apo25m_stars_068+51_MGA_2M15494781+4305212.fits
apogee.apo25m.stars.065+44_MGA.2M16335409+4046023,apogee_apo25m_stars_065+44_MGA_2M16335409+4046023.fits
apogee.apo25m.stars.065+48_MGA.2M15583564+4153384,apogee_apo25m_stars_065+48_MGA_2M15583564+4153384.fits
apogee.apo25m.stars.065+48_MGA.2M16030652+4155583,apogee_apo25m_stars_065+48_MGA_2M16030652+4155583.fits
apogee.apo25m.stars.065+48_MGA.2M16115154+4104401,apogee_apo25m_stars_065+48_MGA_2M16115154+4104401.fits
apogee.apo25m.stars.065-29_MGA.2M21331826+1238184,apogee_apo25m_stars_065-29_MGA_2M21331826+1238184.fits
apogee.apo25m.stars.065-29_MGA.2M21344719+1045022,apogee_apo25m_stars_065-29_MGA_2M21344719+1045022.fits
apogee.apo25m.stars.065+44_MGA.2M16334756+4143574,apogee_apo25m_stars_065+44_MGA_2M16334756+4143574.fits
apogee.apo25m.stars.067+43_MGA.2M16334756+4143574,apogee_apo25m_stars_067+43_MGA_2M16334756+4143574.fits
apogee.apo25m.stars.067+43_MGA.2M16335238+4343214,apogee_apo25m_stars_067+43_MGA_2M16335238+4343214.fits
apogee.apo25m.stars.068+55_MGA.2M15333456+4107133,apogee_apo25m_stars_068+55_MGA_2M15333456+4107133.fits
apogee.apo25m.stars.068+55_MGA.2M15361147+4101203,apogee_apo25m_stars_068+55_MGA_2M15361147+4101203.fits
apogee.apo25m.stars.075+83_MGA.2M13194623+3207232,apogee_apo25m_stars_075+83_MGA_2M13194623+3207232.fits
apogee.apo25m.stars.067+43_MGA.2M16335249+4147394,apogee_apo25m_stars_067+43_MGA_2M16335249+4147394.fits
apogee.apo25m.stars.067+43_MGA.2M16345829+4227023,apogee_apo25m_stars_067+43_MGA_2M16345829+4227023.fits
apogee.apo25m.stars.066+42_MGA.2M16350017+4253041,apogee_apo25m_stars_066+42_MGA_2M16350017+4253041.fits
apogee.apo25m.stars.065+48_MGA.2M16034776+4051552,apogee_apo25m_stars_065+48_MGA_2M16034776+4051552.fits
apogee.apo25m.stars.065+48_MGA.2M16050367+4117102,apogee_apo25m_stars_065+48_MGA_2M16050367+4117102.fits
apogee.apo25m.stars.065+48_MGA.2M16052565+4216287,apogee_apo25m_stars_065+48_MGA_2M16052565+4216287.fits
apogee.apo25m.stars.065-29_MGA.2M21354493+1002205,apogee_apo25m_stars_065-29_MGA_2M21354493+1002205.fits
apogee.apo25m.stars.065-29_MGA.2M21364234+1225427,apogee_apo25m_stars_065-29_MGA_2M21364234+1225427.fits
apogee.apo25m.stars.INTCL_N7078_MGA.2M21364234+1225427,apogee_apo25m_stars_INTCL_N7078_MGA_2M21364234+1225427.fits
apogee.apo25m.stars.068+51_MGA.2M15521377+4234370,apogee_apo25m_stars_068+51_MGA_2M15521377+4234370.fits
apogee.apo25m.stars.069+49_MGA.2M15521377+4234370,apogee_apo25m_stars_069+49_MGA_2M15521377+4234370.fits
apogee.apo25m.stars.068+51_MGA.2M15524685+4321018,apogee_apo25m_stars_068+51_MGA_2M15524685+4321018.fits
apogee.apo25m.stars.042+87_MGA.2M13043112+2824273,apogee_apo25m_stars_042+87_MGA_2M13043112+2824273.fits
apogee.apo25m.stars.049+88_MGA.2M13043112+2824273,apogee_apo25m_stars_049+88_MGA_2M13043112+2824273.fits
apogee.apo25m.stars.052+87_MGA.2M13043112+2824273,apogee_apo25m_stars_052+87_MGA_2M13043112+2824273.fits
apogee.apo25m.stars.067+43_MGA.2M16350017+4253041,apogee_apo25m_stars_067+43_MGA_2M16350017+4253041.fits
apogee.apo25m.stars.069+42_MGA.2M16350017+4253041,apogee_apo25m_stars_069+42_MGA_2M16350017+4253041.fits
apogee.apo25m.stars.067+43_MGA.2M16355276+4143451,apogee_apo25m_stars_067+43_MGA_2M16355276+4143451.fits
apogee.apo25m.stars.054+87_MGA.2M13043112+2824273,apogee_apo25m_stars_054+87_MGA_2M13043112+2824273.fits
apogee.apo25m.stars.063+88_MGA.2M13043112+2824273,apogee_apo25m_stars_063+88_MGA_2M13043112+2824273.fits
apogee.apo25m.stars.064+86_MGA.2M13043112+2824273,apogee_apo25m_stars_064+86_MGA_2M13043112+2824273.fits
apogee.apo25m.stars.065-29_MGA.2M21365962+1040552,apogee_apo25m_stars_065-29_MGA_2M21365962+1040552.fits
apogee.apo25m.stars.065-29_MGA.2M21370220+1002513,apogee_apo25m_stars_065-29_MGA_2M21370220+1002513.fits
apogee.apo25m.stars.065-29_MGA.2M21390301+1023491,apogee_apo25m_stars_065-29_MGA_2M21390301+1023491.fits
apogee.apo25m.stars.065+48_MGA.2M16064220+4228568,apogee_apo25m_stars_065+48_MGA_2M16064220+4228568.fits
apogee.apo25m.stars.065+48_MGA.2M16074213+4118024,apogee_apo25m_stars_065+48_MGA_2M16074213+4118024.fits
apogee.apo25m.stars.066+42_MGA.2M16350017+4253041,apogee_apo25m_stars_066+42_MGA_2M16350017+4253041.fits
apogee.apo25m.stars.068+51_MGA.2M15542693+4233317,apogee_apo25m_stars_068+51_MGA_2M15542693+4233317.fits
apogee.apo25m.stars.068+51_MGA.2M15545185+4130348,apogee_apo25m_stars_068+51_MGA_2M15545185+4130348.fits
apogee.apo25m.stars.068+51_MGA.2M15550633+4155130,apogee_apo25m_stars_068+51_MGA_2M15550633+4155130.fits
apogee.apo25m.stars.066+42_MGA.2M16360561+4235075,apogee_apo25m_stars_066+42_MGA_2M16360561+4235075.fits
apogee.apo25m.stars.067+43_MGA.2M16364080+4312108,apogee_apo25m_stars_067+43_MGA_2M16364080+4312108.fits
apogee.apo25m.stars.067+46_MGA.2M16112865+4329060,apogee_apo25m_stars_067+46_MGA_2M16112865+4329060.fits
apogee.apo25m.stars.065-29_MGA.2M21390429+1140047,apogee_apo25m_stars_065-29_MGA_2M21390429+1140047.fits
apogee.apo25m.stars.065-29_MGA.2M21394352+1036408,apogee_apo25m_stars_065-29_MGA_2M21394352+1036408.fits
apogee.apo25m.stars.065-29_MGA.2M21400469+1123346,apogee_apo25m_stars_065-29_MGA_2M21400469+1123346.fits
apogee.apo25m.stars.055+82_MGA.2M13230441+3047514,apogee_apo25m_stars_055+82_MGA_2M13230441+3047514.fits
apogee.apo25m.stars.069+83_MGA.2M13230441+3047514,apogee_apo25m_stars_069+83_MGA_2M13230441+3047514.fits
apogee.apo25m.stars.069+83_MGA.2M13231770+3151344,apogee_apo25m_stars_069+83_MGA_2M13231770+3151344.fits
apogee.apo25m.stars.068+51_MGA.2M15554908+4203091,apogee_apo25m_stars_068+51_MGA_2M15554908+4203091.fits
apogee.apo25m.stars.068+51_MGA.2M15564062+4144375,apogee_apo25m_stars_068+51_MGA_2M15564062+4144375.fits
apogee.apo25m.stars.068+51_MGA.2M15570103+4303229,apogee_apo25m_stars_068+51_MGA_2M15570103+4303229.fits
apogee.apo25m.stars.067+43_MGA.2M16350017+4253041,apogee_apo25m_stars_067+43_MGA_2M16350017+4253041.fits
apogee.apo25m.stars.069+42_MGA.2M16350017+4253041,apogee_apo25m_stars_069+42_MGA_2M16350017+4253041.fits
apogee.apo25m.stars.069+42_MGA.2M16390360+4413006,apogee_apo25m_stars_069+42_MGA_2M16390360+4413006.fits
apogee.apo25m.stars.062+43_MGA.2M16293605+4011200,apogee_apo25m_stars_062+43_MGA_2M16293605+4011200.fits
apogee.apo25m.stars.062+44_MGA.2M16293605+4011200,apogee_apo25m_stars_062+44_MGA_2M16293605+4011200.fits
apogee.apo25m.stars.063+44_MGA.2M16293605+4011200,apogee_apo25m_stars_063+44_MGA_2M16293605+4011200.fits
apogee.apo25m.stars.064+86_MGA.2M13050422+2948430,apogee_apo25m_stars_064+86_MGA_2M13050422+2948430.fits
apogee.apo25m.stars.037+85_MGA.2M13090843+2805431,apogee_apo25m_stars_037+85_MGA_2M13090843+2805431.fits
apogee.apo25m.stars.052+87_MGA.2M13090843+2805431,apogee_apo25m_stars_052+87_MGA_2M13090843+2805431.fits
apogee.apo25m.stars.067+46_MGA.2M16115883+4313355,apogee_apo25m_stars_067+46_MGA_2M16115883+4313355.fits
apogee.apo25m.stars.067+46_MGA.2M16122614+4250271,apogee_apo25m_stars_067+46_MGA_2M16122614+4250271.fits
apogee.apo25m.stars.066+47_MGA.2M16145020+4209345,apogee_apo25m_stars_066+47_MGA_2M16145020+4209345.fits
apogee.apo25m.stars.075+83_MGA.2M13231770+3151344,apogee_apo25m_stars_075+83_MGA_2M13231770+3151344.fits
apogee.apo25m.stars.055+82_MGA.2M13233113+3108405,apogee_apo25m_stars_055+82_MGA_2M13233113+3108405.fits
apogee.apo25m.stars.069+83_MGA.2M13233113+3108405,apogee_apo25m_stars_069+83_MGA_2M13233113+3108405.fits
apogee.apo25m.stars.069+42_MGA.2M16391482+4421353,apogee_apo25m_stars_069+42_MGA_2M16391482+4421353.fits
apogee.apo25m.stars.069+42_MGA.2M16404161+4249356,apogee_apo25m_stars_069+42_MGA_2M16404161+4249356.fits
apogee.apo25m.stars.069+42_MGA.2M16415436+4515557,apogee_apo25m_stars_069+42_MGA_2M16415436+4515557.fits
apogee.apo25m.stars.062+44_MGA.2M16294534+3829113,apogee_apo25m_stars_062+44_MGA_2M16294534+3829113.fits
apogee.apo25m.stars.062+44_MGA.2M16304102+3735398,apogee_apo25m_stars_062+44_MGA_2M16304102+3735398.fits
apogee.apo25m.stars.062+44_MGA.2M16304320+3935157,apogee_apo25m_stars_062+44_MGA_2M16304320+3935157.fits
apogee.apo25m.stars.069+57_MGA.2M15112403+4242146,apogee_apo25m_stars_069+57_MGA_2M15112403+4242146.fits
apogee.apo25m.stars.069+57_MGA.2M15141808+4041284,apogee_apo25m_stars_069+57_MGA_2M15141808+4041284.fits
apogee.apo25m.stars.069+57_MGA.2M15154400+4058416,apogee_apo25m_stars_069+57_MGA_2M15154400+4058416.fits
apogee.apo25m.stars.067+46_MGA.2M16153369+4121327,apogee_apo25m_stars_067+46_MGA_2M16153369+4121327.fits
apogee.apo25m.stars.066+47_MGA.2M16163694+4222433,apogee_apo25m_stars_066+47_MGA_2M16163694+4222433.fits
apogee.apo25m.stars.067+46_MGA.2M16173163+4158178,apogee_apo25m_stars_067+46_MGA_2M16173163+4158178.fits
apogee.apo25m.stars.069+42_MGA.2M16421389+4258044,apogee_apo25m_stars_069+42_MGA_2M16421389+4258044.fits
apogee.apo25m.stars.069+42_MGA.2M16424664+4500511,apogee_apo25m_stars_069+42_MGA_2M16424664+4500511.fits
apogee.apo25m.stars.069+45_MGA.2M16134513+4402528,apogee_apo25m_stars_069+45_MGA_2M16134513+4402528.fits
apogee.apo25m.stars.070+80_MGA.2M13264652+3135497,apogee_apo25m_stars_070+80_MGA_2M13264652+3135497.fits
apogee.apo25m.stars.068+82_MGA.2M13270995+3124338,apogee_apo25m_stars_068+82_MGA_2M13270995+3124338.fits
apogee.apo25m.stars.070+80_MGA.2M13270995+3124338,apogee_apo25m_stars_070+80_MGA_2M13270995+3124338.fits
apogee.apo25m.stars.063+44_MGA.2M16304320+3935157,apogee_apo25m_stars_063+44_MGA_2M16304320+3935157.fits
apogee.apo25m.stars.062+43_MGA.2M16305837+3929095,apogee_apo25m_stars_062+43_MGA_2M16305837+3929095.fits
apogee.apo25m.stars.062+43_MGA.2M16310990+3958434,apogee_apo25m_stars_062+43_MGA_2M16310990+3958434.fits
apogee.apo25m.stars.069+57_MGA.2M15183884+4125290,apogee_apo25m_stars_069+57_MGA_2M15183884+4125290.fits
apogee.apo25m.stars.069+57_MGA.2M15185564+4118185,apogee_apo25m_stars_069+57_MGA_2M15185564+4118185.fits
apogee.apo25m.stars.069+57_MGA.2M15194456+4052546,apogee_apo25m_stars_069+57_MGA_2M15194456+4052546.fits
apogee.apo25m.stars.067+46_MGA.2M16190620+4236272,apogee_apo25m_stars_067+46_MGA_2M16190620+4236272.fits
apogee.apo25m.stars.069+45_MGA.2M16190620+4236272,apogee_apo25m_stars_069+45_MGA_2M16190620+4236272.fits
apogee.apo25m.stars.067+46_MGA.2M16200572+4228498,apogee_apo25m_stars_067+46_MGA_2M16200572+4228498.fits
apogee.apo25m.stars.062+44_MGA.2M16310990+3958434,apogee_apo25m_stars_062+44_MGA_2M16310990+3958434.fits
apogee.apo25m.stars.063+44_MGA.2M16310990+3958434,apogee_apo25m_stars_063+44_MGA_2M16310990+3958434.fits
apogee.apo25m.stars.063+43_MGA.2M16321329+3951434,apogee_apo25m_stars_063+43_MGA_2M16321329+3951434.fits
apogee.apo25m.stars.069+45_MGA.2M16162669+4354439,apogee_apo25m_stars_069+45_MGA_2M16162669+4354439.fits
apogee.apo25m.stars.069+45_MGA.2M16182145+4240533,apogee_apo25m_stars_069+45_MGA_2M16182145+4240533.fits
apogee.apo25m.stars.067+46_MGA.2M16190620+4236272,apogee_apo25m_stars_067+46_MGA_2M16190620+4236272.fits
apogee.apo25m.stars.055+82_MGA.2M13273297+3036265,apogee_apo25m_stars_055+82_MGA_2M13273297+3036265.fits
apogee.apo25m.stars.068-04.2M20150531+2919111,apogee_apo25m_stars_068-04_2M20150531+2919111.fits
apogee.apo25m.stars.069+42_MGA.2M16315284+4428029,apogee_apo25m_stars_069+42_MGA_2M16315284+4428029.fits
apogee.apo25m.stars.069+45_MGA.2M16200572+4228498,apogee_apo25m_stars_069+45_MGA_2M16200572+4228498.fits
apogee.apo25m.stars.067+46_MGA.2M16203969+4320097,apogee_apo25m_stars_067+46_MGA_2M16203969+4320097.fits
apogee.apo25m.stars.067+46_MGA.2M16223156+4222536,apogee_apo25m_stars_067+46_MGA_2M16223156+4222536.fits
apogee.apo25m.stars.069+45_MGA.2M16190620+4236272,apogee_apo25m_stars_069+45_MGA_2M16190620+4236272.fits
apogee.apo25m.stars.069+45_MGA.2M16192069+4407483,apogee_apo25m_stars_069+45_MGA_2M16192069+4407483.fits
apogee.apo25m.stars.069+45_MGA.2M16214924+4441076,apogee_apo25m_stars_069+45_MGA_2M16214924+4441076.fits
apogee.apo25m.stars.062+44_MGA.2M16330681+3812413,apogee_apo25m_stars_062+44_MGA_2M16330681+3812413.fits
apogee.apo25m.stars.063+44_MGA.2M16330681+3812413,apogee_apo25m_stars_063+44_MGA_2M16330681+3812413.fits
apogee.apo25m.stars.060+42_MGA.2M16341039+3809231,apogee_apo25m_stars_060+42_MGA_2M16341039+3809231.fits
apogee.apo25m.stars.069+57_MGA.2M15200312+4043486,apogee_apo25m_stars_069+57_MGA_2M15200312+4043486.fits
apogee.apo25m.stars.069+83_MGA.2M13120299+3152129,apogee_apo25m_stars_069+83_MGA_2M13120299+3152129.fits
apogee.apo25m.stars.075+83_MGA.2M13123193+3116278,apogee_apo25m_stars_075+83_MGA_2M13123193+3116278.fits
apogee.apo25m.stars.065-29_MGA.2M21403336+1058228,apogee_apo25m_stars_065-29_MGA_2M21403336+1058228.fits
apogee.apo25m.stars.066+42_MGA.2M16324743+4238317,apogee_apo25m_stars_066+42_MGA_2M16324743+4238317.fits
apogee.apo25m.stars.065+43_MGA.2M16334278+4159593,apogee_apo25m_stars_065+43_MGA_2M16334278+4159593.fits
apogee.apo25m.stars.071+43_MGA.2M16315284+4428029,apogee_apo25m_stars_071+43_MGA_2M16315284+4428029.fits
apogee.apo25m.stars.071+43_MGA.2M16320597+4458142,apogee_apo25m_stars_071+43_MGA_2M16320597+4458142.fits
apogee.apo25m.stars.069+42_MGA.2M16322029+4512209,apogee_apo25m_stars_069+42_MGA_2M16322029+4512209.fits
apogee.apo25m.stars.069+45_MGA.2M16223156+4222536,apogee_apo25m_stars_069+45_MGA_2M16223156+4222536.fits
apogee.apo25m.stars.067+43_MGA.2M16233189+4314003,apogee_apo25m_stars_067+43_MGA_2M16233189+4314003.fits
apogee.apo25m.stars.067+43_MGA.2M16251512+4236084,apogee_apo25m_stars_067+43_MGA_2M16251512+4236084.fits
apogee.apo25m.stars.066+42_MGA.2M16334278+4159593,apogee_apo25m_stars_066+42_MGA_2M16334278+4159593.fits
apogee.apo25m.stars.067+43_MGA.2M16334278+4159593,apogee_apo25m_stars_067+43_MGA_2M16334278+4159593.fits
apogee.apo25m.stars.065+44_MGA.2M16334756+4143574,apogee_apo25m_stars_065+44_MGA_2M16334756+4143574.fits
apogee.apo25m.stars.062+44_MGA.2M16341039+3809231,apogee_apo25m_stars_062+44_MGA_2M16341039+3809231.fits
apogee.apo25m.stars.062+44_MGA.2M16344070+3919069,apogee_apo25m_stars_062+44_MGA_2M16344070+3919069.fits
apogee.apo25m.stars.063+44_MGA.2M16344070+3919069,apogee_apo25m_stars_063+44_MGA_2M16344070+3919069.fits
apogee.apo25m.stars.069+45_MGA.2M16221534+4511477,apogee_apo25m_stars_069+45_MGA_2M16221534+4511477.fits
apogee.apo25m.stars.071+43_MGA.2M16231464+4429450,apogee_apo25m_stars_071+43_MGA_2M16231464+4429450.fits
apogee.apo25m.stars.069+45_MGA.2M16241319+4331271,apogee_apo25m_stars_069+45_MGA_2M16241319+4331271.fits
apogee.apo25m.stars.067+43_MGA.2M16334756+4143574,apogee_apo25m_stars_067+43_MGA_2M16334756+4143574.fits
apogee.apo25m.stars.066+42_MGA.2M16335720+4254521,apogee_apo25m_stars_066+42_MGA_2M16335720+4254521.fits
apogee.apo25m.stars.067+43_MGA.2M16335720+4254521,apogee_apo25m_stars_067+43_MGA_2M16335720+4254521.fits
apogee.apo25m.stars.062+43_MGA.2M16350504+3841114,apogee_apo25m_stars_062+43_MGA_2M16350504+3841114.fits
apogee.apo25m.stars.062+44_MGA.2M16350504+3841114,apogee_apo25m_stars_062+44_MGA_2M16350504+3841114.fits
apogee.apo25m.stars.063+41_MGA.2M16350504+3841114,apogee_apo25m_stars_063+41_MGA_2M16350504+3841114.fits
apogee.apo25m.stars.075+83_MGA.2M13134694+3154566,apogee_apo25m_stars_075+83_MGA_2M13134694+3154566.fits
apogee.apo25m.stars.075+83_MGA.2M13144275+3210544,apogee_apo25m_stars_075+83_MGA_2M13144275+3210544.fits
apogee.apo25m.stars.069+83_MGA.2M13153860+3002332,apogee_apo25m_stars_069+83_MGA_2M13153860+3002332.fits
apogee.apo25m.stars.069+45_MGA.2M16251478+4431034,apogee_apo25m_stars_069+45_MGA_2M16251478+4431034.fits
apogee.apo25m.stars.069+45_MGA.2M16264249+4427350,apogee_apo25m_stars_069+45_MGA_2M16264249+4427350.fits
apogee.apo25m.stars.071+43_MGA.2M16264249+4427350,apogee_apo25m_stars_071+43_MGA_2M16264249+4427350.fits
apogee.apo25m.stars.067+46_MGA.2M16251512+4236084,apogee_apo25m_stars_067+46_MGA_2M16251512+4236084.fits
apogee.apo25m.stars.067-47_MGA.2M22332588+0122206,apogee_apo25m_stars_067-47_MGA_2M22332588+0122206.fits
apogee.apo25m.stars.067-47_MGA.2M22333732+0036336,apogee_apo25m_stars_067-47_MGA_2M22333732+0036336.fits
apogee.apo25m.stars.071+43_MGA.2M16322029+4512209,apogee_apo25m_stars_071+43_MGA_2M16322029+4512209.fits
apogee.apo25m.stars.070+54.2M15295746+4438345,apogee_apo25m_stars_070+54_2M15295746+4438345.fits
apogee.apo25m.stars.070+54.2M15303708+4434086,apogee_apo25m_stars_070+54_2M15303708+4434086.fits
apogee.apo25m.stars.069+45_MGA.2M16273501+4430249,apogee_apo25m_stars_069+45_MGA_2M16273501+4430249.fits
apogee.apo25m.stars.071+43_MGA.2M16273501+4430249,apogee_apo25m_stars_071+43_MGA_2M16273501+4430249.fits
apogee.apo25m.stars.069+45_MGA.2M16281784+4430108,apogee_apo25m_stars_069+45_MGA_2M16281784+4430108.fits
apogee.apo25m.stars.063+44_MGA.2M16350504+3841114,apogee_apo25m_stars_063+44_MGA_2M16350504+3841114.fits
apogee.apo25m.stars.062+44_MGA.2M16360180+3849016,apogee_apo25m_stars_062+44_MGA_2M16360180+3849016.fits
apogee.apo25m.stars.062+45_MGA.2M16192240+3811115,apogee_apo25m_stars_062+45_MGA_2M16192240+3811115.fits
apogee.apo25m.stars.069+83_MGA.2M13164500+3159180,apogee_apo25m_stars_069+83_MGA_2M13164500+3159180.fits
apogee.apo25m.stars.075+83_MGA.2M13164500+3159180,apogee_apo25m_stars_075+83_MGA_2M13164500+3159180.fits
apogee.apo25m.stars.055+82_MGA.2M13230441+3047514,apogee_apo25m_stars_055+82_MGA_2M13230441+3047514.fits
apogee.apo25m.stars.062+44_MGA.2M16204136+3909109,apogee_apo25m_stars_062+44_MGA_2M16204136+3909109.fits
apogee.apo25m.stars.062+45_MGA.2M16204136+3909109,apogee_apo25m_stars_062+45_MGA_2M16204136+3909109.fits
apogee.apo25m.stars.062+45_MGA.2M16210842+4021421,apogee_apo25m_stars_062+45_MGA_2M16210842+4021421.fits
apogee.apo25m.stars.067-47_MGA.2M22360814-0019231,apogee_apo25m_stars_067-47_MGA_2M22360814-0019231.fits
apogee.apo25m.stars.067-47_MGA.2M22363717-0009124,apogee_apo25m_stars_067-47_MGA_2M22363717-0009124.fits
apogee.apo25m.stars.070+80_MGA.2M13263634+3327404,apogee_apo25m_stars_070+80_MGA_2M13263634+3327404.fits
apogee.apo25m.stars.069+83_MGA.2M13230441+3047514,apogee_apo25m_stars_069+83_MGA_2M13230441+3047514.fits
apogee.apo25m.stars.075+83_MGA.2M13231416+3209041,apogee_apo25m_stars_075+83_MGA_2M13231416+3209041.fits
apogee.apo25m.stars.069+83_MGA.2M13231770+3151344,apogee_apo25m_stars_069+83_MGA_2M13231770+3151344.fits
apogee.apo25m.stars.069+49_MGA.2M15541038+4428189,apogee_apo25m_stars_069+49_MGA_2M15541038+4428189.fits
apogee.apo25m.stars.068+51_MGA.2M15542693+4233317,apogee_apo25m_stars_068+51_MGA_2M15542693+4233317.fits
apogee.apo25m.stars.069+49_MGA.2M15551073+4334140,apogee_apo25m_stars_069+49_MGA_2M15551073+4334140.fits
apogee.apo25m.stars.070+80_MGA.2M13264430+3204524,apogee_apo25m_stars_070+80_MGA_2M13264430+3204524.fits
apogee.apo25m.stars.068+82_MGA.2M13270995+3124338,apogee_apo25m_stars_068+82_MGA_2M13270995+3124338.fits
apogee.apo25m.stars.070+80_MGA.2M13270995+3124338,apogee_apo25m_stars_070+80_MGA_2M13270995+3124338.fits
apogee.apo25m.stars.075+83_MGA.2M13231770+3151344,apogee_apo25m_stars_075+83_MGA_2M13231770+3151344.fits
apogee.apo25m.stars.055+82_MGA.2M13233113+3108405,apogee_apo25m_stars_055+82_MGA_2M13233113+3108405.fits
apogee.apo25m.stars.069+83_MGA.2M13233113+3108405,apogee_apo25m_stars_069+83_MGA_2M13233113+3108405.fits
apogee.apo25m.stars.062+45_MGA.2M16220916+3950274,apogee_apo25m_stars_062+45_MGA_2M16220916+3950274.fits
apogee.apo25m.stars.062+44_MGA.2M16223573+3913161,apogee_apo25m_stars_062+44_MGA_2M16223573+3913161.fits
apogee.apo25m.stars.062+45_MGA.2M16223573+3913161,apogee_apo25m_stars_062+45_MGA_2M16223573+3913161.fits
apogee.apo25m.stars.071+48_MGA.2M15560429+4457231,apogee_apo25m_stars_071+48_MGA_2M15560429+4457231.fits
apogee.apo25m.stars.068+51_MGA.2M15570103+4303229,apogee_apo25m_stars_068+51_MGA_2M15570103+4303229.fits
apogee.apo25m.stars.069+49_MGA.2M15570103+4303229,apogee_apo25m_stars_069+49_MGA_2M15570103+4303229.fits
apogee.apo25m.stars.069+83_MGA.2M13241947+3130037,apogee_apo25m_stars_069+83_MGA_2M13241947+3130037.fits
apogee.apo25m.stars.068+55_MGA.2M15330632+4226351,apogee_apo25m_stars_068+55_MGA_2M15330632+4226351.fits
apogee.apo25m.stars.070+53_MGA.2M15330632+4226351,apogee_apo25m_stars_070+53_MGA_2M15330632+4226351.fits
apogee.apo25m.stars.070+80_MGA.2M13280312+3358506,apogee_apo25m_stars_070+80_MGA_2M13280312+3358506.fits
apogee.apo25m.stars.070+80_MGA.2M13304859+3255338,apogee_apo25m_stars_070+80_MGA_2M13304859+3255338.fits
apogee.apo25m.stars.070+80_MGA.2M13313297+3353061,apogee_apo25m_stars_070+80_MGA_2M13313297+3353061.fits
apogee.apo25m.stars.063+43_MGA.2M16342812+4102404,apogee_apo25m_stars_063+43_MGA_2M16342812+4102404.fits
apogee.apo25m.stars.065+44_MGA.2M16342812+4102404,apogee_apo25m_stars_065+44_MGA_2M16342812+4102404.fits
apogee.apo25m.stars.066+42_MGA.2M16342812+4102404,apogee_apo25m_stars_066+42_MGA_2M16342812+4102404.fits
apogee.apo25m.stars.070+54.2M15315600+4422326,apogee_apo25m_stars_070+54_2M15315600+4422326.fits
apogee.apo25m.stars.070+54.2M15333764+4346524,apogee_apo25m_stars_070+54_2M15333764+4346524.fits
apogee.apo25m.stars.070+60.2M15022168+4255228,apogee_apo25m_stars_070+60_2M15022168+4255228.fits
apogee.apo25m.stars.063+44_MGA.2M16241123+3907541,apogee_apo25m_stars_063+44_MGA_2M16241123+3907541.fits
apogee.apo25m.stars.064+44_MGA.2M16241123+3907541,apogee_apo25m_stars_064+44_MGA_2M16241123+3907541.fits
apogee.apo25m.stars.062+52_MGA.2M15370774+3844016,apogee_apo25m_stars_062+52_MGA_2M15370774+3844016.fits
apogee.apo25m.stars.071+48_MGA.2M16014564+4327494,apogee_apo25m_stars_071+48_MGA_2M16014564+4327494.fits
apogee.apo25m.stars.069+49_MGA.2M16043153+4357574,apogee_apo25m_stars_069+49_MGA_2M16043153+4357574.fits
apogee.apo25m.stars.071+48_MGA.2M16043153+4357574,apogee_apo25m_stars_071+48_MGA_2M16043153+4357574.fits
apogee.apo25m.stars.068+55_MGA.2M15333404+4210191,apogee_apo25m_stars_068+55_MGA_2M15333404+4210191.fits
apogee.apo25m.stars.070+53_MGA.2M15333404+4210191,apogee_apo25m_stars_070+53_MGA_2M15333404+4210191.fits
apogee.apo25m.stars.070+53_MGA.2M15334300+4213382,apogee_apo25m_stars_070+53_MGA_2M15334300+4213382.fits
apogee.apo25m.stars.063+43_MGA.2M16352777+4043431,apogee_apo25m_stars_063+43_MGA_2M16352777+4043431.fits
apogee.apo25m.stars.065+43_MGA.2M16352777+4043431,apogee_apo25m_stars_065+43_MGA_2M16352777+4043431.fits
apogee.apo25m.stars.066+42_MGA.2M16352777+4043431,apogee_apo25m_stars_066+42_MGA_2M16352777+4043431.fits
apogee.apo25m.stars.070+80_MGA.2M13315974+3149381,apogee_apo25m_stars_070+80_MGA_2M13315974+3149381.fits
apogee.apo25m.stars.070+80_MGA.2M13324315+3323151,apogee_apo25m_stars_070+80_MGA_2M13324315+3323151.fits
apogee.apo25m.stars.070+80_MGA.2M13331429+3309319,apogee_apo25m_stars_070+80_MGA_2M13331429+3309319.fits
apogee.apo25m.stars.062+52_MGA.2M15372307+3849144,apogee_apo25m_stars_062+52_MGA_2M15372307+3849144.fits
apogee.apo25m.stars.062+52_MGA.2M15385436+3912393,apogee_apo25m_stars_062+52_MGA_2M15385436+3912393.fits
apogee.apo25m.stars.062+52_MGA.2M15400307+3908123,apogee_apo25m_stars_062+52_MGA_2M15400307+3908123.fits
apogee.apo25m.stars.066+42_MGA.2M16360561+4235075,apogee_apo25m_stars_066+42_MGA_2M16360561+4235075.fits
apogee.apo25m.stars.063+43_MGA.2M16363371+4047548,apogee_apo25m_stars_063+43_MGA_2M16363371+4047548.fits
apogee.apo25m.stars.064+42_MGA.2M16363371+4047548,apogee_apo25m_stars_064+42_MGA_2M16363371+4047548.fits
apogee.apo25m.stars.062+52_MGA.2M15402837+3906221,apogee_apo25m_stars_062+52_MGA_2M15402837+3906221.fits
apogee.apo25m.stars.062+52_MGA.2M15415344+3827279,apogee_apo25m_stars_062+52_MGA_2M15415344+3827279.fits
apogee.apo25m.stars.062+52_MGA.2M15415567+3746135,apogee_apo25m_stars_062+52_MGA_2M15415567+3746135.fits
apogee.apo25m.stars.070+60.2M15022731+4132109,apogee_apo25m_stars_070+60_2M15022731+4132109.fits
apogee.apo25m.stars.071+60_MGA.2M15050721+4239526,apogee_apo25m_stars_071+60_MGA_2M15050721+4239526.fits
apogee.apo25m.stars.070+69_MGA.2M14090029+3812096,apogee_apo25m_stars_070+69_MGA_2M14090029+3812096.fits
apogee.apo25m.stars.070+53_MGA.2M15342866+4410072,apogee_apo25m_stars_070+53_MGA_2M15342866+4410072.fits
apogee.apo25m.stars.072+55_MGA.2M15342866+4410072,apogee_apo25m_stars_072+55_MGA_2M15342866+4410072.fits
apogee.apo25m.stars.070+53_MGA.2M15385529+4325442,apogee_apo25m_stars_070+53_MGA_2M15385529+4325442.fits
apogee.apo25m.stars.066+42_MGA.2M16363371+4047548,apogee_apo25m_stars_066+42_MGA_2M16363371+4047548.fits
apogee.apo25m.stars.067+43_MGA.2M16364080+4312108,apogee_apo25m_stars_067+43_MGA_2M16364080+4312108.fits
apogee.apo25m.stars.066+42_MGA.2M16382002+4131199,apogee_apo25m_stars_066+42_MGA_2M16382002+4131199.fits
apogee.apo25m.stars.070+80_MGA.2M13341797+3328416,apogee_apo25m_stars_070+80_MGA_2M13341797+3328416.fits
apogee.apo25m.stars.070-32_MGA.2M21542497+1222493,apogee_apo25m_stars_070-32_MGA_2M21542497+1222493.fits
apogee.apo25m.stars.070-32_MGA.2M21571331+1048098,apogee_apo25m_stars_070-32_MGA_2M21571331+1048098.fits
apogee.apo25m.stars.062+52_MGA.2M15421009+3844483,apogee_apo25m_stars_062+52_MGA_2M15421009+3844483.fits
apogee.apo25m.stars.062+52_MGA.2M15421978+3741067,apogee_apo25m_stars_062+52_MGA_2M15421978+3741067.fits
apogee.apo25m.stars.062+52_MGA.2M15422920+3855094,apogee_apo25m_stars_062+52_MGA_2M15422920+3855094.fits
apogee.apo25m.stars.066+42_MGA.2M16395335+4100468,apogee_apo25m_stars_066+42_MGA_2M16395335+4100468.fits
apogee.apo25m.stars.066+42_MGA.2M16400416+4120303,apogee_apo25m_stars_066+42_MGA_2M16400416+4120303.fits
apogee.apo25m.stars.066+42_MGA.2M16420400+4146314,apogee_apo25m_stars_066+42_MGA_2M16420400+4146314.fits
apogee.apo25m.stars.062+52_MGA.2M15423487+3853183,apogee_apo25m_stars_062+52_MGA_2M15423487+3853183.fits
apogee.apo25m.stars.062+52_MGA.2M15424080+3905561,apogee_apo25m_stars_062+52_MGA_2M15424080+3905561.fits
apogee.apo25m.stars.062+52_MGA.2M15430089+3721445,apogee_apo25m_stars_062+52_MGA_2M15430089+3721445.fits
apogee.apo25m.stars.073+72_MGA.2M14090029+3812096,apogee_apo25m_stars_073+72_MGA_2M14090029+3812096.fits
apogee.apo25m.stars.070+69_MGA.2M14121967+3729592,apogee_apo25m_stars_070+69_MGA_2M14121967+3729592.fits
apogee.apo25m.stars.070+69_MGA.2M14143298+3700071,apogee_apo25m_stars_070+69_MGA_2M14143298+3700071.fits
apogee.apo25m.stars.064+42_MGA.2M16425742+4112038,apogee_apo25m_stars_064+42_MGA_2M16425742+4112038.fits
apogee.apo25m.stars.066+42_MGA.2M16425742+4112038,apogee_apo25m_stars_066+42_MGA_2M16425742+4112038.fits
apogee.apo25m.stars.066+42_MGA.2M16445443+4244497,apogee_apo25m_stars_066+42_MGA_2M16445443+4244497.fits
apogee.apo25m.stars.062+52_MGA.2M15433997+3713541,apogee_apo25m_stars_062+52_MGA_2M15433997+3713541.fits
apogee.apo25m.stars.062+52_MGA.2M15444693+3827034,apogee_apo25m_stars_062+52_MGA_2M15444693+3827034.fits
apogee.apo25m.stars.062+52_MGA.2M15450664+3940066,apogee_apo25m_stars_062+52_MGA_2M15450664+3940066.fits
apogee.apo25m.stars.070+53_MGA.2M15392830+4442186,apogee_apo25m_stars_070+53_MGA_2M15392830+4442186.fits
apogee.apo25m.stars.072+51_MGA.2M15392830+4442186,apogee_apo25m_stars_072+51_MGA_2M15392830+4442186.fits
apogee.apo25m.stars.070+53_MGA.2M15401426+4230474,apogee_apo25m_stars_070+53_MGA_2M15401426+4230474.fits
apogee.apo25m.stars.070+69_MGA.2M14144205+3901371,apogee_apo25m_stars_070+69_MGA_2M14144205+3901371.fits
apogee.apo25m.stars.070+69_MGA.2M14154873+3713449,apogee_apo25m_stars_070+69_MGA_2M14154873+3713449.fits
apogee.apo25m.stars.070+69_MGA.2M14181100+3755036,apogee_apo25m_stars_070+69_MGA_2M14181100+3755036.fits
apogee.apo25m.stars.066+42_MGA.2M16454754+4232185,apogee_apo25m_stars_066+42_MGA_2M16454754+4232185.fits
apogee.apo25m.stars.065+48_MGA.2M16055890+4127495,apogee_apo25m_stars_065+48_MGA_2M16055890+4127495.fits
apogee.apo25m.stars.065+48_MGA.2M16064667+4135452,apogee_apo25m_stars_065+48_MGA_2M16064667+4135452.fits
apogee.apo25m.stars.070-32_MGA.2M22004830+1258177,apogee_apo25m_stars_070-32_MGA_2M22004830+1258177.fits
apogee.apo25m.stars.070-50_MGA.2M22433752+0025527,apogee_apo25m_stars_070-50_MGA_2M22433752+0025527.fits
apogee.apo25m.stars.071+43_MGA.2M16231464+4429450,apogee_apo25m_stars_071+43_MGA_2M16231464+4429450.fits
apogee.apo25m.stars.071+48_MGA.2M16053258+4335428,apogee_apo25m_stars_071+48_MGA_2M16053258+4335428.fits
apogee.apo25m.stars.069+57_MGA.2M15105474+4221499,apogee_apo25m_stars_069+57_MGA_2M15105474+4221499.fits
apogee.apo25m.stars.071+43_MGA.2M16284677+4531226,apogee_apo25m_stars_071+43_MGA_2M16284677+4531226.fits
apogee.apo25m.stars.062+52_MGA.2M15451471+3942074,apogee_apo25m_stars_062+52_MGA_2M15451471+3942074.fits
apogee.apo25m.stars.062+52_MGA.2M15452141+3728508,apogee_apo25m_stars_062+52_MGA_2M15452141+3728508.fits
apogee.apo25m.stars.062+52_MGA.2M15465722+3756316,apogee_apo25m_stars_062+52_MGA_2M15465722+3756316.fits
apogee.apo25m.stars.070+53_MGA.2M15404489+4435589,apogee_apo25m_stars_070+53_MGA_2M15404489+4435589.fits
apogee.apo25m.stars.073+53_MGA.2M15404489+4435589,apogee_apo25m_stars_073+53_MGA_2M15404489+4435589.fits
apogee.apo25m.stars.070+53_MGA.2M15411261+4220462,apogee_apo25m_stars_070+53_MGA_2M15411261+4220462.fits
apogee.apo25m.stars.063+44_MGA.2M16350504+3841114,apogee_apo25m_stars_063+44_MGA_2M16350504+3841114.fits
apogee.apo25m.stars.063+41_MGA.2M16362662+3815589,apogee_apo25m_stars_063+41_MGA_2M16362662+3815589.fits
apogee.apo25m.stars.062+43_MGA.2M16381546+3931513,apogee_apo25m_stars_062+43_MGA_2M16381546+3931513.fits
apogee.apo25m.stars.070+69_MGA.2M14192023+3807070,apogee_apo25m_stars_070+69_MGA_2M14192023+3807070.fits
apogee.apo25m.stars.070+69_MGA.2M14210349+3856528,apogee_apo25m_stars_070+69_MGA_2M14210349+3856528.fits
apogee.apo25m.stars.070+69_MGA.2M14214124+3741517,apogee_apo25m_stars_070+69_MGA_2M14214124+3741517.fits
apogee.apo25m.stars.066+47_MGA.2M16081014+4057137,apogee_apo25m_stars_066+47_MGA_2M16081014+4057137.fits
apogee.apo25m.stars.066+47_MGA.2M16094353+4053176,apogee_apo25m_stars_066+47_MGA_2M16094353+4053176.fits
apogee.apo25m.stars.066+47_MGA.2M16094764+4255249,apogee_apo25m_stars_066+47_MGA_2M16094764+4255249.fits
apogee.apo25m.stars.069+45_MGA.2M16252188+4430377,apogee_apo25m_stars_069+45_MGA_2M16252188+4430377.fits
apogee.apo25m.stars.071+43_MGA.2M16252188+4430377,apogee_apo25m_stars_071+43_MGA_2M16252188+4430377.fits
apogee.apo25m.stars.071+43_MGA.2M16270593+4407420,apogee_apo25m_stars_071+43_MGA_2M16270593+4407420.fits
apogee.apo25m.stars.063+41_MGA.2M16381546+3931513,apogee_apo25m_stars_063+41_MGA_2M16381546+3931513.fits
apogee.apo25m.stars.062+43_MGA.2M16391786+3848257,apogee_apo25m_stars_062+43_MGA_2M16391786+3848257.fits
apogee.apo25m.stars.063+41_MGA.2M16391786+3848257,apogee_apo25m_stars_063+41_MGA_2M16391786+3848257.fits
apogee.apo25m.stars.070+69_MGA.2M14225588+3851269,apogee_apo25m_stars_070+69_MGA_2M14225588+3851269.fits
apogee.apo25m.stars.070+80_MGA.2M13220805+3300078,apogee_apo25m_stars_070+80_MGA_2M13220805+3300078.fits
apogee.apo25m.stars.070+80_MGA.2M13221153+3312326,apogee_apo25m_stars_070+80_MGA_2M13221153+3312326.fits
apogee.apo25m.stars.062+52_MGA.2M15465996+3928122,apogee_apo25m_stars_062+52_MGA_2M15465996+3928122.fits
apogee.apo25m.stars.062+52_MGA.2M15470036+3959391,apogee_apo25m_stars_062+52_MGA_2M15470036+3959391.fits
apogee.apo25m.stars.071+62_btx.2M14465822+4030149,apogee_apo25m_stars_071+62_btx_2M14465822+4030149.fits
apogee.apo25m.stars.071+43_MGA.2M16273712+4526191,apogee_apo25m_stars_071+43_MGA_2M16273712+4526191.fits
apogee.apo25m.stars.071+43_MGA.2M16274715+4445556,apogee_apo25m_stars_071+43_MGA_2M16274715+4445556.fits
apogee.apo25m.stars.072+55_MGA.2M15271428+4502391,apogee_apo25m_stars_072+55_MGA_2M15271428+4502391.fits
apogee.apo25m.stars.070+53_MGA.2M15412720+4359101,apogee_apo25m_stars_070+53_MGA_2M15412720+4359101.fits
apogee.apo25m.stars.070+53_MGA.2M15420239+4253091,apogee_apo25m_stars_070+53_MGA_2M15420239+4253091.fits
apogee.apo25m.stars.073+72_MGA.2M14044245+3907455,apogee_apo25m_stars_073+72_MGA_2M14044245+3907455.fits
apogee.apo25m.stars.075+83_MGA.2M13231416+3209041,apogee_apo25m_stars_075+83_MGA_2M13231416+3209041.fits
apogee.apo25m.stars.069+83_MGA.2M13231770+3151344,apogee_apo25m_stars_069+83_MGA_2M13231770+3151344.fits
apogee.apo25m.stars.075+83_MGA.2M13231770+3151344,apogee_apo25m_stars_075+83_MGA_2M13231770+3151344.fits
apogee.apo25m.stars.063+41_MGA.2M16393775+4041298,apogee_apo25m_stars_063+41_MGA_2M16393775+4041298.fits
apogee.apo25m.stars.066+42_MGA.2M16393775+4041298,apogee_apo25m_stars_066+42_MGA_2M16393775+4041298.fits
apogee.apo25m.stars.063+41_MGA.2M16440896+3816284,apogee_apo25m_stars_063+41_MGA_2M16440896+3816284.fits
apogee.apo25m.stars.065+48_MGA.2M16100849+4046320,apogee_apo25m_stars_065+48_MGA_2M16100849+4046320.fits
apogee.apo25m.stars.066+47_MGA.2M16145020+4209345,apogee_apo25m_stars_066+47_MGA_2M16145020+4209345.fits
apogee.apo25m.stars.066+47_MGA.2M16155073+4127218,apogee_apo25m_stars_066+47_MGA_2M16155073+4127218.fits
apogee.apo25m.stars.071+62_btx.2M14474602+4132407,apogee_apo25m_stars_071+62_btx_2M14474602+4132407.fits
apogee.apo25m.stars.071+62_btx.2M14482979+4210233,apogee_apo25m_stars_071+62_btx_2M14482979+4210233.fits
apogee.apo25m.stars.072+47_MGA.2M16025151+4601206,apogee_apo25m_stars_072+47_MGA_2M16025151+4601206.fits
apogee.apo25m.stars.070+80_MGA.2M13252263+3156182,apogee_apo25m_stars_070+80_MGA_2M13252263+3156182.fits
apogee.apo25m.stars.070+80_MGA.2M13253337+3345109,apogee_apo25m_stars_070+80_MGA_2M13253337+3345109.fits
apogee.apo25m.stars.070+80_MGA.2M13261239+3137220,apogee_apo25m_stars_070+80_MGA_2M13261239+3137220.fits
apogee.apo25m.stars.063+41_MGA.2M16452995+3848374,apogee_apo25m_stars_063+41_MGA_2M16452995+3848374.fits
apogee.apo25m.stars.064+39_MGA.2M16462555+3934567,apogee_apo25m_stars_064+39_MGA_2M16462555+3934567.fits
apogee.apo25m.stars.062+44_MGA.2M16233282+3944552,apogee_apo25m_stars_062+44_MGA_2M16233282+3944552.fits
apogee.apo25m.stars.073+72_MGA.2M14070285+3837029,apogee_apo25m_stars_073+72_MGA_2M14070285+3837029.fits
apogee.apo25m.stars.073+72_MGA.2M14072059+3816429,apogee_apo25m_stars_073+72_MGA_2M14072059+3816429.fits
apogee.apo25m.stars.070+69_MGA.2M14090029+3812096,apogee_apo25m_stars_070+69_MGA_2M14090029+3812096.fits
apogee.apo25m.stars.070+53_MGA.2M15342866+4410072,apogee_apo25m_stars_070+53_MGA_2M15342866+4410072.fits
apogee.apo25m.stars.072+55_MGA.2M15342866+4410072,apogee_apo25m_stars_072+55_MGA_2M15342866+4410072.fits
apogee.apo25m.stars.072+76_MGA.2M13364150+3509382,apogee_apo25m_stars_072+76_MGA_2M13364150+3509382.fits
apogee.apo25m.stars.072+47_MGA.2M16044915+4508478,apogee_apo25m_stars_072+47_MGA_2M16044915+4508478.fits
apogee.apo25m.stars.071+48_MGA.2M16052003+4429340,apogee_apo25m_stars_071+48_MGA_2M16052003+4429340.fits
apogee.apo25m.stars.072+47_MGA.2M16052003+4429340,apogee_apo25m_stars_072+47_MGA_2M16052003+4429340.fits
apogee.apo25m.stars.067+46_MGA.2M16155073+4127218,apogee_apo25m_stars_067+46_MGA_2M16155073+4127218.fits
apogee.apo25m.stars.066+47_MGA.2M16160716+4227232,apogee_apo25m_stars_066+47_MGA_2M16160716+4227232.fits
apogee.apo25m.stars.074+66_MGA.2M14301201+4142296,apogee_apo25m_stars_074+66_MGA_2M14301201+4142296.fits
apogee.apo25m.stars.073+72_MGA.2M14090029+3812096,apogee_apo25m_stars_073+72_MGA_2M14090029+3812096.fits
apogee.apo25m.stars.074-35_MGA.2M22075744+1251310,apogee_apo25m_stars_074-35_MGA_2M22075744+1251310.fits
apogee.apo25m.stars.073-34_MGA.2M22080190+1139000,apogee_apo25m_stars_073-34_MGA_2M22080190+1139000.fits
apogee.apo25m.stars.071+43_MGA.2M16294192+4438294,apogee_apo25m_stars_071+43_MGA_2M16294192+4438294.fits
apogee.apo25m.stars.071+43_MGA.2M16303431+4550123,apogee_apo25m_stars_071+43_MGA_2M16303431+4550123.fits
apogee.apo25m.stars.071+43_MGA.2M16320597+4458142,apogee_apo25m_stars_071+43_MGA_2M16320597+4458142.fits
apogee.apo25m.stars.070+80_MGA.2M13262253+3138401,apogee_apo25m_stars_070+80_MGA_2M13262253+3138401.fits
apogee.apo25m.stars.074+49_MGA.2M16044770+4648558,apogee_apo25m_stars_074+49_MGA_2M16044770+4648558.fits
apogee.apo25m.stars.073+53_MGA.2M15333499+4623170,apogee_apo25m_stars_073+53_MGA_2M15333499+4623170.fits
apogee.apo25m.stars.063+43_MGA.2M16233282+3944552,apogee_apo25m_stars_063+43_MGA_2M16233282+3944552.fits
apogee.apo25m.stars.063+44_MGA.2M16233282+3944552,apogee_apo25m_stars_063+44_MGA_2M16233282+3944552.fits
apogee.apo25m.stars.062+44_MGA.2M16273522+3846282,apogee_apo25m_stars_062+44_MGA_2M16273522+3846282.fits
apogee.apo25m.stars.074+45_MGA.2M16092987+4709413,apogee_apo25m_stars_074+45_MGA_2M16092987+4709413.fits
apogee.apo25m.stars.072+47_MGA.2M16100086+4642079,apogee_apo25m_stars_072+47_MGA_2M16100086+4642079.fits
apogee.apo25m.stars.072+47_MGA.2M16103726+4457149,apogee_apo25m_stars_072+47_MGA_2M16103726+4457149.fits
apogee.apo25m.stars.074+51_MGA.2M15333499+4623170,apogee_apo25m_stars_074+51_MGA_2M15333499+4623170.fits
apogee.apo25m.stars.073+53_MGA.2M15335681+4638403,apogee_apo25m_stars_073+53_MGA_2M15335681+4638403.fits
apogee.apo25m.stars.074+51_MGA.2M15335681+4638403,apogee_apo25m_stars_074+51_MGA_2M15335681+4638403.fits
apogee.apo25m.stars.072+76_MGA.2M13414682+3446101,apogee_apo25m_stars_072+76_MGA_2M13414682+3446101.fits
apogee.apo25m.stars.072+76_MGA.2M13431486+3430048,apogee_apo25m_stars_072+76_MGA_2M13431486+3430048.fits
apogee.apo25m.stars.072+76_MGA.2M13445502+3356470,apogee_apo25m_stars_072+76_MGA_2M13445502+3356470.fits
apogee.apo25m.stars.074+66_MGA.2M14325010+4028266,apogee_apo25m_stars_074+66_MGA_2M14325010+4028266.fits
apogee.apo25m.stars.074-35_MGA.2M22073733+1258009,apogee_apo25m_stars_074-35_MGA_2M22073733+1258009.fits
apogee.apo25m.stars.074-35_MGA.2M22094352+1259412,apogee_apo25m_stars_074-35_MGA_2M22094352+1259412.fits
apogee.apo25m.stars.072+47_MGA.2M16104382+4556163,apogee_apo25m_stars_072+47_MGA_2M16104382+4556163.fits
apogee.apo25m.stars.072+47_MGA.2M16105820+4416124,apogee_apo25m_stars_072+47_MGA_2M16105820+4416124.fits
apogee.apo25m.stars.072+47_MGA.2M16112965+4517572,apogee_apo25m_stars_072+47_MGA_2M16112965+4517572.fits
apogee.apo25m.stars.071+43_MGA.2M16324670+4422479,apogee_apo25m_stars_071+43_MGA_2M16324670+4422479.fits
apogee.apo25m.stars.071+48_MGA.2M15575984+4545010,apogee_apo25m_stars_071+48_MGA_2M15575984+4545010.fits
apogee.apo25m.stars.071+48_MGA.2M15591575+4500097,apogee_apo25m_stars_071+48_MGA_2M15591575+4500097.fits
apogee.apo25m.stars.063+43_MGA.2M16273522+3846282,apogee_apo25m_stars_063+43_MGA_2M16273522+3846282.fits
apogee.apo25m.stars.064+44_MGA.2M16273522+3846282,apogee_apo25m_stars_064+44_MGA_2M16273522+3846282.fits
apogee.apo25m.stars.063+43_MGA.2M16321329+3951434,apogee_apo25m_stars_063+43_MGA_2M16321329+3951434.fits
apogee.apo25m.stars.074-35_MGA.2M22105397+1158203,apogee_apo25m_stars_074-35_MGA_2M22105397+1158203.fits
apogee.apo25m.stars.073-34_MGA.2M22114849+1154168,apogee_apo25m_stars_073-34_MGA_2M22114849+1154168.fits
apogee.apo25m.stars.073-34_MGA.2M22154591+1159318,apogee_apo25m_stars_073-34_MGA_2M22154591+1159318.fits
apogee.apo25m.stars.069+49_MGA.2M15570103+4303229,apogee_apo25m_stars_069+49_MGA_2M15570103+4303229.fits
apogee.apo25m.stars.068+51_MGA.2M15575696+4230348,apogee_apo25m_stars_068+51_MGA_2M15575696+4230348.fits
apogee.apo25m.stars.069+57_MGA.2M15211727+4120233,apogee_apo25m_stars_069+57_MGA_2M15211727+4120233.fits
apogee.apo25m.stars.073+53_MGA.2M15351273+4637221,apogee_apo25m_stars_073+53_MGA_2M15351273+4637221.fits
apogee.apo25m.stars.074+51_MGA.2M15351273+4637221,apogee_apo25m_stars_074+51_MGA_2M15351273+4637221.fits
apogee.apo25m.stars.073+53_MGA.2M15372391+4554169,apogee_apo25m_stars_073+53_MGA_2M15372391+4554169.fits
apogee.apo25m.stars.072+76_MGA.2M13463971+3545044,apogee_apo25m_stars_072+76_MGA_2M13463971+3545044.fits
apogee.apo25m.stars.078+76_MGA.2M13463971+3545044,apogee_apo25m_stars_078+76_MGA_2M13463971+3545044.fits
apogee.apo25m.stars.072+76_MGA.2M13484930+3546199,apogee_apo25m_stars_072+76_MGA_2M13484930+3546199.fits
apogee.apo25m.stars.074-35_MGA.2M22154591+1159318,apogee_apo25m_stars_074-35_MGA_2M22154591+1159318.fits
apogee.apo25m.stars.075-35_MGA.2M22154591+1159318,apogee_apo25m_stars_075-35_MGA_2M22154591+1159318.fits
apogee.apo25m.stars.074+45_MGA.2M16091978+4657030,apogee_apo25m_stars_074+45_MGA_2M16091978+4657030.fits
apogee.apo25m.stars.071+48_MGA.2M16015264+4444322,apogee_apo25m_stars_071+48_MGA_2M16015264+4444322.fits
apogee.apo25m.stars.071+48_MGA.2M16032742+4522204,apogee_apo25m_stars_071+48_MGA_2M16032742+4522204.fits
apogee.apo25m.stars.071+48_MGA.2M16041367+4347547,apogee_apo25m_stars_071+48_MGA_2M16041367+4347547.fits
apogee.apo25m.stars.063+43_MGA.2M16350628+3938339,apogee_apo25m_stars_063+43_MGA_2M16350628+3938339.fits
apogee.apo25m.stars.064+44_MGA.2M16350628+3938339,apogee_apo25m_stars_064+44_MGA_2M16350628+3938339.fits
apogee.apo25m.stars.063+43_MGA.2M16351128+3940021,apogee_apo25m_stars_063+43_MGA_2M16351128+3940021.fits
apogee.apo25m.stars.074+51_MGA.2M15380086+4514395,apogee_apo25m_stars_074+51_MGA_2M15380086+4514395.fits
apogee.apo25m.stars.074+51_MGA.2M15381702+4735466,apogee_apo25m_stars_074+51_MGA_2M15381702+4735466.fits
apogee.apo25m.stars.073+53_MGA.2M15391217+4505028,apogee_apo25m_stars_073+53_MGA_2M15391217+4505028.fits
apogee.apo25m.stars.071+48_MGA.2M16042387+4419539,apogee_apo25m_stars_071+48_MGA_2M16042387+4419539.fits
apogee.apo25m.stars.069+49_MGA.2M16043153+4357574,apogee_apo25m_stars_069+49_MGA_2M16043153+4357574.fits
apogee.apo25m.stars.071+48_MGA.2M16043153+4357574,apogee_apo25m_stars_071+48_MGA_2M16043153+4357574.fits
apogee.apo25m.stars.075+30.2M17402951+4809468,apogee_apo25m_stars_075+30_2M17402951+4809468.fits
apogee.apo25m.stars.075+30.2M17450968+4819066,apogee_apo25m_stars_075+30_2M17450968+4819066.fits
apogee.apo25m.stars.075+30.2M17512955+4813338,apogee_apo25m_stars_075+30_2M17512955+4813338.fits
apogee.apo25m.stars.073-34_MGA.2M22095272+1335507,apogee_apo25m_stars_073-34_MGA_2M22095272+1335507.fits
apogee.apo25m.stars.074-35_MGA.2M22095272+1335507,apogee_apo25m_stars_074-35_MGA_2M22095272+1335507.fits
apogee.apo25m.stars.074-35_MGA.2M22103546+1334216,apogee_apo25m_stars_074-35_MGA_2M22103546+1334216.fits
apogee.apo25m.stars.072+76_MGA.2M13490925+3450598,apogee_apo25m_stars_072+76_MGA_2M13490925+3450598.fits
apogee.apo25m.stars.072+55_MGA.2M15271428+4502391,apogee_apo25m_stars_072+55_MGA_2M15271428+4502391.fits
apogee.apo25m.stars.073+53_MGA.2M15285663+4538261,apogee_apo25m_stars_073+53_MGA_2M15285663+4538261.fits
apogee.apo25m.stars.071+48_MGA.2M16052003+4429340,apogee_apo25m_stars_071+48_MGA_2M16052003+4429340.fits
apogee.apo25m.stars.072+47_MGA.2M16052003+4429340,apogee_apo25m_stars_072+47_MGA_2M16052003+4429340.fits
apogee.apo25m.stars.071+48_MGA.2M16053258+4335428,apogee_apo25m_stars_071+48_MGA_2M16053258+4335428.fits
apogee.apo25m.stars.074+51_MGA.2M15391217+4505028,apogee_apo25m_stars_074+51_MGA_2M15391217+4505028.fits
apogee.apo25m.stars.073+53_MGA.2M15410975+4607490,apogee_apo25m_stars_073+53_MGA_2M15410975+4607490.fits
apogee.apo25m.stars.074+51_MGA.2M15410975+4607490,apogee_apo25m_stars_074+51_MGA_2M15410975+4607490.fits
apogee.apo25m.stars.074+45_MGA.2M16092987+4709413,apogee_apo25m_stars_074+45_MGA_2M16092987+4709413.fits
apogee.apo25m.stars.072+47_MGA.2M16140745+4656480,apogee_apo25m_stars_072+47_MGA_2M16140745+4656480.fits
apogee.apo25m.stars.072+47_MGA.2M16160927+4540405,apogee_apo25m_stars_072+47_MGA_2M16160927+4540405.fits
apogee.apo25m.stars.070+54.2M15295746+4438345,apogee_apo25m_stars_070+54_2M15295746+4438345.fits
apogee.apo25m.stars.073+53_MGA.2M15300569+4530391,apogee_apo25m_stars_073+53_MGA_2M15300569+4530391.fits
apogee.apo25m.stars.073+53_MGA.2M15305695+4611398,apogee_apo25m_stars_073+53_MGA_2M15305695+4611398.fits
apogee.apo25m.stars.074-35_MGA.2M22110748+1304547,apogee_apo25m_stars_074-35_MGA_2M22110748+1304547.fits
apogee.apo25m.stars.074-35_MGA.2M22122189+1302515,apogee_apo25m_stars_074-35_MGA_2M22122189+1302515.fits
apogee.apo25m.stars.074-35_MGA.2M22130807+1136182,apogee_apo25m_stars_074-35_MGA_2M22130807+1136182.fits
apogee.apo25m.stars.074+45_MGA.2M16160927+4540405,apogee_apo25m_stars_074+45_MGA_2M16160927+4540405.fits
apogee.apo25m.stars.074+45_MGA.2M16174386+4619410,apogee_apo25m_stars_074+45_MGA_2M16174386+4619410.fits
apogee.apo25m.stars.074+45_MGA.2M16190843+4546452,apogee_apo25m_stars_074+45_MGA_2M16190843+4546452.fits
apogee.apo25m.stars.075+35.2M17112825+4920321,apogee_apo25m_stars_075+35_2M17112825+4920321.fits
apogee.apo25m.stars.075+35.2M17140575+4907262,apogee_apo25m_stars_075+35_2M17140575+4907262.fits
apogee.apo25m.stars.075+35.2M17220833+4852211,apogee_apo25m_stars_075+35_2M17220833+4852211.fits
apogee.apo25m.stars.074+51_MGA.2M15411271+4512185,apogee_apo25m_stars_074+51_MGA_2M15411271+4512185.fits
apogee.apo25m.stars.074+51_MGA.2M15421498+4530390,apogee_apo25m_stars_074+51_MGA_2M15421498+4530390.fits
apogee.apo25m.stars.074+51_MGA.2M15462546+4655321,apogee_apo25m_stars_074+51_MGA_2M15462546+4655321.fits
apogee.apo25m.stars.071+48_MGA.2M16101653+4511112,apogee_apo25m_stars_071+48_MGA_2M16101653+4511112.fits
apogee.apo25m.stars.071+60_MGA.2M14530301+4214438,apogee_apo25m_stars_071+60_MGA_2M14530301+4214438.fits
apogee.apo25m.stars.071+60_MGA.2M14553566+4231483,apogee_apo25m_stars_071+60_MGA_2M14553566+4231483.fits
apogee.apo25m.stars.073+53_MGA.2M15333499+4623170,apogee_apo25m_stars_073+53_MGA_2M15333499+4623170.fits
apogee.apo25m.stars.074+51_MGA.2M15333499+4623170,apogee_apo25m_stars_074+51_MGA_2M15333499+4623170.fits
apogee.apo25m.stars.070+53_MGA.2M15342866+4410072,apogee_apo25m_stars_070+53_MGA_2M15342866+4410072.fits
apogee.apo25m.stars.075+35.2M17240285+4902489,apogee_apo25m_stars_075+35_2M17240285+4902489.fits
apogee.apo25m.stars.075+44_MGA.2M16175135+4909077,apogee_apo25m_stars_075+44_MGA_2M16175135+4909077.fits
apogee.apo25m.stars.077+45_MGA.2M16175135+4909077,apogee_apo25m_stars_077+45_MGA_2M16175135+4909077.fits
apogee.apo25m.stars.074+45_MGA.2M16220449+4728364,apogee_apo25m_stars_074+45_MGA_2M16220449+4728364.fits
apogee.apo25m.stars.075+44_MGA.2M16220449+4728364,apogee_apo25m_stars_075+44_MGA_2M16220449+4728364.fits
apogee.apo25m.stars.074+45_MGA.2M16223410+4658200,apogee_apo25m_stars_074+45_MGA_2M16223410+4658200.fits
apogee.apo25m.stars.074+51_MGA.2M15482708+4601313,apogee_apo25m_stars_074+51_MGA_2M15482708+4601313.fits
apogee.apo25m.stars.074+51_MGA.2M15491290+4706309,apogee_apo25m_stars_074+51_MGA_2M15491290+4706309.fits
apogee.apo25m.stars.076+50_MGA.2M15491290+4706309,apogee_apo25m_stars_076+50_MGA_2M15491290+4706309.fits
apogee.apo25m.stars.074-35_MGA.2M22130904+1330526,apogee_apo25m_stars_074-35_MGA_2M22130904+1330526.fits
apogee.apo25m.stars.074-35_MGA.2M22140616+1401574,apogee_apo25m_stars_074-35_MGA_2M22140616+1401574.fits
apogee.apo25m.stars.073-34_MGA.2M22154591+1159318,apogee_apo25m_stars_073-34_MGA_2M22154591+1159318.fits
apogee.apo25m.stars.075+44_MGA.2M16223410+4658200,apogee_apo25m_stars_075+44_MGA_2M16223410+4658200.fits
apogee.apo25m.stars.074+45_MGA.2M16244441+4709496,apogee_apo25m_stars_074+45_MGA_2M16244441+4709496.fits
apogee.apo25m.stars.075+44_MGA.2M16244441+4709496,apogee_apo25m_stars_075+44_MGA_2M16244441+4709496.fits
apogee.apo25m.stars.072+55_MGA.2M15342866+4410072,apogee_apo25m_stars_072+55_MGA_2M15342866+4410072.fits
apogee.apo25m.stars.073+53_MGA.2M15372391+4554169,apogee_apo25m_stars_073+53_MGA_2M15372391+4554169.fits
apogee.apo25m.stars.073+53_MGA.2M15381436+4601295,apogee_apo25m_stars_073+53_MGA_2M15381436+4601295.fits
apogee.apo25m.stars.071+60_MGA.2M14564270+4101532,apogee_apo25m_stars_071+60_MGA_2M14564270+4101532.fits
apogee.apo25m.stars.071+60_MGA.2M14573844+4154167,apogee_apo25m_stars_071+60_MGA_2M14573844+4154167.fits
apogee.apo25m.stars.071+60_MGA.2M15012532+4324483,apogee_apo25m_stars_071+60_MGA_2M15012532+4324483.fits
apogee.apo25m.stars.075+44_MGA.2M16182465+4843367,apogee_apo25m_stars_075+44_MGA_2M16182465+4843367.fits
apogee.apo25m.stars.077+45_MGA.2M16182465+4843367,apogee_apo25m_stars_077+45_MGA_2M16182465+4843367.fits
apogee.apo25m.stars.074+45_MGA.2M16212879+4807410,apogee_apo25m_stars_074+45_MGA_2M16212879+4807410.fits
apogee.apo25m.stars.074+57_MGA.2M15041255+4459223,apogee_apo25m_stars_074+57_MGA_2M15041255+4459223.fits
apogee.apo25m.stars.074+57_MGA.2M15051115+4432076,apogee_apo25m_stars_074+57_MGA_2M15051115+4432076.fits
apogee.apo25m.stars.074+57_MGA.2M15075366+4434472,apogee_apo25m_stars_074+57_MGA_2M15075366+4434472.fits
apogee.apo25m.stars.074+49_MGA.2M15531490+4813207,apogee_apo25m_stars_074+49_MGA_2M15531490+4813207.fits
apogee.apo25m.stars.076+50_MGA.2M15531490+4813207,apogee_apo25m_stars_076+50_MGA_2M15531490+4813207.fits
apogee.apo25m.stars.074+49_MGA.2M15534032+4813332,apogee_apo25m_stars_074+49_MGA_2M15534032+4813332.fits
apogee.apo25m.stars.070+53_MGA.2M15404489+4435589,apogee_apo25m_stars_070+53_MGA_2M15404489+4435589.fits
apogee.apo25m.stars.073+53_MGA.2M15404489+4435589,apogee_apo25m_stars_073+53_MGA_2M15404489+4435589.fits
apogee.apo25m.stars.073+53_MGA.2M15410975+4607490,apogee_apo25m_stars_073+53_MGA_2M15410975+4607490.fits
apogee.apo25m.stars.074+45_MGA.2M16220449+4728364,apogee_apo25m_stars_074+45_MGA_2M16220449+4728364.fits
apogee.apo25m.stars.075+44_MGA.2M16220449+4728364,apogee_apo25m_stars_075+44_MGA_2M16220449+4728364.fits
apogee.apo25m.stars.074+45_MGA.2M16223410+4658200,apogee_apo25m_stars_074+45_MGA_2M16223410+4658200.fits
apogee.apo25m.stars.074+57_MGA.2M15081513+4357027,apogee_apo25m_stars_074+57_MGA_2M15081513+4357027.fits
apogee.apo25m.stars.074+57_MGA.2M15083473+4337561,apogee_apo25m_stars_074+57_MGA_2M15083473+4337561.fits
apogee.apo25m.stars.074+57_MGA.2M15084326+4508438,apogee_apo25m_stars_074+57_MGA_2M15084326+4508438.fits
apogee.apo25m.stars.074-35_MGA.2M22154591+1159318,apogee_apo25m_stars_074-35_MGA_2M22154591+1159318.fits
apogee.apo25m.stars.075-35_MGA.2M22154591+1159318,apogee_apo25m_stars_075-35_MGA_2M22154591+1159318.fits
apogee.apo25m.stars.075+12.2M19244278+4124210,apogee_apo25m_stars_075+12_2M19244278+4124210.fits
apogee.apo25m.stars.075+44_MGA.2M16223410+4658200,apogee_apo25m_stars_075+44_MGA_2M16223410+4658200.fits
apogee.apo25m.stars.075+44_MGA.2M16244218+4757584,apogee_apo25m_stars_075+44_MGA_2M16244218+4757584.fits
apogee.apo25m.stars.075+44_MGA.2M16260397+4755512,apogee_apo25m_stars_075+44_MGA_2M16260397+4755512.fits
apogee.apo25m.stars.074+51_MGA.2M15410975+4607490,apogee_apo25m_stars_074+51_MGA_2M15410975+4607490.fits
apogee.apo25m.stars.073+72_MGA.2M13555346+3754156,apogee_apo25m_stars_073+72_MGA_2M13555346+3754156.fits
apogee.apo25m.stars.073+72_MGA.2M13563155+3805357,apogee_apo25m_stars_073+72_MGA_2M13563155+3805357.fits
apogee.apo25m.stars.063+44_MGA.2M16351128+3940021,apogee_apo25m_stars_063+44_MGA_2M16351128+3940021.fits
apogee.apo25m.stars.064+42_MGA.2M16351128+3940021,apogee_apo25m_stars_064+42_MGA_2M16351128+3940021.fits
apogee.apo25m.stars.064+44_MGA.2M16351128+3940021,apogee_apo25m_stars_064+44_MGA_2M16351128+3940021.fits
apogee.apo25m.stars.077+49_MGA.2M15534032+4813332,apogee_apo25m_stars_077+49_MGA_2M15534032+4813332.fits
apogee.apo25m.stars.076+50_MGA.2M15554258+4645494,apogee_apo25m_stars_076+50_MGA_2M15554258+4645494.fits
apogee.apo25m.stars.074+49_MGA.2M15555954+4538520,apogee_apo25m_stars_074+49_MGA_2M15555954+4538520.fits
apogee.apo25m.stars.063+43_MGA.2M16352777+4043431,apogee_apo25m_stars_063+43_MGA_2M16352777+4043431.fits
apogee.apo25m.stars.065+43_MGA.2M16352777+4043431,apogee_apo25m_stars_065+43_MGA_2M16352777+4043431.fits
apogee.apo25m.stars.066+42_MGA.2M16352777+4043431,apogee_apo25m_stars_066+42_MGA_2M16352777+4043431.fits
apogee.apo25m.stars.074+49_MGA.2M15560512+4719335,apogee_apo25m_stars_074+49_MGA_2M15560512+4719335.fits
apogee.apo25m.stars.076+50_MGA.2M15560512+4719335,apogee_apo25m_stars_076+50_MGA_2M15560512+4719335.fits
apogee.apo25m.stars.077+49_MGA.2M15560512+4719335,apogee_apo25m_stars_077+49_MGA_2M15560512+4719335.fits
apogee.apo25m.stars.073+72_MGA.2M13582560+3713071,apogee_apo25m_stars_073+72_MGA_2M13582560+3713071.fits
apogee.apo25m.stars.073+72_MGA.2M13585537+3643485,apogee_apo25m_stars_073+72_MGA_2M13585537+3643485.fits
apogee.apo25m.stars.073+72_MGA.2M13595360+3723325,apogee_apo25m_stars_073+72_MGA_2M13595360+3723325.fits
apogee.apo25m.stars.075+44_MGA.2M16265989+4718080,apogee_apo25m_stars_075+44_MGA_2M16265989+4718080.fits
apogee.apo25m.stars.075+44_MGA.2M16271300+4915565,apogee_apo25m_stars_075+44_MGA_2M16271300+4915565.fits
apogee.apo25m.stars.075+44_MGA.2M16284591+4750006,apogee_apo25m_stars_075+44_MGA_2M16284591+4750006.fits
apogee.apo25m.stars.074+57_MGA.2M15125766+4500584,apogee_apo25m_stars_074+57_MGA_2M15125766+4500584.fits
apogee.apo25m.stars.074+57_MGA.2M15185603+4359300,apogee_apo25m_stars_074+57_MGA_2M15185603+4359300.fits
apogee.apo25m.stars.074+66_MGA.2M14222416+3926193,apogee_apo25m_stars_074+66_MGA_2M14222416+3926193.fits
apogee.apo25m.stars.063+43_MGA.2M16355970+4045406,apogee_apo25m_stars_063+43_MGA_2M16355970+4045406.fits
apogee.apo25m.stars.063+43_MGA.2M16364536+3906326,apogee_apo25m_stars_063+43_MGA_2M16364536+3906326.fits
apogee.apo25m.stars.063+43_MGA.2M16371849+3901241,apogee_apo25m_stars_063+43_MGA_2M16371849+3901241.fits
apogee.apo25m.stars.075+44_MGA.2M16290858+4839416,apogee_apo25m_stars_075+44_MGA_2M16290858+4839416.fits
apogee.apo25m.stars.075+44_MGA.2M16291924+4733241,apogee_apo25m_stars_075+44_MGA_2M16291924+4733241.fits
apogee.apo25m.stars.075+44_MGA.2M16305748+4833275,apogee_apo25m_stars_075+44_MGA_2M16305748+4833275.fits
apogee.apo25m.stars.074+66_MGA.2M14224036+4121294,apogee_apo25m_stars_074+66_MGA_2M14224036+4121294.fits
apogee.apo25m.stars.080+66_MGA.2M14224036+4121294,apogee_apo25m_stars_080+66_MGA_2M14224036+4121294.fits
apogee.apo25m.stars.074+66_MGA.2M14224950+4049460,apogee_apo25m_stars_074+66_MGA_2M14224950+4049460.fits
apogee.apo25m.stars.074+49_MGA.2M15572507+4618531,apogee_apo25m_stars_074+49_MGA_2M15572507+4618531.fits
apogee.apo25m.stars.074+49_MGA.2M15572766+4733233,apogee_apo25m_stars_074+49_MGA_2M15572766+4733233.fits
apogee.apo25m.stars.071+48_MGA.2M15575984+4545010,apogee_apo25m_stars_071+48_MGA_2M15575984+4545010.fits
apogee.apo25m.stars.062+45_MGA.2M16205347+3931079,apogee_apo25m_stars_062+45_MGA_2M16205347+3931079.fits
apogee.apo25m.stars.063+44_MGA.2M16220708+4002396,apogee_apo25m_stars_063+44_MGA_2M16220708+4002396.fits
apogee.apo25m.stars.065+44_MGA.2M16220708+4002396,apogee_apo25m_stars_065+44_MGA_2M16220708+4002396.fits
apogee.apo25m.stars.074+66_MGA.2M14234182+3950567,apogee_apo25m_stars_074+66_MGA_2M14234182+3950567.fits
apogee.apo25m.stars.074+66_MGA.2M14251197+3905138,apogee_apo25m_stars_074+66_MGA_2M14251197+3905138.fits
apogee.apo25m.stars.074+66_MGA.2M14253414+4133265,apogee_apo25m_stars_074+66_MGA_2M14253414+4133265.fits
apogee.apo25m.stars.074+49_MGA.2M15593108+4753545,apogee_apo25m_stars_074+49_MGA_2M15593108+4753545.fits
apogee.apo25m.stars.074+49_MGA.2M16002301+4657525,apogee_apo25m_stars_074+49_MGA_2M16002301+4657525.fits
apogee.apo25m.stars.076+47_MGA.2M16003211+4717559,apogee_apo25m_stars_076+47_MGA_2M16003211+4717559.fits
apogee.apo25m.stars.072+47_MGA.2M16125321+4458369,apogee_apo25m_stars_072+47_MGA_2M16125321+4458369.fits
apogee.apo25m.stars.072+47_MGA.2M16131160+4445259,apogee_apo25m_stars_072+47_MGA_2M16131160+4445259.fits
apogee.apo25m.stars.072+47_MGA.2M16135211+4530016,apogee_apo25m_stars_072+47_MGA_2M16135211+4530016.fits
apogee.apo25m.stars.074+66_MGA.2M14260933+4145123,apogee_apo25m_stars_074+66_MGA_2M14260933+4145123.fits
apogee.apo25m.stars.074+66_MGA.2M14262951+3958274,apogee_apo25m_stars_074+66_MGA_2M14262951+3958274.fits
apogee.apo25m.stars.074+66_MGA.2M14263284+3906523,apogee_apo25m_stars_074+66_MGA_2M14263284+3906523.fits
apogee.apo25m.stars.063+44_MGA.2M16224923+3850156,apogee_apo25m_stars_063+44_MGA_2M16224923+3850156.fits
apogee.apo25m.stars.063+44_MGA.2M16232424+3843287,apogee_apo25m_stars_063+44_MGA_2M16232424+3843287.fits
apogee.apo25m.stars.063+44_MGA.2M16241123+3907541,apogee_apo25m_stars_063+44_MGA_2M16241123+3907541.fits
apogee.apo25m.stars.064+44_MGA.2M16241123+3907541,apogee_apo25m_stars_064+44_MGA_2M16241123+3907541.fits
apogee.apo25m.stars.063+44_MGA.2M16241443+3833409,apogee_apo25m_stars_063+44_MGA_2M16241443+3833409.fits
apogee.apo25m.stars.062+45_MGA.2M16241644+3923142,apogee_apo25m_stars_062+45_MGA_2M16241644+3923142.fits
apogee.apo25m.stars.072+47_MGA.2M16140745+4656480,apogee_apo25m_stars_072+47_MGA_2M16140745+4656480.fits
apogee.apo25m.stars.072+47_MGA.2M16160927+4540405,apogee_apo25m_stars_072+47_MGA_2M16160927+4540405.fits
apogee.apo25m.stars.074+45_MGA.2M16160927+4540405,apogee_apo25m_stars_074+45_MGA_2M16160927+4540405.fits
apogee.apo25m.stars.074+66_MGA.2M14280929+4122167,apogee_apo25m_stars_074+66_MGA_2M14280929+4122167.fits
apogee.apo25m.stars.074+66_MGA.2M14281179+3941019,apogee_apo25m_stars_074+66_MGA_2M14281179+3941019.fits
apogee.apo25m.stars.074+66_MGA.2M14281619+4124023,apogee_apo25m_stars_074+66_MGA_2M14281619+4124023.fits
apogee.apo25m.stars.062+44_MGA.2M16242467+3947068,apogee_apo25m_stars_062+44_MGA_2M16242467+3947068.fits
apogee.apo25m.stars.062+45_MGA.2M16242467+3947068,apogee_apo25m_stars_062+45_MGA_2M16242467+3947068.fits
apogee.apo25m.stars.063+44_MGA.2M16242467+3947068,apogee_apo25m_stars_063+44_MGA_2M16242467+3947068.fits
apogee.apo25m.stars.072+51_MGA.2M15395502+4359157,apogee_apo25m_stars_072+51_MGA_2M15395502+4359157.fits
apogee.apo25m.stars.070+53_MGA.2M15404489+4435589,apogee_apo25m_stars_070+53_MGA_2M15404489+4435589.fits
apogee.apo25m.stars.073+53_MGA.2M15404489+4435589,apogee_apo25m_stars_073+53_MGA_2M15404489+4435589.fits
apogee.apo25m.stars.064+44_MGA.2M16242467+3947068,apogee_apo25m_stars_064+44_MGA_2M16242467+3947068.fits
apogee.apo25m.stars.063+44_MGA.2M16243079+3833233,apogee_apo25m_stars_063+44_MGA_2M16243079+3833233.fits
apogee.apo25m.stars.062+43_MGA.2M16264826+3809525,apogee_apo25m_stars_062+43_MGA_2M16264826+3809525.fits
apogee.apo25m.stars.074+51_MGA.2M15411271+4512185,apogee_apo25m_stars_074+51_MGA_2M15411271+4512185.fits
apogee.apo25m.stars.072+51_MGA.2M15432544+4510505,apogee_apo25m_stars_072+51_MGA_2M15432544+4510505.fits
apogee.apo25m.stars.070+53_MGA.2M15434656+4328456,apogee_apo25m_stars_070+53_MGA_2M15434656+4328456.fits
apogee.apo25m.stars.062+44_MGA.2M16264826+3809525,apogee_apo25m_stars_062+44_MGA_2M16264826+3809525.fits
apogee.apo25m.stars.063+44_MGA.2M16264826+3809525,apogee_apo25m_stars_063+44_MGA_2M16264826+3809525.fits
apogee.apo25m.stars.063+44_MGA.2M16271797+4101173,apogee_apo25m_stars_063+44_MGA_2M16271797+4101173.fits
apogee.apo25m.stars.065+43_MGA.2M16271797+4101173,apogee_apo25m_stars_065+43_MGA_2M16271797+4101173.fits
apogee.apo25m.stars.062+44_MGA.2M16271858+4017590,apogee_apo25m_stars_062+44_MGA_2M16271858+4017590.fits
apogee.apo25m.stars.063+44_MGA.2M16271858+4017590,apogee_apo25m_stars_063+44_MGA_2M16271858+4017590.fits
apogee.apo25m.stars.072+51_MGA.2M15434656+4328456,apogee_apo25m_stars_072+51_MGA_2M15434656+4328456.fits
apogee.apo25m.stars.072+51_MGA.2M15444211+4432455,apogee_apo25m_stars_072+51_MGA_2M15444211+4432455.fits
apogee.apo25m.stars.072+51_MGA.2M15475245+4353180,apogee_apo25m_stars_072+51_MGA_2M15475245+4353180.fits
apogee.apo25m.stars.072+51_MGA.2M15483491+4326144,apogee_apo25m_stars_072+51_MGA_2M15483491+4326144.fits
apogee.apo25m.stars.072+51_MGA.2M15520194+4526197,apogee_apo25m_stars_072+51_MGA_2M15520194+4526197.fits
apogee.apo25m.stars.072+51_MGA.2M15525120+4438256,apogee_apo25m_stars_072+51_MGA_2M15525120+4438256.fits
apogee.apo25m.stars.074+57_MGA.2M15185603+4359300,apogee_apo25m_stars_074+57_MGA_2M15185603+4359300.fits
apogee.apo25m.stars.069+57_MGA.2M15205342+4251452,apogee_apo25m_stars_069+57_MGA_2M15205342+4251452.fits
apogee.apo25m.stars.072+55_MGA.2M15205342+4251452,apogee_apo25m_stars_072+55_MGA_2M15205342+4251452.fits
apogee.apo25m.stars.073+72_MGA.2M14021060+3805368,apogee_apo25m_stars_073+72_MGA_2M14021060+3805368.fits
apogee.apo25m.stars.073+72_MGA.2M14032147+3913158,apogee_apo25m_stars_073+72_MGA_2M14032147+3913158.fits
apogee.apo25m.stars.075-53_MGA.2M23032673-0109153,apogee_apo25m_stars_075-53_MGA_2M23032673-0109153.fits
apogee.apo25m.stars.071+60_MGA.2M15041149+4311069,apogee_apo25m_stars_071+60_MGA_2M15041149+4311069.fits
apogee.apo25m.stars.075+44_MGA.2M16331890+4842552,apogee_apo25m_stars_075+44_MGA_2M16331890+4842552.fits
apogee.apo25m.stars.075+44_MGA.2M16334628+4817589,apogee_apo25m_stars_075+44_MGA_2M16334628+4817589.fits
apogee.apo25m.stars.075+44_MGA.2M16314574+4839230,apogee_apo25m_stars_075+44_MGA_2M16314574+4839230.fits
apogee.apo25m.stars.075+44_MGA.2M16330382+4834100,apogee_apo25m_stars_075+44_MGA_2M16330382+4834100.fits
apogee.apo25m.stars.040+88_MGA.2M12553866+2836226,apogee_apo25m_stars_040+88_MGA_2M12553866+2836226.fits
apogee.apo25m.stars.074+66_MGA.2M14284244+4035182,apogee_apo25m_stars_074+66_MGA_2M14284244+4035182.fits
apogee.apo25m.stars.078+57_MGA.2M15051724+4538244,apogee_apo25m_stars_078+57_MGA_2M15051724+4538244.fits
apogee.apo25m.stars.078+57_MGA.2M15061690+4753442,apogee_apo25m_stars_078+57_MGA_2M15061690+4753442.fits
apogee.apo25m.stars.K2_C12_072-54_btx.2M23032673-0109153,apogee_apo25m_stars_K2_C12_072-54_btx_2M23032673-0109153.fits
apogee.apo25m.stars.K2_C12_072-54_btx.2M23041920-0126200,apogee_apo25m_stars_K2_C12_072-54_btx_2M23041920-0126200.fits
apogee.apo25m.stars.075-53_MGA.2M23053430-0123401,apogee_apo25m_stars_075-53_MGA_2M23053430-0123401.fits
apogee.apo25m.stars.062+44_MGA.2M16280996+3932132,apogee_apo25m_stars_062+44_MGA_2M16280996+3932132.fits
apogee.apo25m.stars.062+44_MGA.2M16282607+3943485,apogee_apo25m_stars_062+44_MGA_2M16282607+3943485.fits
apogee.apo25m.stars.079+47_MGA.2M15580398+5016542,apogee_apo25m_stars_079+47_MGA_2M15580398+5016542.fits
apogee.apo25m.stars.045+89_MGA.2M12553866+2836226,apogee_apo25m_stars_045+89_MGA_2M12553866+2836226.fits
apogee.apo25m.stars.048+88_MGA.2M12553866+2836226,apogee_apo25m_stars_048+88_MGA_2M12553866+2836226.fits
apogee.apo25m.stars.056+88_MGA.2M12553866+2836226,apogee_apo25m_stars_056+88_MGA_2M12553866+2836226.fits
apogee.apo25m.stars.077+69_MGA.2M14093246+3936488,apogee_apo25m_stars_077+69_MGA_2M14093246+3936488.fits
apogee.apo25m.stars.077+69_MGA.2M14094966+4123244,apogee_apo25m_stars_077+69_MGA_2M14094966+4123244.fits
apogee.apo25m.stars.077+69_MGA.2M14123720+4115335,apogee_apo25m_stars_077+69_MGA_2M14123720+4115335.fits
apogee.apo25m.stars.059+89_MGA.2M12553866+2836226,apogee_apo25m_stars_059+89_MGA_2M12553866+2836226.fits
apogee.apo25m.stars.062+88_MGA.2M12553866+2836226,apogee_apo25m_stars_062+88_MGA_2M12553866+2836226.fits
apogee.apo25m.stars.063+88_MGA.2M12553866+2836226,apogee_apo25m_stars_063+88_MGA_2M12553866+2836226.fits
apogee.apo25m.stars.078+57_MGA.2M15075064+4638086,apogee_apo25m_stars_078+57_MGA_2M15075064+4638086.fits
apogee.apo25m.stars.078+57_MGA.2M15084661+4657580,apogee_apo25m_stars_078+57_MGA_2M15084661+4657580.fits
apogee.apo25m.stars.078+57_MGA.2M15091134+4728139,apogee_apo25m_stars_078+57_MGA_2M15091134+4728139.fits
apogee.apo25m.stars.085+83_MGA.2M13104453+3141183,apogee_apo25m_stars_085+83_MGA_2M13104453+3141183.fits
apogee.apo25m.stars.069+83_MGA.2M13120299+3152129,apogee_apo25m_stars_069+83_MGA_2M13120299+3152129.fits
apogee.apo25m.stars.075+83_MGA.2M13123193+3116278,apogee_apo25m_stars_075+83_MGA_2M13123193+3116278.fits
apogee.apo25m.stars.072+55_MGA.2M15214629+4258559,apogee_apo25m_stars_072+55_MGA_2M15214629+4258559.fits
apogee.apo25m.stars.072+55_MGA.2M15243492+4453536,apogee_apo25m_stars_072+55_MGA_2M15243492+4453536.fits
apogee.apo25m.stars.079-37_MGA.2M22275559+1356424,apogee_apo25m_stars_079-37_MGA_2M22275559+1356424.fits
apogee.apo25m.stars.075-30.2M22023006+1747500,apogee_apo25m_stars_075-30_2M22023006+1747500.fits
apogee.apo25m.stars.075-30.2M22083038+1619493,apogee_apo25m_stars_075-30_2M22083038+1619493.fits
apogee.apo25m.stars.075-35_MGA.2M22143012+1317385,apogee_apo25m_stars_075-35_MGA_2M22143012+1317385.fits
apogee.apo25m.stars.077+49_MGA.2M15581180+4906261,apogee_apo25m_stars_077+49_MGA_2M15581180+4906261.fits
apogee.apo25m.stars.079+47_MGA.2M15581180+4906261,apogee_apo25m_stars_079+47_MGA_2M15581180+4906261.fits
apogee.apo25m.stars.079+47_MGA.2M15581633+4905097,apogee_apo25m_stars_079+47_MGA_2M15581633+4905097.fits
apogee.apo25m.stars.077+69_MGA.2M14124905+4024411,apogee_apo25m_stars_077+69_MGA_2M14124905+4024411.fits
apogee.apo25m.stars.070+69_MGA.2M14124951+3912577,apogee_apo25m_stars_070+69_MGA_2M14124951+3912577.fits
apogee.apo25m.stars.077+69_MGA.2M14124951+3912577,apogee_apo25m_stars_077+69_MGA_2M14124951+3912577.fits
apogee.apo25m.stars.075-53_MGA.2M23064553-0124087,apogee_apo25m_stars_075-53_MGA_2M23064553-0124087.fits
apogee.apo25m.stars.K2_C12_072-54_btx.2M23064553-0124087,apogee_apo25m_stars_K2_C12_072-54_btx_2M23064553-0124087.fits
apogee.apo25m.stars.076+47_MGA.2M15575779+4843139,apogee_apo25m_stars_076+47_MGA_2M15575779+4843139.fits
apogee.apo25m.stars.079+47_MGA.2M15590889+5110093,apogee_apo25m_stars_079+47_MGA_2M15590889+5110093.fits
apogee.apo25m.stars.077+49_MGA.2M15595076+4943394,apogee_apo25m_stars_077+49_MGA_2M15595076+4943394.fits
apogee.apo25m.stars.077+49_MGA.2M16004334+4907031,apogee_apo25m_stars_077+49_MGA_2M16004334+4907031.fits
apogee.apo25m.stars.077+69_MGA.2M14134660+4035574,apogee_apo25m_stars_077+69_MGA_2M14134660+4035574.fits
apogee.apo25m.stars.077+69_MGA.2M14135825+4015429,apogee_apo25m_stars_077+69_MGA_2M14135825+4015429.fits
apogee.apo25m.stars.077+69_MGA.2M14141382+4053021,apogee_apo25m_stars_077+69_MGA_2M14141382+4053021.fits
apogee.apo25m.stars.080+55_MGA.2M15091134+4728139,apogee_apo25m_stars_080+55_MGA_2M15091134+4728139.fits
apogee.apo25m.stars.078+76_MGA.2M13354688+3727390,apogee_apo25m_stars_078+76_MGA_2M13354688+3727390.fits
apogee.apo25m.stars.078+76_MGA.2M13375448+3755588,apogee_apo25m_stars_078+76_MGA_2M13375448+3755588.fits
apogee.apo25m.stars.077+49_MGA.2M15575779+4843139,apogee_apo25m_stars_077+49_MGA_2M15575779+4843139.fits
apogee.apo25m.stars.074+49_MGA.2M15593108+4753545,apogee_apo25m_stars_074+49_MGA_2M15593108+4753545.fits
apogee.apo25m.stars.077+49_MGA.2M15594267+4859263,apogee_apo25m_stars_077+49_MGA_2M15594267+4859263.fits
apogee.apo25m.stars.077+89_MGA.2M12553866+2836226,apogee_apo25m_stars_077+89_MGA_2M12553866+2836226.fits
apogee.apo25m.stars.101+89_MGA.2M12553866+2836226,apogee_apo25m_stars_101+89_MGA_2M12553866+2836226.fits
apogee.apo25m.stars.062+88_MGA.2M12561360+2903057,apogee_apo25m_stars_062+88_MGA_2M12561360+2903057.fits
apogee.apo25m.stars.059+89_MGA.2M12503961+2814289,apogee_apo25m_stars_059+89_MGA_2M12503961+2814289.fits
apogee.apo25m.stars.077+89_MGA.2M12503961+2814289,apogee_apo25m_stars_077+89_MGA_2M12503961+2814289.fits
apogee.apo25m.stars.101+89_MGA.2M12503961+2814289,apogee_apo25m_stars_101+89_MGA_2M12503961+2814289.fits
apogee.apo25m.stars.078+76_MGA.2M13392332+3724386,apogee_apo25m_stars_078+76_MGA_2M13392332+3724386.fits
apogee.apo25m.stars.078+76_MGA.2M13420906+3520253,apogee_apo25m_stars_078+76_MGA_2M13420906+3520253.fits
apogee.apo25m.stars.078+76_MGA.2M13434291+3802059,apogee_apo25m_stars_078+76_MGA_2M13434291+3802059.fits
apogee.apo25m.stars.074+49_MGA.2M15594390+4741299,apogee_apo25m_stars_074+49_MGA_2M15594390+4741299.fits
apogee.apo25m.stars.074+49_MGA.2M16054149+4645209,apogee_apo25m_stars_074+49_MGA_2M16054149+4645209.fits
apogee.apo25m.stars.076+47_MGA.2M16054149+4645209,apogee_apo25m_stars_076+47_MGA_2M16054149+4645209.fits
apogee.apo25m.stars.045+89_MGA.2M12512629+2759211,apogee_apo25m_stars_045+89_MGA_2M12512629+2759211.fits
apogee.apo25m.stars.077+89_MGA.2M12512629+2759211,apogee_apo25m_stars_077+89_MGA_2M12512629+2759211.fits
apogee.apo25m.stars.101+89_MGA.2M12512629+2759211,apogee_apo25m_stars_101+89_MGA_2M12512629+2759211.fits
apogee.apo25m.stars.072+76_MGA.2M13434625+3623149,apogee_apo25m_stars_072+76_MGA_2M13434625+3623149.fits
apogee.apo25m.stars.078+76_MGA.2M13434625+3623149,apogee_apo25m_stars_078+76_MGA_2M13434625+3623149.fits
apogee.apo25m.stars.078+76_MGA.2M13434858+3720137,apogee_apo25m_stars_078+76_MGA_2M13434858+3720137.fits
apogee.apo25m.stars.080+45_MGA.2M16052954+5033219,apogee_apo25m_stars_080+45_MGA_2M16052954+5033219.fits
apogee.apo25m.stars.079+47_MGA.2M16054474+4928277,apogee_apo25m_stars_079+47_MGA_2M16054474+4928277.fits
apogee.apo25m.stars.076+47_MGA.2M16092396+4916124,apogee_apo25m_stars_076+47_MGA_2M16092396+4916124.fits
apogee.apo25m.stars.075+83_MGA.2M13141814+3241598,apogee_apo25m_stars_075+83_MGA_2M13141814+3241598.fits
apogee.apo25m.stars.075+83_MGA.2M13144275+3210544,apogee_apo25m_stars_075+83_MGA_2M13144275+3210544.fits
apogee.apo25m.stars.075+83_MGA.2M13153499+3048340,apogee_apo25m_stars_075+83_MGA_2M13153499+3048340.fits
apogee.apo25m.stars.101+89_MGA.2M12561360+2903057,apogee_apo25m_stars_101+89_MGA_2M12561360+2903057.fits
apogee.apo25m.stars.063+88_MGA.2M12583598+2711429,apogee_apo25m_stars_063+88_MGA_2M12583598+2711429.fits
apogee.apo25m.stars.042+87_MGA.2M12591949+2825024,apogee_apo25m_stars_042+87_MGA_2M12591949+2825024.fits
apogee.apo25m.stars.079+47_MGA.2M16054474+4928277,apogee_apo25m_stars_079+47_MGA_2M16054474+4928277.fits
apogee.apo25m.stars.074+49_MGA.2M16055294+4645144,apogee_apo25m_stars_074+49_MGA_2M16055294+4645144.fits
apogee.apo25m.stars.076+47_MGA.2M16055294+4645144,apogee_apo25m_stars_076+47_MGA_2M16055294+4645144.fits
apogee.apo25m.stars.077+45_MGA.2M16092396+4916124,apogee_apo25m_stars_077+45_MGA_2M16092396+4916124.fits
apogee.apo25m.stars.079+47_MGA.2M16092396+4916124,apogee_apo25m_stars_079+47_MGA_2M16092396+4916124.fits
apogee.apo25m.stars.079+47_MGA.2M16102961+4914543,apogee_apo25m_stars_079+47_MGA_2M16102961+4914543.fits
apogee.apo25m.stars.078+76_MGA.2M13435503+3701051,apogee_apo25m_stars_078+76_MGA_2M13435503+3701051.fits
apogee.apo25m.stars.072+76_MGA.2M13463971+3545044,apogee_apo25m_stars_072+76_MGA_2M13463971+3545044.fits
apogee.apo25m.stars.078+76_MGA.2M13463971+3545044,apogee_apo25m_stars_078+76_MGA_2M13463971+3545044.fits
apogee.apo25m.stars.075+83_MGA.2M13163636+3257550,apogee_apo25m_stars_075+83_MGA_2M13163636+3257550.fits
apogee.apo25m.stars.075+83_MGA.2M13163977+3206368,apogee_apo25m_stars_075+83_MGA_2M13163977+3206368.fits
apogee.apo25m.stars.069+83_MGA.2M13164500+3159180,apogee_apo25m_stars_069+83_MGA_2M13164500+3159180.fits
apogee.apo25m.stars.NGP.2M12512629+2759211,apogee_apo25m_stars_NGP_2M12512629+2759211.fits
apogee.apo25m.stars.014+89_MGA.2M12533531+2737033,apogee_apo25m_stars_014+89_MGA_2M12533531+2737033.fits
apogee.apo25m.stars.023+88_MGA.2M12533531+2737033,apogee_apo25m_stars_023+88_MGA_2M12533531+2737033.fits
apogee.apo25m.stars.075+83_MGA.2M13164500+3159180,apogee_apo25m_stars_075+83_MGA_2M13164500+3159180.fits
apogee.apo25m.stars.075+83_MGA.2M13170598+3106104,apogee_apo25m_stars_075+83_MGA_2M13170598+3106104.fits
apogee.apo25m.stars.068+82_MGA.2M13190437+3241164,apogee_apo25m_stars_068+82_MGA_2M13190437+3241164.fits
apogee.apo25m.stars.079+47_MGA.2M16112083+4948290,apogee_apo25m_stars_079+47_MGA_2M16112083+4948290.fits
apogee.apo25m.stars.079-06.2M20495351+3614353,apogee_apo25m_stars_079-06_2M20495351+3614353.fits
apogee.apo25m.stars.079-06.2M21012470+3647489,apogee_apo25m_stars_079-06_2M21012470+3647489.fits
apogee.apo25m.stars.076+47_MGA.2M16101692+4810127,apogee_apo25m_stars_076+47_MGA_2M16101692+4810127.fits
apogee.apo25m.stars.076+50_MGA.2M15413928+4802365,apogee_apo25m_stars_076+50_MGA_2M15413928+4802365.fits
apogee.apo25m.stars.078+52_MGA.2M15413928+4802365,apogee_apo25m_stars_078+52_MGA_2M15413928+4802365.fits
apogee.apo25m.stars.045+89_MGA.2M12591949+2825024,apogee_apo25m_stars_045+89_MGA_2M12591949+2825024.fits
apogee.apo25m.stars.059+89_MGA.2M12591949+2825024,apogee_apo25m_stars_059+89_MGA_2M12591949+2825024.fits
apogee.apo25m.stars.076+88_MGA.2M13025331+2823319,apogee_apo25m_stars_076+88_MGA_2M13025331+2823319.fits
apogee.apo25m.stars.075+83_MGA.2M13190437+3241164,apogee_apo25m_stars_075+83_MGA_2M13190437+3241164.fits
apogee.apo25m.stars.075+83_MGA.2M13194623+3207232,apogee_apo25m_stars_075+83_MGA_2M13194623+3207232.fits
apogee.apo25m.stars.075+83_MGA.2M13231416+3209041,apogee_apo25m_stars_075+83_MGA_2M13231416+3209041.fits
apogee.apo25m.stars.076+50_MGA.2M15450675+4833113,apogee_apo25m_stars_076+50_MGA_2M15450675+4833113.fits
apogee.apo25m.stars.078+52_MGA.2M15450675+4833113,apogee_apo25m_stars_078+52_MGA_2M15450675+4833113.fits
apogee.apo25m.stars.074+51_MGA.2M15453377+4618296,apogee_apo25m_stars_074+51_MGA_2M15453377+4618296.fits
apogee.apo25m.stars.078+76_MGA.2M13464323+3730451,apogee_apo25m_stars_078+76_MGA_2M13464323+3730451.fits
apogee.apo25m.stars.079+00.2M20291124+3922314,apogee_apo25m_stars_079+00_2M20291124+3922314.fits
apogee.apo25m.stars.077+49_MGA.2M15551649+5007113,apogee_apo25m_stars_077+49_MGA_2M15551649+5007113.fits
apogee.apo25m.stars.076+50_MGA.2M15453377+4618296,apogee_apo25m_stars_076+50_MGA_2M15453377+4618296.fits
apogee.apo25m.stars.074+51_MGA.2M15454002+4708091,apogee_apo25m_stars_074+51_MGA_2M15454002+4708091.fits
apogee.apo25m.stars.076+50_MGA.2M15472831+4806048,apogee_apo25m_stars_076+50_MGA_2M15472831+4806048.fits
apogee.apo25m.stars.069+83_MGA.2M13231770+3151344,apogee_apo25m_stars_069+83_MGA_2M13231770+3151344.fits
apogee.apo25m.stars.075+83_MGA.2M13231770+3151344,apogee_apo25m_stars_075+83_MGA_2M13231770+3151344.fits
apogee.apo25m.stars.075-12.2M21031466+2824590,apogee_apo25m_stars_075-12_2M21031466+2824590.fits
apogee.apo25m.stars.079+47_MGA.2M16054474+4928277,apogee_apo25m_stars_079+47_MGA_2M16054474+4928277.fits
apogee.apo25m.stars.076+47_MGA.2M16092396+4916124,apogee_apo25m_stars_076+47_MGA_2M16092396+4916124.fits
apogee.apo25m.stars.077+45_MGA.2M16092396+4916124,apogee_apo25m_stars_077+45_MGA_2M16092396+4916124.fits
apogee.apo25m.stars.074-35_MGA.2M22151885+1325248,apogee_apo25m_stars_074-35_MGA_2M22151885+1325248.fits
apogee.apo25m.stars.075-35_MGA.2M22151885+1325248,apogee_apo25m_stars_075-35_MGA_2M22151885+1325248.fits
apogee.apo25m.stars.073-34_MGA.2M22154591+1159318,apogee_apo25m_stars_073-34_MGA_2M22154591+1159318.fits
apogee.apo25m.stars.053+88_MGA.2M12533531+2737033,apogee_apo25m_stars_053+88_MGA_2M12533531+2737033.fits
apogee.apo25m.stars.040+88_MGA.2M12535967+2811383,apogee_apo25m_stars_040+88_MGA_2M12535967+2811383.fits
apogee.apo25m.stars.048+88_MGA.2M12535967+2811383,apogee_apo25m_stars_048+88_MGA_2M12535967+2811383.fits
apogee.apo25m.stars.076+50_MGA.2M15485905+4726271,apogee_apo25m_stars_076+50_MGA_2M15485905+4726271.fits
apogee.apo25m.stars.074+51_MGA.2M15491290+4706309,apogee_apo25m_stars_074+51_MGA_2M15491290+4706309.fits
apogee.apo25m.stars.076+50_MGA.2M15491290+4706309,apogee_apo25m_stars_076+50_MGA_2M15491290+4706309.fits
apogee.apo25m.stars.053+88_MGA.2M12535967+2811383,apogee_apo25m_stars_053+88_MGA_2M12535967+2811383.fits
apogee.apo25m.stars.056+88_MGA.2M12535967+2811383,apogee_apo25m_stars_056+88_MGA_2M12535967+2811383.fits
apogee.apo25m.stars.059+89_MGA.2M12535967+2811383,apogee_apo25m_stars_059+89_MGA_2M12535967+2811383.fits
apogee.apo25m.stars.074-35_MGA.2M22154591+1159318,apogee_apo25m_stars_074-35_MGA_2M22154591+1159318.fits
apogee.apo25m.stars.075-35_MGA.2M22154591+1159318,apogee_apo25m_stars_075-35_MGA_2M22154591+1159318.fits
apogee.apo25m.stars.075-35_MGA.2M22165397+1407290,apogee_apo25m_stars_075-35_MGA_2M22165397+1407290.fits
apogee.apo25m.stars.062+88_MGA.2M12535967+2811383,apogee_apo25m_stars_062+88_MGA_2M12535967+2811383.fits
apogee.apo25m.stars.063+88_MGA.2M12535967+2811383,apogee_apo25m_stars_063+88_MGA_2M12535967+2811383.fits
apogee.apo25m.stars.076+88_MGA.2M12535967+2811383,apogee_apo25m_stars_076+88_MGA_2M12535967+2811383.fits
apogee.apo25m.stars.079+47_MGA.2M16092396+4916124,apogee_apo25m_stars_079+47_MGA_2M16092396+4916124.fits
apogee.apo25m.stars.077+45_MGA.2M16115369+4934538,apogee_apo25m_stars_077+45_MGA_2M16115369+4934538.fits
apogee.apo25m.stars.077+45_MGA.2M16140329+4902577,apogee_apo25m_stars_077+45_MGA_2M16140329+4902577.fits
apogee.apo25m.stars.076+50_MGA.2M15511647+4627282,apogee_apo25m_stars_076+50_MGA_2M15511647+4627282.fits
apogee.apo25m.stars.076+50_MGA.2M15515336+4619489,apogee_apo25m_stars_076+50_MGA_2M15515336+4619489.fits
apogee.apo25m.stars.076+50_MGA.2M15515679+4846593,apogee_apo25m_stars_076+50_MGA_2M15515679+4846593.fits
apogee.apo25m.stars.075-35_MGA.2M22174081+1347191,apogee_apo25m_stars_075-35_MGA_2M22174081+1347191.fits
apogee.apo25m.stars.075-35_MGA.2M22181026+1414074,apogee_apo25m_stars_075-35_MGA_2M22181026+1414074.fits
apogee.apo25m.stars.075-35_MGA.2M22181344+1411411,apogee_apo25m_stars_075-35_MGA_2M22181344+1411411.fits
apogee.apo25m.stars.076+50_MGA.2M15525321+4851552,apogee_apo25m_stars_076+50_MGA_2M15525321+4851552.fits
apogee.apo25m.stars.074+49_MGA.2M15531490+4813207,apogee_apo25m_stars_074+49_MGA_2M15531490+4813207.fits
apogee.apo25m.stars.076+50_MGA.2M15531490+4813207,apogee_apo25m_stars_076+50_MGA_2M15531490+4813207.fits
apogee.apo25m.stars.075-35_MGA.2M22184478+1424363,apogee_apo25m_stars_075-35_MGA_2M22184478+1424363.fits
apogee.apo25m.stars.075-35_MGA.2M22184652+1352111,apogee_apo25m_stars_075-35_MGA_2M22184652+1352111.fits
apogee.apo25m.stars.075-35_MGA.2M22191278+1335443,apogee_apo25m_stars_075-35_MGA_2M22191278+1335443.fits
apogee.apo25m.stars.077+45_MGA.2M16165056+4938309,apogee_apo25m_stars_077+45_MGA_2M16165056+4938309.fits
apogee.apo25m.stars.075+44_MGA.2M16175135+4909077,apogee_apo25m_stars_075+44_MGA_2M16175135+4909077.fits
apogee.apo25m.stars.077+45_MGA.2M16175135+4909077,apogee_apo25m_stars_077+45_MGA_2M16175135+4909077.fits
apogee.apo25m.stars.077+89_MGA.2M12535967+2811383,apogee_apo25m_stars_077+89_MGA_2M12535967+2811383.fits
apogee.apo25m.stars.014+89_MGA.2M12550791+2742022,apogee_apo25m_stars_014+89_MGA_2M12550791+2742022.fits
apogee.apo25m.stars.023+88_MGA.2M12550791+2742022,apogee_apo25m_stars_023+88_MGA_2M12550791+2742022.fits
apogee.apo25m.stars.040+88_MGA.2M12550791+2742022,apogee_apo25m_stars_040+88_MGA_2M12550791+2742022.fits
apogee.apo25m.stars.045+89_MGA.2M12550791+2742022,apogee_apo25m_stars_045+89_MGA_2M12550791+2742022.fits
apogee.apo25m.stars.053+88_MGA.2M12550791+2742022,apogee_apo25m_stars_053+88_MGA_2M12550791+2742022.fits
apogee.apo25m.stars.076+88_MGA.2M12550791+2742022,apogee_apo25m_stars_076+88_MGA_2M12550791+2742022.fits
apogee.apo25m.stars.077+89_MGA.2M12550791+2742022,apogee_apo25m_stars_077+89_MGA_2M12550791+2742022.fits
apogee.apo25m.stars.101+89_MGA.2M12550791+2742022,apogee_apo25m_stars_101+89_MGA_2M12550791+2742022.fits
apogee.apo25m.stars.076+50_MGA.2M15531694+4611213,apogee_apo25m_stars_076+50_MGA_2M15531694+4611213.fits
apogee.apo25m.stars.076+50_MGA.2M15540422+4745525,apogee_apo25m_stars_076+50_MGA_2M15540422+4745525.fits
apogee.apo25m.stars.045+89_MGA.2M12512629+2759211,apogee_apo25m_stars_045+89_MGA_2M12512629+2759211.fits
apogee.apo25m.stars.077+49_MGA.2M15504549+4947159,apogee_apo25m_stars_077+49_MGA_2M15504549+4947159.fits
apogee.apo25m.stars.076+50_MGA.2M15521832+4819337,apogee_apo25m_stars_076+50_MGA_2M15521832+4819337.fits
apogee.apo25m.stars.077+49_MGA.2M15533943+4929178,apogee_apo25m_stars_077+49_MGA_2M15533943+4929178.fits
apogee.apo25m.stars.077+89_MGA.2M12512629+2759211,apogee_apo25m_stars_077+89_MGA_2M12512629+2759211.fits
apogee.apo25m.stars.101+89_MGA.2M12512629+2759211,apogee_apo25m_stars_101+89_MGA_2M12512629+2759211.fits
apogee.apo25m.stars.NGP.2M12512629+2759211,apogee_apo25m_stars_NGP_2M12512629+2759211.fits
apogee.apo25m.stars.075-35_MGA.2M22200998+1302214,apogee_apo25m_stars_075-35_MGA_2M22200998+1302214.fits
apogee.apo25m.stars.075-35_MGA.2M22214467+1308153,apogee_apo25m_stars_075-35_MGA_2M22214467+1308153.fits
apogee.apo25m.stars.075-35_MGA.2M22215679+1340433,apogee_apo25m_stars_075-35_MGA_2M22215679+1340433.fits
apogee.apo25m.stars.074+49_MGA.2M15560512+4719335,apogee_apo25m_stars_074+49_MGA_2M15560512+4719335.fits
apogee.apo25m.stars.076+50_MGA.2M15560512+4719335,apogee_apo25m_stars_076+50_MGA_2M15560512+4719335.fits
apogee.apo25m.stars.077+49_MGA.2M15560512+4719335,apogee_apo25m_stars_077+49_MGA_2M15560512+4719335.fits
apogee.apo25m.stars.014+89_MGA.2M12533531+2737033,apogee_apo25m_stars_014+89_MGA_2M12533531+2737033.fits
apogee.apo25m.stars.023+88_MGA.2M12533531+2737033,apogee_apo25m_stars_023+88_MGA_2M12533531+2737033.fits
apogee.apo25m.stars.053+88_MGA.2M12533531+2737033,apogee_apo25m_stars_053+88_MGA_2M12533531+2737033.fits
apogee.apo25m.stars.077+49_MGA.2M15561684+4836058,apogee_apo25m_stars_077+49_MGA_2M15561684+4836058.fits
apogee.apo25m.stars.079+47_MGA.2M15570054+4911349,apogee_apo25m_stars_079+47_MGA_2M15570054+4911349.fits
apogee.apo25m.stars.079+47_MGA.2M15581633+4905097,apogee_apo25m_stars_079+47_MGA_2M15581633+4905097.fits
apogee.apo25m.stars.062+88_MGA.2M12561360+2903057,apogee_apo25m_stars_062+88_MGA_2M12561360+2903057.fits
apogee.apo25m.stars.101+89_MGA.2M12561360+2903057,apogee_apo25m_stars_101+89_MGA_2M12561360+2903057.fits
apogee.apo25m.stars.078+52_MGA.2M15284320+4821370,apogee_apo25m_stars_078+52_MGA_2M15284320+4821370.fits
apogee.apo25m.stars.077+49_MGA.2M15594561+4830362,apogee_apo25m_stars_077+49_MGA_2M15594561+4830362.fits
apogee.apo25m.stars.077+49_MGA.2M16004334+4907031,apogee_apo25m_stars_077+49_MGA_2M16004334+4907031.fits
apogee.apo25m.stars.077+69_MGA.2M14060861+3920474,apogee_apo25m_stars_077+69_MGA_2M14060861+3920474.fits
apogee.apo25m.stars.078+52_MGA.2M15293629+4752427,apogee_apo25m_stars_078+52_MGA_2M15293629+4752427.fits
apogee.apo25m.stars.078+52_MGA.2M15303137+4930037,apogee_apo25m_stars_078+52_MGA_2M15303137+4930037.fits
apogee.apo25m.stars.081+53_MGA.2M15303137+4930037,apogee_apo25m_stars_081+53_MGA_2M15303137+4930037.fits
apogee.apo25m.stars.077+69_MGA.2M14063890+4109015,apogee_apo25m_stars_077+69_MGA_2M14063890+4109015.fits
apogee.apo25m.stars.077+69_MGA.2M14072125+4121358,apogee_apo25m_stars_077+69_MGA_2M14072125+4121358.fits
apogee.apo25m.stars.077+69_MGA.2M14073055+4107598,apogee_apo25m_stars_077+69_MGA_2M14073055+4107598.fits
apogee.apo25m.stars.078+52_MGA.2M15310827+4845387,apogee_apo25m_stars_078+52_MGA_2M15310827+4845387.fits
apogee.apo25m.stars.078+52_MGA.2M15324528+4741340,apogee_apo25m_stars_078+52_MGA_2M15324528+4741340.fits
apogee.apo25m.stars.078+52_MGA.2M15332016+4908408,apogee_apo25m_stars_078+52_MGA_2M15332016+4908408.fits
apogee.apo25m.stars.077+69_MGA.2M14075197+4018273,apogee_apo25m_stars_077+69_MGA_2M14075197+4018273.fits
apogee.apo25m.stars.077+69_MGA.2M14082179+3857349,apogee_apo25m_stars_077+69_MGA_2M14082179+3857349.fits
apogee.apo25m.stars.077+69_MGA.2M14090001+3946489,apogee_apo25m_stars_077+69_MGA_2M14090001+3946489.fits
apogee.apo25m.stars.078+52_MGA.2M15335631+4848273,apogee_apo25m_stars_078+52_MGA_2M15335631+4848273.fits
apogee.apo25m.stars.078+52_MGA.2M15353017+4815236,apogee_apo25m_stars_078+52_MGA_2M15353017+4815236.fits
apogee.apo25m.stars.078+52_MGA.2M15355904+4939024,apogee_apo25m_stars_078+52_MGA_2M15355904+4939024.fits
apogee.apo25m.stars.079-37_MGA.2M22294239+1323430,apogee_apo25m_stars_079-37_MGA_2M22294239+1323430.fits
apogee.apo25m.stars.079-37_MGA.2M22313532+1443131,apogee_apo25m_stars_079-37_MGA_2M22313532+1443131.fits
apogee.apo25m.stars.079-37_MGA.2M22313641+1435144,apogee_apo25m_stars_079-37_MGA_2M22313641+1435144.fits
apogee.apo25m.stars.074+51_MGA.2M15361023+4711362,apogee_apo25m_stars_074+51_MGA_2M15361023+4711362.fits
apogee.apo25m.stars.078+52_MGA.2M15361023+4711362,apogee_apo25m_stars_078+52_MGA_2M15361023+4711362.fits
apogee.apo25m.stars.078+52_MGA.2M15374991+4955436,apogee_apo25m_stars_078+52_MGA_2M15374991+4955436.fits
apogee.apo25m.stars.079+47_MGA.2M15551649+5007113,apogee_apo25m_stars_079+47_MGA_2M15551649+5007113.fits
apogee.apo25m.stars.079+47_MGA.2M15570054+4911349,apogee_apo25m_stars_079+47_MGA_2M15570054+4911349.fits
apogee.apo25m.stars.084+62_MGA.2M14440171+4659131,apogee_apo25m_stars_084+62_MGA_2M14440171+4659131.fits
apogee.apo25m.stars.079-37_MGA.2M22314692+1206472,apogee_apo25m_stars_079-37_MGA_2M22314692+1206472.fits
apogee.apo25m.stars.079-37_MGA.2M22323310+1208510,apogee_apo25m_stars_079-37_MGA_2M22323310+1208510.fits
apogee.apo25m.stars.079-37_MGA.2M22330690+1415401,apogee_apo25m_stars_079-37_MGA_2M22330690+1415401.fits
apogee.apo25m.stars.078+52_MGA.2M15395708+4951198,apogee_apo25m_stars_078+52_MGA_2M15395708+4951198.fits
apogee.apo25m.stars.078+52_MGA.2M15402953+4928232,apogee_apo25m_stars_078+52_MGA_2M15402953+4928232.fits
apogee.apo25m.stars.078+52_MGA.2M15404449+4917146,apogee_apo25m_stars_078+52_MGA_2M15404449+4917146.fits
apogee.apo25m.stars.080+59_MGA.2M14473086+4739474,apogee_apo25m_stars_080+59_MGA_2M14473086+4739474.fits
apogee.apo25m.stars.085+59_MGA.2M14473086+4739474,apogee_apo25m_stars_085+59_MGA_2M14473086+4739474.fits
apogee.apo25m.stars.080+59_MGA.2M14473648+4751061,apogee_apo25m_stars_080+59_MGA_2M14473648+4751061.fits
apogee.apo25m.stars.081+53_MGA.2M15211522+4948086,apogee_apo25m_stars_081+53_MGA_2M15211522+4948086.fits
apogee.apo25m.stars.081+53_MGA.2M15223885+4910441,apogee_apo25m_stars_081+53_MGA_2M15223885+4910441.fits
apogee.apo25m.stars.081+53_MGA.2M15244557+4932065,apogee_apo25m_stars_081+53_MGA_2M15244557+4932065.fits
apogee.apo25m.stars.076+50_MGA.2M15413928+4802365,apogee_apo25m_stars_076+50_MGA_2M15413928+4802365.fits
apogee.apo25m.stars.078+52_MGA.2M15413928+4802365,apogee_apo25m_stars_078+52_MGA_2M15413928+4802365.fits
apogee.apo25m.stars.076+50_MGA.2M15443290+4838052,apogee_apo25m_stars_076+50_MGA_2M15443290+4838052.fits
apogee.apo25m.stars.080-45.2M22552355+0753433,apogee_apo25m_stars_080-45_2M22552355+0753433.fits
apogee.apo25m.stars.080-45.2M22553415+0803309,apogee_apo25m_stars_080-45_2M22553415+0803309.fits
apogee.apo25m.stars.080-45.2M22561608+0921281,apogee_apo25m_stars_080-45_2M22561608+0921281.fits
apogee.apo25m.stars.080+45_MGA.2M16161430+5116233,apogee_apo25m_stars_080+45_MGA_2M16161430+5116233.fits
apogee.apo25m.stars.080+45.2M16164068+5149274,apogee_apo25m_stars_080+45_2M16164068+5149274.fits
apogee.apo25m.stars.080+45.2M16183165+5218082,apogee_apo25m_stars_080+45_2M16183165+5218082.fits
apogee.apo25m.stars.080+59_MGA.2M14482687+4527563,apogee_apo25m_stars_080+59_MGA_2M14482687+4527563.fits
apogee.apo25m.stars.080+59_MGA.2M14495448+4739036,apogee_apo25m_stars_080+59_MGA_2M14495448+4739036.fits
apogee.apo25m.stars.080+59_MGA.2M14511348+4520573,apogee_apo25m_stars_080+59_MGA_2M14511348+4520573.fits
apogee.apo25m.stars.076+50_MGA.2M15450675+4833113,apogee_apo25m_stars_076+50_MGA_2M15450675+4833113.fits
apogee.apo25m.stars.078+52_MGA.2M15450675+4833113,apogee_apo25m_stars_078+52_MGA_2M15450675+4833113.fits
apogee.apo25m.stars.078+57_MGA.2M14590061+4720030,apogee_apo25m_stars_078+57_MGA_2M14590061+4720030.fits
apogee.apo25m.stars.079-37_MGA.2M22344358+1435185,apogee_apo25m_stars_079-37_MGA_2M22344358+1435185.fits
apogee.apo25m.stars.079-37_MGA.2M22384209+1300517,apogee_apo25m_stars_079-37_MGA_2M22384209+1300517.fits
apogee.apo25m.stars.080+45.2M16095849+5124224,apogee_apo25m_stars_080+45_2M16095849+5124224.fits
apogee.apo25m.stars.081+53_MGA.2M15264272+4932419,apogee_apo25m_stars_081+53_MGA_2M15264272+4932419.fits
apogee.apo25m.stars.081+53_MGA.2M15304043+5025139,apogee_apo25m_stars_081+53_MGA_2M15304043+5025139.fits
apogee.apo25m.stars.078+52_MGA.2M15315620+4941208,apogee_apo25m_stars_078+52_MGA_2M15315620+4941208.fits
apogee.apo25m.stars.080+45.2M16190072+5242405,apogee_apo25m_stars_080+45_2M16190072+5242405.fits
apogee.apo25m.stars.080+45.2M16190080+5202232,apogee_apo25m_stars_080+45_2M16190080+5202232.fits
apogee.apo25m.stars.080+45_MGA.2M16202456+5058425,apogee_apo25m_stars_080+45_MGA_2M16202456+5058425.fits
apogee.apo25m.stars.080+59_MGA.2M14515751+4658303,apogee_apo25m_stars_080+59_MGA_2M14515751+4658303.fits
apogee.apo25m.stars.080+59_MGA.2M14540984+4738046,apogee_apo25m_stars_080+59_MGA_2M14540984+4738046.fits
apogee.apo25m.stars.082+57_MGA.2M14540984+4738046,apogee_apo25m_stars_082+57_MGA_2M14540984+4738046.fits
apogee.apo25m.stars.082+57_MGA.2M14590061+4720030,apogee_apo25m_stars_082+57_MGA_2M14590061+4720030.fits
apogee.apo25m.stars.078+57_MGA.2M15010121+4518016,apogee_apo25m_stars_078+57_MGA_2M15010121+4518016.fits
apogee.apo25m.stars.078+57_MGA.2M15023991+4718173,apogee_apo25m_stars_078+57_MGA_2M15023991+4718173.fits
apogee.apo25m.stars.075-45.2M22401949+0437220,apogee_apo25m_stars_075-45_2M22401949+0437220.fits
apogee.apo25m.stars.075-53_MGA.2M23015144-0000176,apogee_apo25m_stars_075-53_MGA_2M23015144-0000176.fits
apogee.apo25m.stars.083+00.2M20511508+4304469,apogee_apo25m_stars_083+00_2M20511508+4304469.fits
apogee.apo25m.stars.081+53_MGA.2M15315620+4941208,apogee_apo25m_stars_081+53_MGA_2M15315620+4941208.fits
apogee.apo25m.stars.082+35.2M17153288+5445501,apogee_apo25m_stars_082+35_2M17153288+5445501.fits
apogee.apo25m.stars.081+34_MGA.2M17230990+5453026,apogee_apo25m_stars_081+34_MGA_2M17230990+5453026.fits
apogee.apo25m.stars.083+73_MGA.2M13471964+3854262,apogee_apo25m_stars_083+73_MGA_2M13471964+3854262.fits
apogee.apo25m.stars.083+73_MGA.2M13485268+4039569,apogee_apo25m_stars_083+73_MGA_2M13485268+4039569.fits
apogee.apo25m.stars.083+73_MGA.2M13490227+3942160,apogee_apo25m_stars_083+73_MGA_2M13490227+3942160.fits
apogee.apo25m.stars.082+35.2M17230990+5453026,apogee_apo25m_stars_082+35_2M17230990+5453026.fits
apogee.apo25m.stars.082+35.2M17271027+5416559,apogee_apo25m_stars_082+35_2M17271027+5416559.fits
apogee.apo25m.stars.082+35.2M17283558+5440538,apogee_apo25m_stars_082+35_2M17283558+5440538.fits
apogee.apo25m.stars.080+45.2M16204276+5239593,apogee_apo25m_stars_080+45_2M16204276+5239593.fits
apogee.apo25m.stars.080+45.2M16214303+5149153,apogee_apo25m_stars_080+45_2M16214303+5149153.fits
apogee.apo25m.stars.079+47_MGA.2M16100301+4958231,apogee_apo25m_stars_079+47_MGA_2M16100301+4958231.fits
apogee.apo25m.stars.081+49_MGA.2M15532559+5137426,apogee_apo25m_stars_081+49_MGA_2M15532559+5137426.fits
apogee.apo25m.stars.083+47_MGA.2M15532559+5137426,apogee_apo25m_stars_083+47_MGA_2M15532559+5137426.fits
apogee.apo25m.stars.083+47_MGA.2M15533552+5328515,apogee_apo25m_stars_083+47_MGA_2M15533552+5328515.fits
apogee.apo25m.stars.080+59_MGA.2M14572398+4739401,apogee_apo25m_stars_080+59_MGA_2M14572398+4739401.fits
apogee.apo25m.stars.080+59_MGA.2M14592946+4657364,apogee_apo25m_stars_080+59_MGA_2M14592946+4657364.fits
apogee.apo25m.stars.080+66_MGA.2M14123189+4311526,apogee_apo25m_stars_080+66_MGA_2M14123189+4311526.fits
apogee.apo25m.stars.085+59_MGA.2M14543229+4836166,apogee_apo25m_stars_085+59_MGA_2M14543229+4836166.fits
apogee.apo25m.stars.082+57_MGA.2M14545106+4858327,apogee_apo25m_stars_082+57_MGA_2M14545106+4858327.fits
apogee.apo25m.stars.082+57_MGA.2M14571061+4859277,apogee_apo25m_stars_082+57_MGA_2M14571061+4859277.fits
apogee.apo25m.stars.086+47_MGA.2M15533552+5328515,apogee_apo25m_stars_086+47_MGA_2M15533552+5328515.fits
apogee.apo25m.stars.083+47_MGA.2M15561672+5236390,apogee_apo25m_stars_083+47_MGA_2M15561672+5236390.fits
apogee.apo25m.stars.081+49_MGA.2M15581277+5211450,apogee_apo25m_stars_081+49_MGA_2M15581277+5211450.fits
apogee.apo25m.stars.080+45_MGA.2M16100301+4958231,apogee_apo25m_stars_080+45_MGA_2M16100301+4958231.fits
apogee.apo25m.stars.080+45_MGA.2M16132728+5134022,apogee_apo25m_stars_080+45_MGA_2M16132728+5134022.fits
apogee.apo25m.stars.080+45_MGA.2M16134413+5117172,apogee_apo25m_stars_080+45_MGA_2M16134413+5117172.fits
apogee.apo25m.stars.081+34_MGA.2M17222245+5232009,apogee_apo25m_stars_081+34_MGA_2M17222245+5232009.fits
apogee.apo25m.stars.081+34_MGA.2M17242558+5249059,apogee_apo25m_stars_081+34_MGA_2M17242558+5249059.fits
apogee.apo25m.stars.081+34_MGA.2M17254720+5337078,apogee_apo25m_stars_081+34_MGA_2M17254720+5337078.fits
apogee.apo25m.stars.083+73_MGA.2M13524225+3908567,apogee_apo25m_stars_083+73_MGA_2M13524225+3908567.fits
apogee.apo25m.stars.084+62_MGA.2M14315448+4527255,apogee_apo25m_stars_084+62_MGA_2M14315448+4527255.fits
apogee.apo25m.stars.084+62_MGA.2M14322092+4722122,apogee_apo25m_stars_084+62_MGA_2M14322092+4722122.fits
apogee.apo25m.stars.080+66_MGA.2M14135449+4325358,apogee_apo25m_stars_080+66_MGA_2M14135449+4325358.fits
apogee.apo25m.stars.080+66_MGA.2M14180880+4157340,apogee_apo25m_stars_080+66_MGA_2M14180880+4157340.fits
apogee.apo25m.stars.080+66_MGA.2M14184771+4248187,apogee_apo25m_stars_080+66_MGA_2M14184771+4248187.fits
apogee.apo25m.stars.080+59_MGA.2M14572398+4739401,apogee_apo25m_stars_080+59_MGA_2M14572398+4739401.fits
apogee.apo25m.stars.082+57_MGA.2M14572913+4801459,apogee_apo25m_stars_082+57_MGA_2M14572913+4801459.fits
apogee.apo25m.stars.082+57_MGA.2M14583990+4759372,apogee_apo25m_stars_082+57_MGA_2M14583990+4759372.fits
apogee.apo25m.stars.084+62_MGA.2M14322450+4735051,apogee_apo25m_stars_084+62_MGA_2M14322450+4735051.fits
apogee.apo25m.stars.084+62_MGA.2M14324123+4611398,apogee_apo25m_stars_084+62_MGA_2M14324123+4611398.fits
apogee.apo25m.stars.084+62_MGA.2M14332028+4558441,apogee_apo25m_stars_084+62_MGA_2M14332028+4558441.fits
apogee.apo25m.stars.080+45_MGA.2M16161156+5124473,apogee_apo25m_stars_080+45_MGA_2M16161156+5124473.fits
apogee.apo25m.stars.080+45_MGA.2M16161430+5116233,apogee_apo25m_stars_080+45_MGA_2M16161430+5116233.fits
apogee.apo25m.stars.080+45_MGA.2M16172641+5052493,apogee_apo25m_stars_080+45_MGA_2M16172641+5052493.fits
apogee.apo25m.stars.083+47_MGA.2M15581277+5211450,apogee_apo25m_stars_083+47_MGA_2M15581277+5211450.fits
apogee.apo25m.stars.086+47_MGA.2M15581739+5406544,apogee_apo25m_stars_086+47_MGA_2M15581739+5406544.fits
apogee.apo25m.stars.086+47_MGA.2M16010809+5402230,apogee_apo25m_stars_086+47_MGA_2M16010809+5402230.fits
apogee.apo25m.stars.080+66_MGA.2M14201672+4243329,apogee_apo25m_stars_080+66_MGA_2M14201672+4243329.fits
apogee.apo25m.stars.080+66_MGA.2M14203901+4330450,apogee_apo25m_stars_080+66_MGA_2M14203901+4330450.fits
apogee.apo25m.stars.080+66_MGA.2M14210332+4234396,apogee_apo25m_stars_080+66_MGA_2M14210332+4234396.fits
apogee.apo25m.stars.084+62_MGA.2M14343458+4740208,apogee_apo25m_stars_084+62_MGA_2M14343458+4740208.fits
apogee.apo25m.stars.084+62_MGA.2M14351518+4641366,apogee_apo25m_stars_084+62_MGA_2M14351518+4641366.fits
apogee.apo25m.stars.084+62_MGA.2M14354313+4730284,apogee_apo25m_stars_084+62_MGA_2M14354313+4730284.fits
apogee.apo25m.stars.082+57_MGA.2M14593208+4749024,apogee_apo25m_stars_082+57_MGA_2M14593208+4749024.fits
apogee.apo25m.stars.082+57_MGA.2M14594281+4830394,apogee_apo25m_stars_082+57_MGA_2M14594281+4830394.fits
apogee.apo25m.stars.078+57_MGA.2M15022824+4715516,apogee_apo25m_stars_078+57_MGA_2M15022824+4715516.fits
apogee.apo25m.stars.081+34_MGA.2M17321071+5427388,apogee_apo25m_stars_081+34_MGA_2M17321071+5427388.fits
apogee.apo25m.stars.081+49_MGA.2M15481656+5218369,apogee_apo25m_stars_081+49_MGA_2M15481656+5218369.fits
apogee.apo25m.stars.081+49_MGA.2M15532559+5137426,apogee_apo25m_stars_081+49_MGA_2M15532559+5137426.fits
apogee.apo25m.stars.080+45_MGA.2M16202456+5058425,apogee_apo25m_stars_080+45_MGA_2M16202456+5058425.fits
apogee.apo25m.stars.078+57_MGA.2M15061690+4753442,apogee_apo25m_stars_078+57_MGA_2M15061690+4753442.fits
apogee.apo25m.stars.080+55_MGA.2M15080139+4851115,apogee_apo25m_stars_080+55_MGA_2M15080139+4851115.fits
apogee.apo25m.stars.080+66_MGA.2M14212982+4214354,apogee_apo25m_stars_080+66_MGA_2M14212982+4214354.fits
apogee.apo25m.stars.080+66_MGA.2M14222498+4231537,apogee_apo25m_stars_080+66_MGA_2M14222498+4231537.fits
apogee.apo25m.stars.080+66_MGA.2M14223522+4131097,apogee_apo25m_stars_080+66_MGA_2M14223522+4131097.fits
apogee.apo25m.stars.083+47_MGA.2M16030325+5226411,apogee_apo25m_stars_083+47_MGA_2M16030325+5226411.fits
apogee.apo25m.stars.083+47_MGA.2M16033525+5316551,apogee_apo25m_stars_083+47_MGA_2M16033525+5316551.fits
apogee.apo25m.stars.083+73_MGA.2M13440353+3959463,apogee_apo25m_stars_083+73_MGA_2M13440353+3959463.fits
apogee.apo25m.stars.074+66_MGA.2M14224036+4121294,apogee_apo25m_stars_074+66_MGA_2M14224036+4121294.fits
apogee.apo25m.stars.080+66_MGA.2M14224036+4121294,apogee_apo25m_stars_080+66_MGA_2M14224036+4121294.fits
apogee.apo25m.stars.080+66_MGA.2M14224510+4312038,apogee_apo25m_stars_080+66_MGA_2M14224510+4312038.fits
apogee.apo25m.stars.078+57_MGA.2M15091134+4728139,apogee_apo25m_stars_078+57_MGA_2M15091134+4728139.fits
apogee.apo25m.stars.080+55_MGA.2M15091134+4728139,apogee_apo25m_stars_080+55_MGA_2M15091134+4728139.fits
apogee.apo25m.stars.080+55_MGA.2M15105879+4854130,apogee_apo25m_stars_080+55_MGA_2M15105879+4854130.fits
apogee.apo25m.stars.082+57_MGA.2M15022824+4715516,apogee_apo25m_stars_082+57_MGA_2M15022824+4715516.fits
apogee.apo25m.stars.078+57_MGA.2M15023991+4718173,apogee_apo25m_stars_078+57_MGA_2M15023991+4718173.fits
apogee.apo25m.stars.082+57_MGA.2M15023991+4718173,apogee_apo25m_stars_082+57_MGA_2M15023991+4718173.fits
apogee.apo25m.stars.084+62_MGA.2M14355562+4549588,apogee_apo25m_stars_084+62_MGA_2M14355562+4549588.fits
apogee.apo25m.stars.084+62_MGA.2M14390267+4707172,apogee_apo25m_stars_084+62_MGA_2M14390267+4707172.fits
apogee.apo25m.stars.084+62_MGA.2M14394615+4625198,apogee_apo25m_stars_084+62_MGA_2M14394615+4625198.fits
apogee.apo25m.stars.080+66_MGA.2M14234214+4322190,apogee_apo25m_stars_080+66_MGA_2M14234214+4322190.fits
apogee.apo25m.stars.080+66_MGA.2M14264737+4330287,apogee_apo25m_stars_080+66_MGA_2M14264737+4330287.fits
apogee.apo25m.stars.080-45.2M22500150+0811227,apogee_apo25m_stars_080-45_2M22500150+0811227.fits
apogee.apo25m.stars.082+57_MGA.2M15040708+4825162,apogee_apo25m_stars_082+57_MGA_2M15040708+4825162.fits
apogee.apo25m.stars.082+57_MGA.2M15043877+4806004,apogee_apo25m_stars_082+57_MGA_2M15043877+4806004.fits
apogee.apo25m.stars.082+57_MGA.2M15045270+4737423,apogee_apo25m_stars_082+57_MGA_2M15045270+4737423.fits
apogee.apo25m.stars.080+55_MGA.2M15124899+4814147,apogee_apo25m_stars_080+55_MGA_2M15124899+4814147.fits
apogee.apo25m.stars.080+55_MGA.2M15141108+4714060,apogee_apo25m_stars_080+55_MGA_2M15141108+4714060.fits
apogee.apo25m.stars.080+55_MGA.2M15155386+4832019,apogee_apo25m_stars_080+55_MGA_2M15155386+4832019.fits
apogee.apo25m.stars.084-40_MGA.2M22545701+1335237,apogee_apo25m_stars_084-40_MGA_2M22545701+1335237.fits
apogee.apo25m.stars.085-40_MGA.2M22545701+1335237,apogee_apo25m_stars_085-40_MGA_2M22545701+1335237.fits
apogee.apo25m.stars.084-40_MGA.2M22553091+1502155,apogee_apo25m_stars_084-40_MGA_2M22553091+1502155.fits
apogee.apo25m.stars.084+62_MGA.2M14402501+4558474,apogee_apo25m_stars_084+62_MGA_2M14402501+4558474.fits
apogee.apo25m.stars.084+62_MGA.2M14414473+4747414,apogee_apo25m_stars_084+62_MGA_2M14414473+4747414.fits
apogee.apo25m.stars.084+62_MGA.2M14440171+4659131,apogee_apo25m_stars_084+62_MGA_2M14440171+4659131.fits
apogee.apo25m.stars.080-45.2M22504282+0827467,apogee_apo25m_stars_080-45_2M22504282+0827467.fits
apogee.apo25m.stars.080+59_MGA.2M14495448+4739036,apogee_apo25m_stars_080+59_MGA_2M14495448+4739036.fits
apogee.apo25m.stars.085+59_MGA.2M14513509+4929420,apogee_apo25m_stars_085+59_MGA_2M14513509+4929420.fits
apogee.apo25m.stars.084-40_MGA.2M22570964+1448397,apogee_apo25m_stars_084-40_MGA_2M22570964+1448397.fits
apogee.apo25m.stars.085+33_MGA.2M17230777+5720488,apogee_apo25m_stars_085+33_MGA_2M17230777+5720488.fits
apogee.apo25m.stars.085+33_MGA.2M17232296+5621409,apogee_apo25m_stars_085+33_MGA_2M17232296+5621409.fits
apogee.apo25m.stars.080+55_MGA.2M15171210+4923159,apogee_apo25m_stars_080+55_MGA_2M15171210+4923159.fits
apogee.apo25m.stars.080+55_MGA.2M15184641+4922335,apogee_apo25m_stars_080+55_MGA_2M15184641+4922335.fits
apogee.apo25m.stars.080+55_MGA.2M15193993+4726565,apogee_apo25m_stars_080+55_MGA_2M15193993+4726565.fits
apogee.apo25m.stars.084-40_MGA.2M22484912+1320313,apogee_apo25m_stars_084-40_MGA_2M22484912+1320313.fits
apogee.apo25m.stars.084-40_MGA.2M22491973+1432207,apogee_apo25m_stars_084-40_MGA_2M22491973+1432207.fits
apogee.apo25m.stars.084-40_MGA.2M22495092+1513028,apogee_apo25m_stars_084-40_MGA_2M22495092+1513028.fits
apogee.apo25m.stars.086+57_MGA.2M14513509+4929420,apogee_apo25m_stars_086+57_MGA_2M14513509+4929420.fits
apogee.apo25m.stars.085+59_MGA.2M14533978+4816197,apogee_apo25m_stars_085+59_MGA_2M14533978+4816197.fits
apogee.apo25m.stars.085+59_MGA.2M14541326+4916319,apogee_apo25m_stars_085+59_MGA_2M14541326+4916319.fits
apogee.apo25m.stars.080+55_MGA.2M15201915+4758228,apogee_apo25m_stars_080+55_MGA_2M15201915+4758228.fits
apogee.apo25m.stars.080+55_MGA.2M15202512+4918104,apogee_apo25m_stars_080+55_MGA_2M15202512+4918104.fits
apogee.apo25m.stars.080+55_MGA.2M15203333+4742122,apogee_apo25m_stars_080+55_MGA_2M15203333+4742122.fits
apogee.apo25m.stars.084-40_MGA.2M22503860+1423491,apogee_apo25m_stars_084-40_MGA_2M22503860+1423491.fits
apogee.apo25m.stars.084-40_MGA.2M22511010+1519116,apogee_apo25m_stars_084-40_MGA_2M22511010+1519116.fits
apogee.apo25m.stars.084-40_MGA.2M22511046+1455159,apogee_apo25m_stars_084-40_MGA_2M22511046+1455159.fits
apogee.apo25m.stars.085+33_MGA.2M17300434+5707101,apogee_apo25m_stars_085+33_MGA_2M17300434+5707101.fits
apogee.apo25m.stars.085+33_MGA.2M17313199+5745597,apogee_apo25m_stars_085+33_MGA_2M17313199+5745597.fits
apogee.apo25m.stars.086+34_MGA.2M17333838+5713306,apogee_apo25m_stars_086+34_MGA_2M17333838+5713306.fits
apogee.apo25m.stars.082+57_MGA.2M15023991+4718173,apogee_apo25m_stars_082+57_MGA_2M15023991+4718173.fits
apogee.apo25m.stars.078+57_MGA.2M15035943+4513071,apogee_apo25m_stars_078+57_MGA_2M15035943+4513071.fits
apogee.apo25m.stars.078+57_MGA.2M15042277+4730124,apogee_apo25m_stars_078+57_MGA_2M15042277+4730124.fits
apogee.apo25m.stars.083+47_MGA.2M15532559+5137426,apogee_apo25m_stars_083+47_MGA_2M15532559+5137426.fits
apogee.apo25m.stars.081+49_MGA.2M15551383+5132507,apogee_apo25m_stars_081+49_MGA_2M15551383+5132507.fits
apogee.apo25m.stars.081+49_MGA.2M15581135+5213563,apogee_apo25m_stars_081+49_MGA_2M15581135+5213563.fits
apogee.apo25m.stars.084-40_MGA.2M22511425+1433589,apogee_apo25m_stars_084-40_MGA_2M22511425+1433589.fits
apogee.apo25m.stars.085-40_MGA.2M22511425+1433589,apogee_apo25m_stars_085-40_MGA_2M22511425+1433589.fits
apogee.apo25m.stars.084-40_MGA.2M22525090+1509290,apogee_apo25m_stars_084-40_MGA_2M22525090+1509290.fits
apogee.apo25m.stars.085+33_MGA.2M17355341+5537399,apogee_apo25m_stars_085+33_MGA_2M17355341+5537399.fits
apogee.apo25m.stars.085+33_MGA.2M17364801+5728595,apogee_apo25m_stars_085+33_MGA_2M17364801+5728595.fits
apogee.apo25m.stars.085+33_MGA.2M17371729+5652350,apogee_apo25m_stars_085+33_MGA_2M17371729+5652350.fits
apogee.apo25m.stars.081+49_MGA.2M15581218+5106059,apogee_apo25m_stars_081+49_MGA_2M15581218+5106059.fits
apogee.apo25m.stars.081+49_MGA.2M15581277+5211450,apogee_apo25m_stars_081+49_MGA_2M15581277+5211450.fits
apogee.apo25m.stars.083+47_MGA.2M15581277+5211450,apogee_apo25m_stars_083+47_MGA_2M15581277+5211450.fits
apogee.apo25m.stars.085+83_MGA.2M13062152+3319237,apogee_apo25m_stars_085+83_MGA_2M13062152+3319237.fits
apogee.apo25m.stars.085+83_MGA.2M13085772+3247167,apogee_apo25m_stars_085+83_MGA_2M13085772+3247167.fits
apogee.apo25m.stars.075+83_MGA.2M13141814+3241598,apogee_apo25m_stars_075+83_MGA_2M13141814+3241598.fits
apogee.apo25m.stars.086+34_MGA.2M17371729+5652350,apogee_apo25m_stars_086+34_MGA_2M17371729+5652350.fits
apogee.apo25m.stars.085+33_MGA.2M17375972+5753040,apogee_apo25m_stars_085+33_MGA_2M17375972+5753040.fits
apogee.apo25m.stars.086+34_MGA.2M17375972+5753040,apogee_apo25m_stars_086+34_MGA_2M17375972+5753040.fits
apogee.apo25m.stars.085+33_MGA.2M17391726+5708360,apogee_apo25m_stars_085+33_MGA_2M17391726+5708360.fits
apogee.apo25m.stars.085+33_MGA.2M17410237+5734404,apogee_apo25m_stars_085+33_MGA_2M17410237+5734404.fits
apogee.apo25m.stars.085+35_MGA.2M17114891+5721583,apogee_apo25m_stars_085+35_MGA_2M17114891+5721583.fits
apogee.apo25m.stars.084-40_MGA.2M22511425+1433589,apogee_apo25m_stars_084-40_MGA_2M22511425+1433589.fits
apogee.apo25m.stars.085-40_MGA.2M22511425+1433589,apogee_apo25m_stars_085-40_MGA_2M22511425+1433589.fits
apogee.apo25m.stars.084-40_MGA.2M22525090+1509290,apogee_apo25m_stars_084-40_MGA_2M22525090+1509290.fits
apogee.apo25m.stars.080+45.2M16095909+5249095,apogee_apo25m_stars_080+45_2M16095909+5249095.fits
apogee.apo25m.stars.080+45_MGA.2M16135034+5203184,apogee_apo25m_stars_080+45_MGA_2M16135034+5203184.fits
apogee.apo25m.stars.080+45.2M16144612+5208365,apogee_apo25m_stars_080+45_2M16144612+5208365.fits
apogee.apo25m.stars.CVZ_OB06_btx.2M17114891+5721583,apogee_apo25m_stars_CVZ_OB06_btx_2M17114891+5721583.fits
apogee.apo25m.stars.087+35_MGA.2M17115114+5710413,apogee_apo25m_stars_087+35_MGA_2M17115114+5710413.fits
apogee.apo25m.stars.087+35_MGA.2M17162539+5805041,apogee_apo25m_stars_087+35_MGA_2M17162539+5805041.fits
apogee.apo25m.stars.085-40_MGA.2M22525090+1509290,apogee_apo25m_stars_085-40_MGA_2M22525090+1509290.fits
apogee.apo25m.stars.085-40_MGA.2M22534895+1236260,apogee_apo25m_stars_085-40_MGA_2M22534895+1236260.fits
apogee.apo25m.stars.085-40_MGA.2M22540403+1457584,apogee_apo25m_stars_085-40_MGA_2M22540403+1457584.fits
apogee.apo25m.stars.085+35_MGA.2M17195532+5639596,apogee_apo25m_stars_085+35_MGA_2M17195532+5639596.fits
apogee.apo25m.stars.086+34_MGA.2M17215759+5746546,apogee_apo25m_stars_086+34_MGA_2M17215759+5746546.fits
apogee.apo25m.stars.CVZTILE_088+35_btx.2M17215759+5746546,apogee_apo25m_stars_CVZTILE_088+35_btx_2M17215759+5746546.fits
apogee.apo25m.stars.084-40_MGA.2M22545701+1335237,apogee_apo25m_stars_084-40_MGA_2M22545701+1335237.fits
apogee.apo25m.stars.085-40_MGA.2M22545701+1335237,apogee_apo25m_stars_085-40_MGA_2M22545701+1335237.fits
apogee.apo25m.stars.087-41_MGA.2M22583332+1331488,apogee_apo25m_stars_087-41_MGA_2M22583332+1331488.fits
apogee.apo25m.stars.085+33_MGA.2M17232296+5621409,apogee_apo25m_stars_085+33_MGA_2M17232296+5621409.fits
apogee.apo25m.stars.088+34_MGA.2M17234945+5808459,apogee_apo25m_stars_088+34_MGA_2M17234945+5808459.fits
apogee.apo25m.stars.086+34_MGA.2M17275642+5650548,apogee_apo25m_stars_086+34_MGA_2M17275642+5650548.fits
apogee.apo25m.stars.085+35_MGA.2M17292751+5631071,apogee_apo25m_stars_085+35_MGA_2M17292751+5631071.fits
apogee.apo25m.stars.080+59_MGA.2M14470040+4752302,apogee_apo25m_stars_080+59_MGA_2M14470040+4752302.fits
apogee.apo25m.stars.085+59_MGA.2M14470040+4752302,apogee_apo25m_stars_085+59_MGA_2M14470040+4752302.fits
apogee.apo25m.stars.085+33_MGA.2M17232296+5621409,apogee_apo25m_stars_085+33_MGA_2M17232296+5621409.fits
apogee.apo25m.stars.088+34_MGA.2M17234945+5808459,apogee_apo25m_stars_088+34_MGA_2M17234945+5808459.fits
apogee.apo25m.stars.086+34_MGA.2M17241942+5845458,apogee_apo25m_stars_086+34_MGA_2M17241942+5845458.fits
apogee.apo25m.stars.082+57_MGA.2M15045274+4819058,apogee_apo25m_stars_082+57_MGA_2M15045274+4819058.fits
apogee.apo25m.stars.086+34_MGA.2M17333838+5713306,apogee_apo25m_stars_086+34_MGA_2M17333838+5713306.fits
apogee.apo25m.stars.086+34_MGA.2M17352085+5838121,apogee_apo25m_stars_086+34_MGA_2M17352085+5838121.fits
apogee.apo25m.stars.CVZTILE_088+35_btx.2M17241942+5845458,apogee_apo25m_stars_CVZTILE_088+35_btx_2M17241942+5845458.fits
apogee.apo25m.stars.086+34_MGA.2M17273138+5627045,apogee_apo25m_stars_086+34_MGA_2M17273138+5627045.fits
apogee.apo25m.stars.086+34_MGA.2M17273646+5638597,apogee_apo25m_stars_086+34_MGA_2M17273646+5638597.fits
apogee.apo25m.stars.085-40_MGA.2M22525090+1509290,apogee_apo25m_stars_085-40_MGA_2M22525090+1509290.fits
apogee.apo25m.stars.088+55_MGA.2M14583340+5239594,apogee_apo25m_stars_088+55_MGA_2M14583340+5239594.fits
apogee.apo25m.stars.086+57_MGA.2M14585055+5137046,apogee_apo25m_stars_086+57_MGA_2M14585055+5137046.fits
apogee.apo25m.stars.087-58_MGA.2M23353812-0102324,apogee_apo25m_stars_087-58_MGA_2M23353812-0102324.fits
apogee.apo25m.stars.087-58_MGA.2M23363547-0117465,apogee_apo25m_stars_087-58_MGA_2M23363547-0117465.fits
apogee.apo25m.stars.087-58_MGA.2M23364877-0100015,apogee_apo25m_stars_087-58_MGA_2M23364877-0100015.fits
apogee.apo25m.stars.086+34_MGA.2M17294282+5831075,apogee_apo25m_stars_086+34_MGA_2M17294282+5831075.fits
apogee.apo25m.stars.088+34_MGA.2M17294282+5831075,apogee_apo25m_stars_088+34_MGA_2M17294282+5831075.fits
apogee.apo25m.stars.086+34_MGA.2M17301427+5750217,apogee_apo25m_stars_086+34_MGA_2M17301427+5750217.fits
apogee.apo25m.stars.085+33_MGA.2M17375972+5753040,apogee_apo25m_stars_085+33_MGA_2M17375972+5753040.fits
apogee.apo25m.stars.086+34_MGA.2M17375972+5753040,apogee_apo25m_stars_086+34_MGA_2M17375972+5753040.fits
apogee.apo25m.stars.086+47_MGA.2M15451272+5414003,apogee_apo25m_stars_086+47_MGA_2M15451272+5414003.fits
apogee.apo25m.stars.080+55_MGA.2M15171210+4923159,apogee_apo25m_stars_080+55_MGA_2M15171210+4923159.fits
apogee.apo25m.stars.081+53_MGA.2M15180858+4949547,apogee_apo25m_stars_081+53_MGA_2M15180858+4949547.fits
apogee.apo25m.stars.090+00_btx.2M21053261+4822032,apogee_apo25m_stars_090+00_btx_2M21053261+4822032.fits
apogee.apo25m.stars.088+55_MGA.2M15005216+5329376,apogee_apo25m_stars_088+55_MGA_2M15005216+5329376.fits
apogee.apo25m.stars.088+55_MGA.2M15051551+5059302,apogee_apo25m_stars_088+55_MGA_2M15051551+5059302.fits
apogee.apo25m.stars.088+55_MGA.2M15062078+5228323,apogee_apo25m_stars_088+55_MGA_2M15062078+5228323.fits
apogee.apo25m.stars.086+47_MGA.2M15463688+5452409,apogee_apo25m_stars_086+47_MGA_2M15463688+5452409.fits
apogee.apo25m.stars.086+47_MGA.2M15474068+5342406,apogee_apo25m_stars_086+47_MGA_2M15474068+5342406.fits
apogee.apo25m.stars.086+47_MGA.2M15481597+5449475,apogee_apo25m_stars_086+47_MGA_2M15481597+5449475.fits
apogee.apo25m.stars.080+66_MGA.2M14171547+4356177,apogee_apo25m_stars_080+66_MGA_2M14171547+4356177.fits
apogee.apo25m.stars.086+66_MGA.2M14171547+4356177,apogee_apo25m_stars_086+66_MGA_2M14171547+4356177.fits
apogee.apo25m.stars.087+35_MGA.2M17115114+5710413,apogee_apo25m_stars_087+35_MGA_2M17115114+5710413.fits
apogee.apo25m.stars.087+35_MGA.2M17122559+5746006,apogee_apo25m_stars_087+35_MGA_2M17122559+5746006.fits
apogee.apo25m.stars.087+35_MGA.2M17122977+5832501,apogee_apo25m_stars_087+35_MGA_2M17122977+5832501.fits
apogee.apo25m.stars.CVZTILE_088+35_btx.2M17122977+5832501,apogee_apo25m_stars_CVZTILE_088+35_btx_2M17122977+5832501.fits
apogee.apo25m.stars.090+00_btx.2M21062085+4903029,apogee_apo25m_stars_090+00_btx_2M21062085+4903029.fits
apogee.apo25m.stars.090+00.2M21112508+4851470,apogee_apo25m_stars_090+00_2M21112508+4851470.fits
apogee.apo25m.stars.090+00_btx.2M21112508+4851470,apogee_apo25m_stars_090+00_btx_2M21112508+4851470.fits
apogee.apo25m.stars.088+55_MGA.2M15070107+5257499,apogee_apo25m_stars_088+55_MGA_2M15070107+5257499.fits
apogee.apo25m.stars.088+55_MGA.2M15092996+5253127,apogee_apo25m_stars_088+55_MGA_2M15092996+5253127.fits
apogee.apo25m.stars.088+55_MGA.2M15093760+5159578,apogee_apo25m_stars_088+55_MGA_2M15093760+5159578.fits
apogee.apo25m.stars.083+47_MGA.2M15533552+5328515,apogee_apo25m_stars_083+47_MGA_2M15533552+5328515.fits
apogee.apo25m.stars.086+47_MGA.2M15533552+5328515,apogee_apo25m_stars_086+47_MGA_2M15533552+5328515.fits
apogee.apo25m.stars.086+47_MGA.2M15534900+5530364,apogee_apo25m_stars_086+47_MGA_2M15534900+5530364.fits
apogee.apo25m.stars.087+35_MGA.2M17220140+5811335,apogee_apo25m_stars_087+35_MGA_2M17220140+5811335.fits
apogee.apo25m.stars.088+34_MGA.2M17220140+5811335,apogee_apo25m_stars_088+34_MGA_2M17220140+5811335.fits
apogee.apo25m.stars.088+34_MGA.2M17221271+6019517,apogee_apo25m_stars_088+34_MGA_2M17221271+6019517.fits
apogee.apo25m.stars.087+35_MGA.2M17153238+5944340,apogee_apo25m_stars_087+35_MGA_2M17153238+5944340.fits
apogee.apo25m.stars.087+35_MGA.2M17161301+5949309,apogee_apo25m_stars_087+35_MGA_2M17161301+5949309.fits
apogee.apo25m.stars.087+35_MGA.2M17174503+5839100,apogee_apo25m_stars_087+35_MGA_2M17174503+5839100.fits
apogee.apo25m.stars.086+47_MGA.2M15541646+5449264,apogee_apo25m_stars_086+47_MGA_2M15541646+5449264.fits
apogee.apo25m.stars.086+47_MGA.2M15542871+5447312,apogee_apo25m_stars_086+47_MGA_2M15542871+5447312.fits
apogee.apo25m.stars.086+47_MGA.2M15554147+5430423,apogee_apo25m_stars_086+47_MGA_2M15554147+5430423.fits
apogee.apo25m.stars.088+55_MGA.2M15132414+5204170,apogee_apo25m_stars_088+55_MGA_2M15132414+5204170.fits
apogee.apo25m.stars.088+64_MGA.2M14152652+4755324,apogee_apo25m_stars_088+64_MGA_2M14152652+4755324.fits
apogee.apo25m.stars.088+64_MGA.2M14154722+4729190,apogee_apo25m_stars_088+64_MGA_2M14154722+4729190.fits
apogee.apo25m.stars.087+35_MGA.2M17190174+5949539,apogee_apo25m_stars_087+35_MGA_2M17190174+5949539.fits
apogee.apo25m.stars.087+35_MGA.2M17202783+5929009,apogee_apo25m_stars_087+35_MGA_2M17202783+5929009.fits
apogee.apo25m.stars.088+34_MGA.2M17202783+5929009,apogee_apo25m_stars_088+34_MGA_2M17202783+5929009.fits
apogee.apo25m.stars.090+34_MGA.2M17223434+5946359,apogee_apo25m_stars_090+34_MGA_2M17223434+5946359.fits
apogee.apo25m.stars.087+35_MGA.2M17223787+5911097,apogee_apo25m_stars_087+35_MGA_2M17223787+5911097.fits
apogee.apo25m.stars.088+34_MGA.2M17234945+5808459,apogee_apo25m_stars_088+34_MGA_2M17234945+5808459.fits
apogee.apo25m.stars.086+47_MGA.2M15565910+5412319,apogee_apo25m_stars_086+47_MGA_2M15565910+5412319.fits
apogee.apo25m.stars.086+47_MGA.2M15580743+5456239,apogee_apo25m_stars_086+47_MGA_2M15580743+5456239.fits
apogee.apo25m.stars.086+47_MGA.2M15581739+5406544,apogee_apo25m_stars_086+47_MGA_2M15581739+5406544.fits
apogee.apo25m.stars.086+34_MGA.2M17215759+5746546,apogee_apo25m_stars_086+34_MGA_2M17215759+5746546.fits
apogee.apo25m.stars.CVZTILE_088+35_btx.2M17215759+5746546,apogee_apo25m_stars_CVZTILE_088+35_btx_2M17215759+5746546.fits
apogee.apo25m.stars.087+35_MGA.2M17223787+5911097,apogee_apo25m_stars_087+35_MGA_2M17223787+5911097.fits
apogee.apo25m.stars.088+64_MGA.2M14171151+4806257,apogee_apo25m_stars_088+64_MGA_2M14171151+4806257.fits
apogee.apo25m.stars.088+64_MGA.2M14182973+4643484,apogee_apo25m_stars_088+64_MGA_2M14182973+4643484.fits
apogee.apo25m.stars.088+64_MGA.2M14210870+4709131,apogee_apo25m_stars_088+64_MGA_2M14210870+4709131.fits
apogee.apo25m.stars.086+47_MGA.2M15591510+5447320,apogee_apo25m_stars_086+47_MGA_2M15591510+5447320.fits
apogee.apo25m.stars.086+47_MGA.2M16001243+5459039,apogee_apo25m_stars_086+47_MGA_2M16001243+5459039.fits
apogee.apo25m.stars.086+47_MGA.2M16003588+5504054,apogee_apo25m_stars_086+47_MGA_2M16003588+5504054.fits
apogee.apo25m.stars.088+34_MGA.2M17264854+6020084,apogee_apo25m_stars_088+34_MGA_2M17264854+6020084.fits
apogee.apo25m.stars.CVZ_OB16_btx.2M17264854+6020084,apogee_apo25m_stars_CVZ_OB16_btx_2M17264854+6020084.fits
apogee.apo25m.stars.086+34_MGA.2M17270860+5820061,apogee_apo25m_stars_086+34_MGA_2M17270860+5820061.fits
apogee.apo25m.stars.088+64_MGA.2M14215281+4647589,apogee_apo25m_stars_088+64_MGA_2M14215281+4647589.fits
apogee.apo25m.stars.088+64_MGA.2M14240643+4547100,apogee_apo25m_stars_088+64_MGA_2M14240643+4547100.fits
apogee.apo25m.stars.088+64_MGA.2M14244803+4615298,apogee_apo25m_stars_088+64_MGA_2M14244803+4615298.fits
apogee.apo25m.stars.088+34_MGA.2M17270860+5820061,apogee_apo25m_stars_088+34_MGA_2M17270860+5820061.fits
apogee.apo25m.stars.088+34_MGA.2M17282347+5948311,apogee_apo25m_stars_088+34_MGA_2M17282347+5948311.fits
apogee.apo25m.stars.090+34_MGA.2M17282347+5948311,apogee_apo25m_stars_090+34_MGA_2M17282347+5948311.fits
apogee.apo25m.stars.085+59_MGA.2M14513509+4929420,apogee_apo25m_stars_085+59_MGA_2M14513509+4929420.fits
apogee.apo25m.stars.086+57_MGA.2M14513509+4929420,apogee_apo25m_stars_086+57_MGA_2M14513509+4929420.fits
apogee.apo25m.stars.086+57_MGA.2M14514730+5115470,apogee_apo25m_stars_086+57_MGA_2M14514730+5115470.fits
apogee.apo25m.stars.087+35_MGA.2M17231046+5849186,apogee_apo25m_stars_087+35_MGA_2M17231046+5849186.fits
apogee.apo25m.stars.087+35_MGA.2M17261604+5806472,apogee_apo25m_stars_087+35_MGA_2M17261604+5806472.fits
apogee.apo25m.stars.087-41_MGA.2M23012962+1444174,apogee_apo25m_stars_087-41_MGA_2M23012962+1444174.fits
apogee.apo25m.stars.088+64_MGA.2M14264606+4730204,apogee_apo25m_stars_088+64_MGA_2M14264606+4730204.fits
apogee.apo25m.stars.089+61_MGA.2M14264606+4730204,apogee_apo25m_stars_089+61_MGA_2M14264606+4730204.fits
apogee.apo25m.stars.089+61_MGA.2M14213899+4924113,apogee_apo25m_stars_089+61_MGA_2M14213899+4924113.fits
apogee.apo25m.stars.088+34_MGA.2M17283924+5820576,apogee_apo25m_stars_088+34_MGA_2M17283924+5820576.fits
apogee.apo25m.stars.088+34_MGA.2M17285069+5954017,apogee_apo25m_stars_088+34_MGA_2M17285069+5954017.fits
apogee.apo25m.stars.086+34_MGA.2M17294282+5831075,apogee_apo25m_stars_086+34_MGA_2M17294282+5831075.fits
apogee.apo25m.stars.088+34_MGA.2M17294282+5831075,apogee_apo25m_stars_088+34_MGA_2M17294282+5831075.fits
apogee.apo25m.stars.086+34_MGA.2M17301427+5750217,apogee_apo25m_stars_086+34_MGA_2M17301427+5750217.fits
apogee.apo25m.stars.088+34_MGA.2M17301427+5750217,apogee_apo25m_stars_088+34_MGA_2M17301427+5750217.fits
apogee.apo25m.stars.086+57_MGA.2M14521575+5120323,apogee_apo25m_stars_086+57_MGA_2M14521575+5120323.fits
apogee.apo25m.stars.086+57_MGA.2M14553291+4945578,apogee_apo25m_stars_086+57_MGA_2M14553291+4945578.fits
apogee.apo25m.stars.086+57_MGA.2M14562909+5108459,apogee_apo25m_stars_086+57_MGA_2M14562909+5108459.fits
apogee.apo25m.stars.089+61_MGA.2M14263857+4835249,apogee_apo25m_stars_089+61_MGA_2M14263857+4835249.fits
apogee.apo25m.stars.088+64_MGA.2M14264606+4730204,apogee_apo25m_stars_088+64_MGA_2M14264606+4730204.fits
apogee.apo25m.stars.089+61_MGA.2M14264606+4730204,apogee_apo25m_stars_089+61_MGA_2M14264606+4730204.fits
apogee.apo25m.stars.088+34_MGA.2M17321519+6022290,apogee_apo25m_stars_088+34_MGA_2M17321519+6022290.fits
apogee.apo25m.stars.088+34_MGA.2M17330239+5829432,apogee_apo25m_stars_088+34_MGA_2M17330239+5829432.fits
apogee.apo25m.stars.088+34_MGA.2M17353416+5849039,apogee_apo25m_stars_088+34_MGA_2M17353416+5849039.fits
apogee.apo25m.stars.086+57_MGA.2M14574605+5052100,apogee_apo25m_stars_086+57_MGA_2M14574605+5052100.fits
apogee.apo25m.stars.086+57_MGA.2M14585055+5137046,apogee_apo25m_stars_086+57_MGA_2M14585055+5137046.fits
apogee.apo25m.stars.086+66_MGA.2M14055961+4526274,apogee_apo25m_stars_086+66_MGA_2M14055961+4526274.fits
apogee.apo25m.stars.089+61_MGA.2M14313284+4941305,apogee_apo25m_stars_089+61_MGA_2M14313284+4941305.fits
apogee.apo25m.stars.089+61_MGA.2M14324876+4838250,apogee_apo25m_stars_089+61_MGA_2M14324876+4838250.fits
apogee.apo25m.stars.089+61_MGA.2M14361183+4912445,apogee_apo25m_stars_089+61_MGA_2M14361183+4912445.fits
apogee.apo25m.stars.090+67_MGA.2M14055961+4526274,apogee_apo25m_stars_090+67_MGA_2M14055961+4526274.fits
apogee.apo25m.stars.086+66_MGA.2M14061682+4454263,apogee_apo25m_stars_086+66_MGA_2M14061682+4454263.fits
apogee.apo25m.stars.090+67_MGA.2M14061822+4447467,apogee_apo25m_stars_090+67_MGA_2M14061822+4447467.fits
apogee.apo25m.stars.088+34_MGA.2M17363681+5942068,apogee_apo25m_stars_088+34_MGA_2M17363681+5942068.fits
apogee.apo25m.stars.088+36.2M17065237+6020470,apogee_apo25m_stars_088+36_2M17065237+6020470.fits
apogee.apo25m.stars.090+36_MGA.2M17065237+6020470,apogee_apo25m_stars_090+36_MGA_2M17065237+6020470.fits
apogee.apo25m.stars.080+45_MGA.2M16144612+5208365,apogee_apo25m_stars_080+45_MGA_2M16144612+5208365.fits
apogee.apo25m.stars.080+45_MGA.2M16152464+5238145,apogee_apo25m_stars_080+45_MGA_2M16152464+5238145.fits
apogee.apo25m.stars.090+00.2M21124152+4838017,apogee_apo25m_stars_090+00_2M21124152+4838017.fits
apogee.apo25m.stars.090+00.2M21130973+4835357,apogee_apo25m_stars_090+00_2M21130973+4835357.fits
apogee.apo25m.stars.090+00.2M21154522+4851095,apogee_apo25m_stars_090+00_2M21154522+4851095.fits
apogee.apo25m.stars.090+00_btx.2M21171188+4847564,apogee_apo25m_stars_090+00_btx_2M21171188+4847564.fits
apogee.apo25m.stars.090+00_btx.2M21185285+4750063,apogee_apo25m_stars_090+00_btx_2M21185285+4750063.fits
apogee.apo25m.stars.090+00.2M21193370+4855078,apogee_apo25m_stars_090+00_2M21193370+4855078.fits
apogee.apo25m.stars.090+00_btx.2M21193370+4855078,apogee_apo25m_stars_090+00_btx_2M21193370+4855078.fits
apogee.apo25m.stars.090+00_btx.2M21062085+4903029,apogee_apo25m_stars_090+00_btx_2M21062085+4903029.fits
apogee.apo25m.stars.090+00.2M21065476+4908411,apogee_apo25m_stars_090+00_2M21065476+4908411.fits
apogee.apo25m.stars.090+00_btx.2M21065476+4908411,apogee_apo25m_stars_090+00_btx_2M21065476+4908411.fits
apogee.apo25m.stars.088+34_MGA.2M17301427+5750217,apogee_apo25m_stars_088+34_MGA_2M17301427+5750217.fits
apogee.apo25m.stars.086+34_MGA.2M17313424+5614112,apogee_apo25m_stars_086+34_MGA_2M17313424+5614112.fits
apogee.apo25m.stars.090+12.2M20051374+5539083,apogee_apo25m_stars_090+12_2M20051374+5539083.fits
apogee.apo25m.stars.086+66_MGA.2M14120326+4420349,apogee_apo25m_stars_086+66_MGA_2M14120326+4420349.fits
apogee.apo25m.stars.086+66_MGA.2M14143907+4539327,apogee_apo25m_stars_086+66_MGA_2M14143907+4539327.fits
apogee.apo25m.stars.090-08.2M21470727+4326368,apogee_apo25m_stars_090-08_2M21470727+4326368.fits
apogee.apo25m.stars.090+00_btx.2M21114219+4827239,apogee_apo25m_stars_090+00_btx_2M21114219+4827239.fits
apogee.apo25m.stars.090+36_MGA.2M16574505+6106056,apogee_apo25m_stars_090+36_MGA_2M16574505+6106056.fits
apogee.apo25m.stars.090+36_MGA.2M17010017+6133382,apogee_apo25m_stars_090+36_MGA_2M17010017+6133382.fits
apogee.apo25m.stars.090+60.2M14265444+5107314,apogee_apo25m_stars_090+60_2M14265444+5107314.fits
apogee.apo25m.stars.094+61_MGA.2M14265444+5107314,apogee_apo25m_stars_094+61_MGA_2M14265444+5107314.fits
apogee.apo25m.stars.090+60.2M14292581+5125520,apogee_apo25m_stars_090+60_2M14292581+5125520.fits
apogee.apo25m.stars.090+36_MGA.2M17012538+6125023,apogee_apo25m_stars_090+36_MGA_2M17012538+6125023.fits
apogee.apo25m.stars.090+36_MGA.2M17041205+6010024,apogee_apo25m_stars_090+36_MGA_2M17041205+6010024.fits
apogee.apo25m.stars.090+36_MGA.2M17042207+5930460,apogee_apo25m_stars_090+36_MGA_2M17042207+5930460.fits
apogee.apo25m.stars.090-08.2M21495078+4307132,apogee_apo25m_stars_090-08_2M21495078+4307132.fits
apogee.apo25m.stars.090-12.2M21543559+4015041,apogee_apo25m_stars_090-12_2M21543559+4015041.fits
apogee.apo25m.stars.090-12.2M21571942+3952185,apogee_apo25m_stars_090-12_2M21571942+3952185.fits
apogee.apo25m.stars.090+12.2M20053438+5540512,apogee_apo25m_stars_090+12_2M20053438+5540512.fits
apogee.apo25m.stars.090+12.2M20084938+5612139,apogee_apo25m_stars_090+12_2M20084938+5612139.fits
apogee.apo25m.stars.090+12.2M20183602+5617070,apogee_apo25m_stars_090+12_2M20183602+5617070.fits
apogee.apo25m.stars.090-04.2M21343531+4555436,apogee_apo25m_stars_090-04_2M21343531+4555436.fits
apogee.apo25m.stars.090-08.2M21432993+4316180,apogee_apo25m_stars_090-08_2M21432993+4316180.fits
apogee.apo25m.stars.090-08.2M21443030+4253545,apogee_apo25m_stars_090-08_2M21443030+4253545.fits
apogee.apo25m.stars.090-12.2M22001383+3841596,apogee_apo25m_stars_090-12_2M22001383+3841596.fits
apogee.apo25m.stars.090-12.2M22001810+3849499,apogee_apo25m_stars_090-12_2M22001810+3849499.fits
apogee.apo25m.stars.090-12.2M22004703+4009141,apogee_apo25m_stars_090-12_2M22004703+4009141.fits
apogee.apo25m.stars.CVZTILE_088+35_btx.2M17051993+5927135,apogee_apo25m_stars_CVZTILE_088+35_btx_2M17051993+5927135.fits
apogee.apo25m.stars.090+36_MGA.2M17061118+5940193,apogee_apo25m_stars_090+36_MGA_2M17061118+5940193.fits
apogee.apo25m.stars.090+36_MGA.2M17085805+6057148,apogee_apo25m_stars_090+36_MGA_2M17085805+6057148.fits
apogee.apo25m.stars.089+61_MGA.2M14313284+4941305,apogee_apo25m_stars_089+61_MGA_2M14313284+4941305.fits
apogee.apo25m.stars.090+59_MGA.2M14332134+4959418,apogee_apo25m_stars_090+59_MGA_2M14332134+4959418.fits
apogee.apo25m.stars.090+60.2M14354534+4910029,apogee_apo25m_stars_090+60_2M14354534+4910029.fits
apogee.apo25m.stars.090+36_MGA.2M17085984+6043554,apogee_apo25m_stars_090+36_MGA_2M17085984+6043554.fits
apogee.apo25m.stars.090+36_MGA.2M17091482+6152119,apogee_apo25m_stars_090+36_MGA_2M17091482+6152119.fits
apogee.apo25m.stars.CVZTILE_091+35_btx.2M17091482+6152119,apogee_apo25m_stars_CVZTILE_091+35_btx_2M17091482+6152119.fits
apogee.apo25m.stars.090-30.2M22415831+2538028,apogee_apo25m_stars_090-30_2M22415831+2538028.fits
apogee.apo25m.stars.090-30.2M22433088+2508251,apogee_apo25m_stars_090-30_2M22433088+2508251.fits
apogee.apo25m.stars.090-30.2M22441796+2355327,apogee_apo25m_stars_090-30_2M22441796+2355327.fits
apogee.apo25m.stars.090+08.2M20244068+5409392,apogee_apo25m_stars_090+08_2M20244068+5409392.fits
apogee.apo25m.stars.090+08.2M20370701+5406563,apogee_apo25m_stars_090+08_2M20370701+5406563.fits
apogee.apo25m.stars.091-43_MGA.2M23161630+1418506,apogee_apo25m_stars_091-43_MGA_2M23161630+1418506.fits
apogee.apo25m.stars.090+30.2M17502598+6157517,apogee_apo25m_stars_090+30_2M17502598+6157517.fits
apogee.apo25m.stars.090+30.2M17514563+6203451,apogee_apo25m_stars_090+30_2M17514563+6203451.fits
apogee.apo25m.stars.090+30.2M18070100+6143257,apogee_apo25m_stars_090+30_2M18070100+6143257.fits
apogee.apo25m.stars.090+00_btx.2M21185285+4750063,apogee_apo25m_stars_090+00_btx_2M21185285+4750063.fits
apogee.apo25m.stars.091+56_MGA.2M14514816+5210052,apogee_apo25m_stars_091+56_MGA_2M14514816+5210052.fits
apogee.apo25m.stars.091+56_MGA.2M14550692+5308061,apogee_apo25m_stars_091+56_MGA_2M14550692+5308061.fits
apogee.apo25m.stars.090+67_MGA.2M13534807+4532024,apogee_apo25m_stars_090+67_MGA_2M13534807+4532024.fits
apogee.apo25m.stars.090+67_MGA.2M13560408+4607125,apogee_apo25m_stars_090+67_MGA_2M13560408+4607125.fits
apogee.apo25m.stars.090+67_MGA.2M13574453+4558596,apogee_apo25m_stars_090+67_MGA_2M13574453+4558596.fits
apogee.apo25m.stars.090-30.2M22443021+2530546,apogee_apo25m_stars_090-30_2M22443021+2530546.fits
apogee.apo25m.stars.090-30.2M22451009+2539377,apogee_apo25m_stars_090-30_2M22451009+2539377.fits
apogee.apo25m.stars.090-30.2M22460713+2451518,apogee_apo25m_stars_090-30_2M22460713+2451518.fits
apogee.apo25m.stars.091+56_MGA.2M14564072+5207514,apogee_apo25m_stars_091+56_MGA_2M14564072+5207514.fits
apogee.apo25m.stars.091-43_MGA.2M23113224+1440298,apogee_apo25m_stars_091-43_MGA_2M23113224+1440298.fits
apogee.apo25m.stars.091-43_MGA.2M23114884+1426139,apogee_apo25m_stars_091-43_MGA_2M23114884+1426139.fits
apogee.apo25m.stars.090+67_MGA.2M13584410+4544260,apogee_apo25m_stars_090+67_MGA_2M13584410+4544260.fits
apogee.apo25m.stars.090+67_MGA.2M14003164+4556348,apogee_apo25m_stars_090+67_MGA_2M14003164+4556348.fits
apogee.apo25m.stars.090+67_MGA.2M14011837+4522300,apogee_apo25m_stars_090+67_MGA_2M14011837+4522300.fits
apogee.apo25m.stars.090+36_MGA.2M17120648+6036389,apogee_apo25m_stars_090+36_MGA_2M17120648+6036389.fits
apogee.apo25m.stars.087+35_MGA.2M17190174+5949539,apogee_apo25m_stars_087+35_MGA_2M17190174+5949539.fits
apogee.apo25m.stars.088+34_MGA.2M17232118+5956063,apogee_apo25m_stars_088+34_MGA_2M17232118+5956063.fits
apogee.apo25m.stars.090+36_MGA.2M17112227+6130553,apogee_apo25m_stars_090+36_MGA_2M17112227+6130553.fits
apogee.apo25m.stars.090+36_MGA.2M17120648+6036389,apogee_apo25m_stars_090+36_MGA_2M17120648+6036389.fits
apogee.apo25m.stars.090+36_MGA.2M17143420+6033326,apogee_apo25m_stars_090+36_MGA_2M17143420+6033326.fits
apogee.apo25m.stars.090-30.2M22463775+2350549,apogee_apo25m_stars_090-30_2M22463775+2350549.fits
apogee.apo25m.stars.090-30.2M22494945+2559456,apogee_apo25m_stars_090-30_2M22494945+2559456.fits
apogee.apo25m.stars.090-30.2M22510922+2425268,apogee_apo25m_stars_090-30_2M22510922+2425268.fits
apogee.apo25m.stars.091-43_MGA.2M23135395+1514123,apogee_apo25m_stars_091-43_MGA_2M23135395+1514123.fits
apogee.apo25m.stars.091-43_MGA.2M23145448+1309374,apogee_apo25m_stars_091-43_MGA_2M23145448+1309374.fits
apogee.apo25m.stars.091-43_MGA.2M23152805+1513430,apogee_apo25m_stars_091-43_MGA_2M23152805+1513430.fits
apogee.apo25m.stars.090+67_MGA.2M14050870+4612016,apogee_apo25m_stars_090+67_MGA_2M14050870+4612016.fits
apogee.apo25m.stars.092+65_MGA.2M14050870+4612016,apogee_apo25m_stars_092+65_MGA_2M14050870+4612016.fits
apogee.apo25m.stars.090+67_MGA.2M14061822+4447467,apogee_apo25m_stars_090+67_MGA_2M14061822+4447467.fits
apogee.apo25m.stars.CVZ_OB16_btx.2M17232118+5956063,apogee_apo25m_stars_CVZ_OB16_btx_2M17232118+5956063.fits
apogee.apo25m.stars.088+34_MGA.2M17264854+6020084,apogee_apo25m_stars_088+34_MGA_2M17264854+6020084.fits
apogee.apo25m.stars.CVZ_OB16_btx.2M17264854+6020084,apogee_apo25m_stars_CVZ_OB16_btx_2M17264854+6020084.fits
apogee.apo25m.stars.090-45.2M23191468+1238468,apogee_apo25m_stars_090-45_2M23191468+1238468.fits
apogee.apo25m.stars.090-75.2M00171531-1409451,apogee_apo25m_stars_090-75_2M00171531-1409451.fits
apogee.apo25m.stars.090-75.2M00192028-1401316,apogee_apo25m_stars_090-75_2M00192028-1401316.fits
apogee.apo25m.stars.090+36_MGA.2M17144011+6115012,apogee_apo25m_stars_090+36_MGA_2M17144011+6115012.fits
apogee.apo25m.stars.090+49_MGA.2M15272409+5736311,apogee_apo25m_stars_090+49_MGA_2M15272409+5736311.fits
apogee.apo25m.stars.090+49_MGA.2M15281149+5543066,apogee_apo25m_stars_090+49_MGA_2M15281149+5543066.fits
apogee.apo25m.stars.090-08.2M21450983+4342345,apogee_apo25m_stars_090-08_2M21450983+4342345.fits
apogee.apo25m.stars.093+36_MGA.2M17103355+6243425,apogee_apo25m_stars_093+36_MGA_2M17103355+6243425.fits
apogee.apo25m.stars.093+36_MGA.2M17110322+6412118,apogee_apo25m_stars_093+36_MGA_2M17110322+6412118.fits
apogee.apo25m.stars.090-30.2M22524652+2458341,apogee_apo25m_stars_090-30_2M22524652+2458341.fits
apogee.apo25m.stars.090-42_MGA.2M23080519+1423533,apogee_apo25m_stars_090-42_MGA_2M23080519+1423533.fits
apogee.apo25m.stars.090-42_MGA.2M23094522+1446102,apogee_apo25m_stars_090-42_MGA_2M23094522+1446102.fits
apogee.apo25m.stars.090-75.2M00202088-1330114,apogee_apo25m_stars_090-75_2M00202088-1330114.fits
apogee.apo25m.stars.090-75.2M00222465-1431542,apogee_apo25m_stars_090-75_2M00222465-1431542.fits
apogee.apo25m.stars.090-75.2M00233676-1432095,apogee_apo25m_stars_090-75_2M00233676-1432095.fits
apogee.apo25m.stars.090-42_MGA.2M23094753+1508537,apogee_apo25m_stars_090-42_MGA_2M23094753+1508537.fits
apogee.apo25m.stars.090-42_MGA.2M23100343+1525225,apogee_apo25m_stars_090-42_MGA_2M23100343+1525225.fits
apogee.apo25m.stars.090-42_MGA.2M23100477+1431337,apogee_apo25m_stars_090-42_MGA_2M23100477+1431337.fits
apogee.apo25m.stars.090+75.2M13270187+3913067,apogee_apo25m_stars_090+75_2M13270187+3913067.fits
apogee.apo25m.stars.094+00.2M21340112+5045030,apogee_apo25m_stars_094+00_2M21340112+5045030.fits
apogee.apo25m.stars.094+00.2M21344793+5054389,apogee_apo25m_stars_094+00_2M21344793+5054389.fits
apogee.apo25m.stars.090+59_MGA.2M14413194+5147235,apogee_apo25m_stars_090+59_MGA_2M14413194+5147235.fits
apogee.apo25m.stars.091+56_MGA.2M14413194+5147235,apogee_apo25m_stars_091+56_MGA_2M14413194+5147235.fits
apogee.apo25m.stars.091+56_MGA.2M14423585+5356302,apogee_apo25m_stars_091+56_MGA_2M14423585+5356302.fits
apogee.apo25m.stars.091-43_MGA.2M23161515+1300070,apogee_apo25m_stars_091-43_MGA_2M23161515+1300070.fits
apogee.apo25m.stars.091-43_MGA.2M23203891+1521025,apogee_apo25m_stars_091-43_MGA_2M23203891+1521025.fits
apogee.apo25m.stars.094-43_MGA.2M23203891+1521025,apogee_apo25m_stars_094-43_MGA_2M23203891+1521025.fits
apogee.apo25m.stars.090-42_MGA.2M23105858+1520457,apogee_apo25m_stars_090-42_MGA_2M23105858+1520457.fits
apogee.apo25m.stars.094+35_MGA.2M17093949+6501579,apogee_apo25m_stars_094+35_MGA_2M17093949+6501579.fits
apogee.apo25m.stars.CVZ_OB14_btx.2M17093949+6501579,apogee_apo25m_stars_CVZ_OB14_btx_2M17093949+6501579.fits
apogee.apo25m.stars.091-43_MGA.2M23204185+1518133,apogee_apo25m_stars_091-43_MGA_2M23204185+1518133.fits
apogee.apo25m.stars.091-43_MGA.2M23212266+1529496,apogee_apo25m_stars_091-43_MGA_2M23212266+1529496.fits
apogee.apo25m.stars.091-59_MGA.2M23455722+0032534,apogee_apo25m_stars_091-59_MGA_2M23455722+0032534.fits
apogee.apo25m.stars.091+56_MGA.2M14453042+5311351,apogee_apo25m_stars_091+56_MGA_2M14453042+5311351.fits
apogee.apo25m.stars.091+56_MGA.2M14453083+5326213,apogee_apo25m_stars_091+56_MGA_2M14453083+5326213.fits
apogee.apo25m.stars.091+56_MGA.2M14473274+5149424,apogee_apo25m_stars_091+56_MGA_2M14473274+5149424.fits
apogee.apo25m.stars.088+34_MGA.2M17285069+5954017,apogee_apo25m_stars_088+34_MGA_2M17285069+5954017.fits
apogee.apo25m.stars.094+61_MGA.2M14233741+5218160,apogee_apo25m_stars_094+61_MGA_2M14233741+5218160.fits
apogee.apo25m.stars.094+61_MGA.2M14245941+5159237,apogee_apo25m_stars_094+61_MGA_2M14245941+5159237.fits
apogee.apo25m.stars.093+36_MGA.2M17112185+6324280,apogee_apo25m_stars_093+36_MGA_2M17112185+6324280.fits
apogee.apo25m.stars.092+65_MGA.2M14034882+4815036,apogee_apo25m_stars_092+65_MGA_2M14034882+4815036.fits
apogee.apo25m.stars.093+63_MGA.2M14034882+4815036,apogee_apo25m_stars_093+63_MGA_2M14034882+4815036.fits
apogee.apo25m.stars.094+06.2M20525520+5548598,apogee_apo25m_stars_094+06_2M20525520+5548598.fits
apogee.apo25m.stars.094+06.2M20544858+5509408,apogee_apo25m_stars_094+06_2M20544858+5509408.fits
apogee.apo25m.stars.091-43_MGA.2M23205520+1522553,apogee_apo25m_stars_091-43_MGA_2M23205520+1522553.fits
apogee.apo25m.stars.091-59_MGA.2M23462102+0110415,apogee_apo25m_stars_091-59_MGA_2M23462102+0110415.fits
apogee.apo25m.stars.091-59_MGA.2M23463398-0109471,apogee_apo25m_stars_091-59_MGA_2M23463398-0109471.fits
apogee.apo25m.stars.091-59_MGA.2M23471763-0019507,apogee_apo25m_stars_091-59_MGA_2M23471763-0019507.fits
apogee.apo25m.stars.CVZTILE_095+34_btx.2M17142682+6523024,apogee_apo25m_stars_CVZTILE_095+34_btx_2M17142682+6523024.fits
apogee.apo25m.stars.094+35_MGA.2M17153246+6524449,apogee_apo25m_stars_094+35_MGA_2M17153246+6524449.fits
apogee.apo25m.stars.CVZTILE_095+34_btx.2M17165464+6515451,apogee_apo25m_stars_CVZTILE_095+34_btx_2M17165464+6515451.fits
apogee.apo25m.stars.093+63_MGA.2M14060065+4922313,apogee_apo25m_stars_093+63_MGA_2M14060065+4922313.fits
apogee.apo25m.stars.093+63_MGA.2M14063083+4946359,apogee_apo25m_stars_093+63_MGA_2M14063083+4946359.fits
apogee.apo25m.stars.093+63_MGA.2M14091252+4915339,apogee_apo25m_stars_093+63_MGA_2M14091252+4915339.fits
apogee.apo25m.stars.094-43_MGA.2M23205520+1522553,apogee_apo25m_stars_094-43_MGA_2M23205520+1522553.fits
apogee.apo25m.stars.093-43_MGA.2M23213107+1405446,apogee_apo25m_stars_093-43_MGA_2M23213107+1405446.fits
apogee.apo25m.stars.094-43_MGA.2M23213112+1440468,apogee_apo25m_stars_094-43_MGA_2M23213112+1440468.fits
apogee.apo25m.stars.093+63_MGA.2M14104871+4955136,apogee_apo25m_stars_093+63_MGA_2M14104871+4955136.fits
apogee.apo25m.stars.093+63_MGA.2M14131231+4913468,apogee_apo25m_stars_093+63_MGA_2M14131231+4913468.fits
apogee.apo25m.stars.093+63_MGA.2M14132721+4956168,apogee_apo25m_stars_093+63_MGA_2M14132721+4956168.fits
apogee.apo25m.stars.091-59_MGA.2M23505723+0026375,apogee_apo25m_stars_091-59_MGA_2M23505723+0026375.fits
apogee.apo25m.stars.091-59_MGA.2M23522016-0004321,apogee_apo25m_stars_091-59_MGA_2M23522016-0004321.fits
apogee.apo25m.stars.091-59_MGA.2M23533904+0018592,apogee_apo25m_stars_091-59_MGA_2M23533904+0018592.fits
apogee.apo25m.stars.094+35_MGA.2M17271573+6426157,apogee_apo25m_stars_094+35_MGA_2M17271573+6426157.fits
apogee.apo25m.stars.098+60_MGA.2M14211425+5258032,apogee_apo25m_stars_098+60_MGA_2M14211425+5258032.fits
apogee.apo25m.stars.094+61_MGA.2M14245941+5159237,apogee_apo25m_stars_094+61_MGA_2M14245941+5159237.fits
apogee.apo25m.stars.094-43_MGA.2M23222025+1517523,apogee_apo25m_stars_094-43_MGA_2M23222025+1517523.fits
apogee.apo25m.stars.093-43_MGA.2M23232626+1507414,apogee_apo25m_stars_093-43_MGA_2M23232626+1507414.fits
apogee.apo25m.stars.093-43_MGA.2M23245384+1502080,apogee_apo25m_stars_093-43_MGA_2M23245384+1502080.fits
apogee.apo25m.stars.094+58_MGA.2M14255951+5149450,apogee_apo25m_stars_094+58_MGA_2M14255951+5149450.fits
apogee.apo25m.stars.094+61_MGA.2M14255951+5149450,apogee_apo25m_stars_094+61_MGA_2M14255951+5149450.fits
apogee.apo25m.stars.094+58_MGA.2M14263622+5312298,apogee_apo25m_stars_094+58_MGA_2M14263622+5312298.fits
apogee.apo25m.stars.092+52_MGA.2M14561030+5614207,apogee_apo25m_stars_092+52_MGA_2M14561030+5614207.fits
apogee.apo25m.stars.092+52_MGA.2M15011295+5624084,apogee_apo25m_stars_092+52_MGA_2M15011295+5624084.fits
apogee.apo25m.stars.092+52_MGA.2M15023058+5717515,apogee_apo25m_stars_092+52_MGA_2M15023058+5717515.fits
apogee.apo25m.stars.094-43_MGA.2M23245384+1502080,apogee_apo25m_stars_094-43_MGA_2M23245384+1502080.fits
apogee.apo25m.stars.093-43_MGA.2M23260760+1414576,apogee_apo25m_stars_093-43_MGA_2M23260760+1414576.fits
apogee.apo25m.stars.094-43_MGA.2M23280030+1434376,apogee_apo25m_stars_094-43_MGA_2M23280030+1434376.fits
apogee.apo25m.stars.094+58_MGA.2M14264935+5209358,apogee_apo25m_stars_094+58_MGA_2M14264935+5209358.fits
apogee.apo25m.stars.094+58_MGA.2M14265436+5409246,apogee_apo25m_stars_094+58_MGA_2M14265436+5409246.fits
apogee.apo25m.stars.094+58_MGA.2M14272836+5359571,apogee_apo25m_stars_094+58_MGA_2M14272836+5359571.fits
apogee.apo25m.stars.094+58_MGA.2M14285204+5308513,apogee_apo25m_stars_094+58_MGA_2M14285204+5308513.fits
apogee.apo25m.stars.094+58_MGA.2M14294594+5431240,apogee_apo25m_stars_094+58_MGA_2M14294594+5431240.fits
apogee.apo25m.stars.094+58_MGA.2M14302001+5410369,apogee_apo25m_stars_094+58_MGA_2M14302001+5410369.fits
apogee.apo25m.stars.092+52_MGA.2M15090247+5707096,apogee_apo25m_stars_092+52_MGA_2M15090247+5707096.fits
apogee.apo25m.stars.092+52_MGA.2M15091801+5620257,apogee_apo25m_stars_092+52_MGA_2M15091801+5620257.fits
apogee.apo25m.stars.092+52_MGA.2M15101634+5659094,apogee_apo25m_stars_092+52_MGA_2M15101634+5659094.fits
apogee.apo25m.stars.093-43_MGA.2M23282563+1422445,apogee_apo25m_stars_093-43_MGA_2M23282563+1422445.fits
apogee.apo25m.stars.094-43_MGA.2M23282563+1422445,apogee_apo25m_stars_094-43_MGA_2M23282563+1422445.fits
apogee.apo25m.stars.094-43_MGA.2M23295990+1431105,apogee_apo25m_stars_094-43_MGA_2M23295990+1431105.fits
apogee.apo25m.stars.094+58_MGA.2M14304290+5419214,apogee_apo25m_stars_094+58_MGA_2M14304290+5419214.fits
apogee.apo25m.stars.094+58_MGA.2M14313660+5327189,apogee_apo25m_stars_094+58_MGA_2M14313660+5327189.fits
apogee.apo25m.stars.094+58_MGA.2M14324249+5231146,apogee_apo25m_stars_094+58_MGA_2M14324249+5231146.fits
apogee.apo25m.stars.092+52_MGA.2M15153153+5526553,apogee_apo25m_stars_092+52_MGA_2M15153153+5526553.fits
apogee.apo25m.stars.092+65_MGA.2M13581786+4639003,apogee_apo25m_stars_092+65_MGA_2M13581786+4639003.fits
apogee.apo25m.stars.092+65_MGA.2M13585343+4740270,apogee_apo25m_stars_092+65_MGA_2M13585343+4740270.fits
apogee.apo25m.stars.090+49_MGA.2M15293284+5721520,apogee_apo25m_stars_090+49_MGA_2M15293284+5721520.fits
apogee.apo25m.stars.090+49_MGA.2M15293316+5707386,apogee_apo25m_stars_090+49_MGA_2M15293316+5707386.fits
apogee.apo25m.stars.090+49_MGA.2M15304050+5529054,apogee_apo25m_stars_090+49_MGA_2M15304050+5529054.fits
apogee.apo25m.stars.094+58_MGA.2M14324341+5316037,apogee_apo25m_stars_094+58_MGA_2M14324341+5316037.fits
apogee.apo25m.stars.094+58_MGA.2M14330839+5238560,apogee_apo25m_stars_094+58_MGA_2M14330839+5238560.fits
apogee.apo25m.stars.090+59_MGA.2M14350823+5216338,apogee_apo25m_stars_090+59_MGA_2M14350823+5216338.fits
apogee.apo25m.stars.092+65_MGA.2M14000294+4746590,apogee_apo25m_stars_092+65_MGA_2M14000294+4746590.fits
apogee.apo25m.stars.090+67_MGA.2M14003164+4556348,apogee_apo25m_stars_090+67_MGA_2M14003164+4556348.fits
apogee.apo25m.stars.092+65_MGA.2M14003277+4735021,apogee_apo25m_stars_092+65_MGA_2M14003277+4735021.fits
apogee.apo25m.stars.093-43_MGA.2M23173945+1437042,apogee_apo25m_stars_093-43_MGA_2M23173945+1437042.fits
apogee.apo25m.stars.093-43_MGA.2M23195671+1520177,apogee_apo25m_stars_093-43_MGA_2M23195671+1520177.fits
apogee.apo25m.stars.091-43_MGA.2M23203891+1521025,apogee_apo25m_stars_091-43_MGA_2M23203891+1521025.fits
apogee.apo25m.stars.090+49_MGA.2M15310101+5725477,apogee_apo25m_stars_090+49_MGA_2M15310101+5725477.fits
apogee.apo25m.stars.090+49_MGA.2M15314357+5701421,apogee_apo25m_stars_090+49_MGA_2M15314357+5701421.fits
apogee.apo25m.stars.090+49_MGA.2M15324408+5549531,apogee_apo25m_stars_090+49_MGA_2M15324408+5549531.fits
apogee.apo25m.stars.094+58_MGA.2M14350823+5216338,apogee_apo25m_stars_094+58_MGA_2M14350823+5216338.fits
apogee.apo25m.stars.094+58_MGA.2M14361289+5351137,apogee_apo25m_stars_094+58_MGA_2M14361289+5351137.fits
apogee.apo25m.stars.094+58_MGA.2M14375622+5346003,apogee_apo25m_stars_094+58_MGA_2M14375622+5346003.fits
apogee.apo25m.stars.092+65_MGA.2M14022870+4545445,apogee_apo25m_stars_092+65_MGA_2M14022870+4545445.fits
apogee.apo25m.stars.092+65_MGA.2M14034882+4815036,apogee_apo25m_stars_092+65_MGA_2M14034882+4815036.fits
apogee.apo25m.stars.093+63_MGA.2M14034882+4815036,apogee_apo25m_stars_093+63_MGA_2M14034882+4815036.fits
apogee.apo25m.stars.094-43_MGA.2M23203891+1521025,apogee_apo25m_stars_094-43_MGA_2M23203891+1521025.fits
apogee.apo25m.stars.094-43_MGA.2M23210838+1447403,apogee_apo25m_stars_094-43_MGA_2M23210838+1447403.fits
apogee.apo25m.stars.091-43_MGA.2M23212266+1529496,apogee_apo25m_stars_091-43_MGA_2M23212266+1529496.fits
apogee.apo25m.stars.094+58_MGA.2M14383381+5324227,apogee_apo25m_stars_094+58_MGA_2M14383381+5324227.fits
apogee.apo25m.stars.094+58_MGA.2M14390975+5326032,apogee_apo25m_stars_094+58_MGA_2M14390975+5326032.fits
apogee.apo25m.stars.094+61_MGA.2M14124597+5128081,apogee_apo25m_stars_094+61_MGA_2M14124597+5128081.fits
apogee.apo25m.stars.090+49_MGA.2M15332526+5514407,apogee_apo25m_stars_090+49_MGA_2M15332526+5514407.fits
apogee.apo25m.stars.090+49_MGA.2M15350695+5608179,apogee_apo25m_stars_090+49_MGA_2M15350695+5608179.fits
apogee.apo25m.stars.090+49_MGA.2M15355508+5705246,apogee_apo25m_stars_090+49_MGA_2M15355508+5705246.fits
apogee.apo25m.stars.090+67_MGA.2M14050579+4550223,apogee_apo25m_stars_090+67_MGA_2M14050579+4550223.fits
apogee.apo25m.stars.092+65_MGA.2M14050579+4550223,apogee_apo25m_stars_092+65_MGA_2M14050579+4550223.fits
apogee.apo25m.stars.090+67_MGA.2M14050870+4612016,apogee_apo25m_stars_090+67_MGA_2M14050870+4612016.fits
apogee.apo25m.stars.090+49_MGA.2M15362344+5757576,apogee_apo25m_stars_090+49_MGA_2M15362344+5757576.fits
apogee.apo25m.stars.090+49_MGA.2M15362741+5750078,apogee_apo25m_stars_090+49_MGA_2M15362741+5750078.fits
apogee.apo25m.stars.090+49_MGA.2M15385423+5521244,apogee_apo25m_stars_090+49_MGA_2M15385423+5521244.fits
apogee.apo25m.stars.094-43_MGA.2M23213112+1440468,apogee_apo25m_stars_094-43_MGA_2M23213112+1440468.fits
apogee.apo25m.stars.094-43_MGA.2M23221963+1550496,apogee_apo25m_stars_094-43_MGA_2M23221963+1550496.fits
apogee.apo25m.stars.093-43_MGA.2M23223827+1429532,apogee_apo25m_stars_093-43_MGA_2M23223827+1429532.fits
apogee.apo25m.stars.094+61_MGA.2M14130332+5117542,apogee_apo25m_stars_094+61_MGA_2M14130332+5117542.fits
apogee.apo25m.stars.094+61_MGA.2M14142490+5117013,apogee_apo25m_stars_094+61_MGA_2M14142490+5117013.fits
apogee.apo25m.stars.094+61_MGA.2M14161774+5102463,apogee_apo25m_stars_094+61_MGA_2M14161774+5102463.fits
apogee.apo25m.stars.090+49_MGA.2M15391065+5724556,apogee_apo25m_stars_090+49_MGA_2M15391065+5724556.fits
apogee.apo25m.stars.090+49_MGA.2M15400466+5702358,apogee_apo25m_stars_090+49_MGA_2M15400466+5702358.fits
apogee.apo25m.stars.090+49_MGA.2M15434449+5729510,apogee_apo25m_stars_090+49_MGA_2M15434449+5729510.fits
apogee.apo25m.stars.092+65_MGA.2M14050870+4612016,apogee_apo25m_stars_092+65_MGA_2M14050870+4612016.fits
apogee.apo25m.stars.092+65_MGA.2M14052574+4713501,apogee_apo25m_stars_092+65_MGA_2M14052574+4713501.fits
apogee.apo25m.stars.092+65_MGA.2M14063263+4758330,apogee_apo25m_stars_092+65_MGA_2M14063263+4758330.fits
apogee.apo25m.stars.094+61_MGA.2M14191997+5200457,apogee_apo25m_stars_094+61_MGA_2M14191997+5200457.fits
apogee.apo25m.stars.094+61_MGA.2M14222151+5141494,apogee_apo25m_stars_094+61_MGA_2M14222151+5141494.fits
apogee.apo25m.stars.094+61_MGA.2M14223443+5152315,apogee_apo25m_stars_094+61_MGA_2M14223443+5152315.fits
apogee.apo25m.stars.092+65_MGA.2M14071001+4801397,apogee_apo25m_stars_092+65_MGA_2M14071001+4801397.fits
apogee.apo25m.stars.092+65_MGA.2M14074635+4608389,apogee_apo25m_stars_092+65_MGA_2M14074635+4608389.fits
apogee.apo25m.stars.092+65_MGA.2M14080647+4658051,apogee_apo25m_stars_092+65_MGA_2M14080647+4658051.fits
apogee.apo25m.stars.090+49_MGA.2M15440701+5639496,apogee_apo25m_stars_090+49_MGA_2M15440701+5639496.fits
apogee.apo25m.stars.090+59_MGA.2M14350823+5216338,apogee_apo25m_stars_090+59_MGA_2M14350823+5216338.fits
apogee.apo25m.stars.094+58_MGA.2M14350823+5216338,apogee_apo25m_stars_094+58_MGA_2M14350823+5216338.fits
apogee.apo25m.stars.092+65_MGA.2M14081367+4758525,apogee_apo25m_stars_092+65_MGA_2M14081367+4758525.fits
apogee.apo25m.stars.092+65_MGA.2M14095180+4745305,apogee_apo25m_stars_092+65_MGA_2M14095180+4745305.fits
apogee.apo25m.stars.092+72_MGA.2M13380843+4328598,apogee_apo25m_stars_092+72_MGA_2M13380843+4328598.fits
apogee.apo25m.stars.093-43_MGA.2M23232626+1507414,apogee_apo25m_stars_093-43_MGA_2M23232626+1507414.fits
apogee.apo25m.stars.093-43_MGA.2M23241649+1515130,apogee_apo25m_stars_093-43_MGA_2M23241649+1515130.fits
apogee.apo25m.stars.093-43_MGA.2M23245384+1502080,apogee_apo25m_stars_093-43_MGA_2M23245384+1502080.fits
apogee.apo25m.stars.098+60_MGA.2M14080216+5359037,apogee_apo25m_stars_098+60_MGA_2M14080216+5359037.fits
apogee.apo25m.stars.098+60_MGA.2M14092399+5225369,apogee_apo25m_stars_098+60_MGA_2M14092399+5225369.fits
apogee.apo25m.stars.098+60_MGA.2M14095881+5315346,apogee_apo25m_stars_098+60_MGA_2M14095881+5315346.fits
apogee.apo25m.stars.096+84_MGA.2M12584684+3138160,apogee_apo25m_stars_096+84_MGA_2M12584684+3138160.fits
apogee.apo25m.stars.096+84_MGA.2M13000712+3200059,apogee_apo25m_stars_096+84_MGA_2M13000712+3200059.fits
apogee.apo25m.stars.096+84_MGA.2M13001403+3154586,apogee_apo25m_stars_096+84_MGA_2M13001403+3154586.fits
apogee.apo25m.stars.090+59_MGA.2M14402425+5207066,apogee_apo25m_stars_090+59_MGA_2M14402425+5207066.fits
apogee.apo25m.stars.090+59_MGA.2M14452074+5202546,apogee_apo25m_stars_090+59_MGA_2M14452074+5202546.fits
apogee.apo25m.stars.091+56_MGA.2M14452074+5202546,apogee_apo25m_stars_091+56_MGA_2M14452074+5202546.fits
apogee.apo25m.stars.092+72_MGA.2M13402105+4309257,apogee_apo25m_stars_092+72_MGA_2M13402105+4309257.fits
apogee.apo25m.stars.092+72_MGA.2M13410648+4151550,apogee_apo25m_stars_092+72_MGA_2M13410648+4151550.fits
apogee.apo25m.stars.092+72_MGA.2M13413130+4102024,apogee_apo25m_stars_092+72_MGA_2M13413130+4102024.fits
apogee.apo25m.stars.094-43_MGA.2M23245384+1502080,apogee_apo25m_stars_094-43_MGA_2M23245384+1502080.fits
apogee.apo25m.stars.093-43_MGA.2M23260760+1414576,apogee_apo25m_stars_093-43_MGA_2M23260760+1414576.fits
apogee.apo25m.stars.093-43_MGA.2M23282563+1422445,apogee_apo25m_stars_093-43_MGA_2M23282563+1422445.fits
apogee.apo25m.stars.092+72_MGA.2M13414618+4244355,apogee_apo25m_stars_092+72_MGA_2M13414618+4244355.fits
apogee.apo25m.stars.092+72_MGA.2M13420854+4306116,apogee_apo25m_stars_092+72_MGA_2M13420854+4306116.fits
apogee.apo25m.stars.092+72_MGA.2M13421344+4334265,apogee_apo25m_stars_092+72_MGA_2M13421344+4334265.fits
apogee.apo25m.stars.098+60_MGA.2M14113797+5401067,apogee_apo25m_stars_098+60_MGA_2M14113797+5401067.fits
apogee.apo25m.stars.098+60_MGA.2M14140012+5243420,apogee_apo25m_stars_098+60_MGA_2M14140012+5243420.fits
apogee.apo25m.stars.098+60_MGA.2M14174581+5250215,apogee_apo25m_stars_098+60_MGA_2M14174581+5250215.fits
apogee.apo25m.stars.096+84_MGA.2M13015573+3321513,apogee_apo25m_stars_096+84_MGA_2M13015573+3321513.fits
apogee.apo25m.stars.098+00.2M21494137+5404244,apogee_apo25m_stars_098+00_2M21494137+5404244.fits
apogee.apo25m.stars.098+00.2M21524211+5431398,apogee_apo25m_stars_098+00_2M21524211+5431398.fits
apogee.apo25m.stars.092+72_MGA.2M13424126+4330420,apogee_apo25m_stars_092+72_MGA_2M13424126+4330420.fits
apogee.apo25m.stars.092+72_MGA.2M13432010+4110001,apogee_apo25m_stars_092+72_MGA_2M13432010+4110001.fits
apogee.apo25m.stars.092+72_MGA.2M13435311+4335591,apogee_apo25m_stars_092+72_MGA_2M13435311+4335591.fits
apogee.apo25m.stars.098+60_MGA.2M14211425+5258032,apogee_apo25m_stars_098+60_MGA_2M14211425+5258032.fits
apogee.apo25m.stars.094+58_MGA.2M14214637+5342139,apogee_apo25m_stars_094+58_MGA_2M14214637+5342139.fits
apogee.apo25m.stars.098+60_MGA.2M14214637+5342139,apogee_apo25m_stars_098+60_MGA_2M14214637+5342139.fits
apogee.apo25m.stars.092+72_MGA.2M13435630+4152555,apogee_apo25m_stars_092+72_MGA_2M13435630+4152555.fits
apogee.apo25m.stars.092+72_MGA.2M13441578+4342578,apogee_apo25m_stars_092+72_MGA_2M13441578+4342578.fits
apogee.apo25m.stars.092+72_MGA.2M13461032+4327272,apogee_apo25m_stars_092+72_MGA_2M13461032+4327272.fits
apogee.apo25m.stars.098+04.2M21292747+5715573,apogee_apo25m_stars_098+04_2M21292747+5715573.fits
apogee.apo25m.stars.102+61_MGA.2M14033582+5250146,apogee_apo25m_stars_102+61_MGA_2M14033582+5250146.fits
apogee.apo25m.stars.102+59_MGA.2M14040169+5346203,apogee_apo25m_stars_102+59_MGA_2M14040169+5346203.fits
apogee.apo25m.stars.098+63_MGA.2M13582477+5204237,apogee_apo25m_stars_098+63_MGA_2M13582477+5204237.fits
apogee.apo25m.stars.102+61_MGA.2M13582477+5204237,apogee_apo25m_stars_102+61_MGA_2M13582477+5204237.fits
apogee.apo25m.stars.098+63_MGA.2M13592826+5130400,apogee_apo25m_stars_098+63_MGA_2M13592826+5130400.fits
apogee.apo25m.stars.092+72_MGA.2M13465923+4137508,apogee_apo25m_stars_092+72_MGA_2M13465923+4137508.fits
apogee.apo25m.stars.092+72_MGA.2M13493000+4210009,apogee_apo25m_stars_092+72_MGA_2M13493000+4210009.fits
apogee.apo25m.stars.093+36_MGA.2M16545246+6332424,apogee_apo25m_stars_093+36_MGA_2M16545246+6332424.fits
apogee.apo25m.stars.098+63_MGA.2M14003053+4935206,apogee_apo25m_stars_098+63_MGA_2M14003053+4935206.fits
apogee.apo25m.stars.098+63_MGA.2M14024437+4949219,apogee_apo25m_stars_098+63_MGA_2M14024437+4949219.fits
apogee.apo25m.stars.093+63_MGA.2M14063083+4946359,apogee_apo25m_stars_093+63_MGA_2M14063083+4946359.fits
apogee.apo25m.stars.093+36_MGA.2M16562643+6248486,apogee_apo25m_stars_093+36_MGA_2M16562643+6248486.fits
apogee.apo25m.stars.093+36_MGA.2M16575704+6332565,apogee_apo25m_stars_093+36_MGA_2M16575704+6332565.fits
apogee.apo25m.stars.093+36_MGA.2M16582116+6213461,apogee_apo25m_stars_093+36_MGA_2M16582116+6213461.fits
apogee.apo25m.stars.093+36_MGA.2M17005816+6335457,apogee_apo25m_stars_093+36_MGA_2M17005816+6335457.fits
apogee.apo25m.stars.CVZTILE_093+37_btx.2M17014496+6434195,apogee_apo25m_stars_CVZTILE_093+37_btx_2M17014496+6434195.fits
apogee.apo25m.stars.093+36_MGA.2M17031085+6410401,apogee_apo25m_stars_093+36_MGA_2M17031085+6410401.fits
apogee.apo25m.stars.093+36_MGA.2M17034540+6413472,apogee_apo25m_stars_093+36_MGA_2M17034540+6413472.fits
apogee.apo25m.stars.093+36_MGA.2M17041590+6223053,apogee_apo25m_stars_093+36_MGA_2M17041590+6223053.fits
apogee.apo25m.stars.093+36_MGA.2M17044092+6433397,apogee_apo25m_stars_093+36_MGA_2M17044092+6433397.fits
apogee.apo25m.stars.092+52_MGA.2M15062469+5547110,apogee_apo25m_stars_092+52_MGA_2M15062469+5547110.fits
apogee.apo25m.stars.100+00.2M21503078+5517116,apogee_apo25m_stars_100+00_2M21503078+5517116.fits
apogee.apo25m.stars.100+00.2M21503775+5510319,apogee_apo25m_stars_100+00_2M21503775+5510319.fits
apogee.apo25m.stars.102+59_MGA.2M14032341+5341551,apogee_apo25m_stars_102+59_MGA_2M14032341+5341551.fits
apogee.apo25m.stars.102+59_MGA.2M14040169+5346203,apogee_apo25m_stars_102+59_MGA_2M14040169+5346203.fits
apogee.apo25m.stars.098+60_MGA.2M14080216+5359037,apogee_apo25m_stars_098+60_MGA_2M14080216+5359037.fits
apogee.apo25m.stars.098+60_MGA.2M14095881+5315346,apogee_apo25m_stars_098+60_MGA_2M14095881+5315346.fits
apogee.apo25m.stars.098+60_MGA.2M14113797+5401067,apogee_apo25m_stars_098+60_MGA_2M14113797+5401067.fits
apogee.apo25m.stars.102+59_MGA.2M14130689+5425515,apogee_apo25m_stars_102+59_MGA_2M14130689+5425515.fits
apogee.apo25m.stars.100+70_MGA.2M13323192+4514345,apogee_apo25m_stars_100+70_MGA_2M13323192+4514345.fits
apogee.apo25m.stars.100+70_MGA.2M13332363+4530434,apogee_apo25m_stars_100+70_MGA_2M13332363+4530434.fits
apogee.apo25m.stars.100+70_MGA.2M13353969+4549414,apogee_apo25m_stars_100+70_MGA_2M13353969+4549414.fits
apogee.apo25m.stars.094+61_MGA.2M14124597+5128081,apogee_apo25m_stars_094+61_MGA_2M14124597+5128081.fits
apogee.apo25m.stars.098-04.2M21584160+5125410,apogee_apo25m_stars_098-04_2M21584160+5125410.fits
apogee.apo25m.stars.100-60.2M00025395+0146229,apogee_apo25m_stars_100-60_2M00025395+0146229.fits
apogee.apo25m.stars.094-43_MGA.2M23282563+1422445,apogee_apo25m_stars_094-43_MGA_2M23282563+1422445.fits
apogee.apo25m.stars.100-06.2M22233773+5051336,apogee_apo25m_stars_100-06_2M22233773+5051336.fits
apogee.apo25m.stars.105+06.2M21534482+6250565,apogee_apo25m_stars_105+06_2M21534482+6250565.fits
apogee.apo25m.stars.094-43_MGA.2M23300138+1414308,apogee_apo25m_stars_094-43_MGA_2M23300138+1414308.fits
apogee.apo25m.stars.101-45_MGA.2M23450339+1549574,apogee_apo25m_stars_101-45_MGA_2M23450339+1549574.fits
apogee.apo25m.stars.101-45_MGA.2M23451271+1555279,apogee_apo25m_stars_101-45_MGA_2M23451271+1555279.fits
apogee.apo25m.stars.093+36_MGA.2M17083717+6341345,apogee_apo25m_stars_093+36_MGA_2M17083717+6341345.fits
apogee.apo25m.stars.014+89_MGA.2M12533531+2737033,apogee_apo25m_stars_014+89_MGA_2M12533531+2737033.fits
apogee.apo25m.stars.023+88_MGA.2M12533531+2737033,apogee_apo25m_stars_023+88_MGA_2M12533531+2737033.fits
apogee.apo25m.stars.102+61_MGA.2M14055872+5240136,apogee_apo25m_stars_102+61_MGA_2M14055872+5240136.fits
apogee.apo25m.stars.106+60_MGA.2M13422741+5513557,apogee_apo25m_stars_106+60_MGA_2M13422741+5513557.fits
apogee.apo25m.stars.106+60_MGA.2M13442890+5401128,apogee_apo25m_stars_106+60_MGA_2M13442890+5401128.fits
apogee.apo25m.stars.100+70_MGA.2M13363415+4635259,apogee_apo25m_stars_100+70_MGA_2M13363415+4635259.fits
apogee.apo25m.stars.100+70_MGA.2M13373784+4558508,apogee_apo25m_stars_100+70_MGA_2M13373784+4558508.fits
apogee.apo25m.stars.100+70_MGA.2M13384883+4447127,apogee_apo25m_stars_100+70_MGA_2M13384883+4447127.fits
apogee.apo25m.stars.102+59_MGA.2M14032341+5341551,apogee_apo25m_stars_102+59_MGA_2M14032341+5341551.fits
apogee.apo25m.stars.102+61_MGA.2M14033582+5250146,apogee_apo25m_stars_102+61_MGA_2M14033582+5250146.fits
apogee.apo25m.stars.102+59_MGA.2M14040169+5346203,apogee_apo25m_stars_102+59_MGA_2M14040169+5346203.fits
apogee.apo25m.stars.100-60.2M00100802+0112379,apogee_apo25m_stars_100-60_2M00100802+0112379.fits
apogee.apo25m.stars.100-60.2M00101328+0040019,apogee_apo25m_stars_100-60_2M00101328+0040019.fits
apogee.apo25m.stars.100-60.2M00114777+0019397,apogee_apo25m_stars_100-60_2M00114777+0019397.fits
apogee.apo25m.stars.101-45_MGA.2M23452249+1547174,apogee_apo25m_stars_101-45_MGA_2M23452249+1547174.fits
apogee.apo25m.stars.101-45_MGA.2M23463148+1349473,apogee_apo25m_stars_101-45_MGA_2M23463148+1349473.fits
apogee.apo25m.stars.101-45_MGA.2M23470125+1500572,apogee_apo25m_stars_101-45_MGA_2M23470125+1500572.fits
apogee.apo25m.stars.100+70_MGA.2M13411751+4437127,apogee_apo25m_stars_100+70_MGA_2M13411751+4437127.fits
apogee.apo25m.stars.100+70_MGA.2M13415827+4451591,apogee_apo25m_stars_100+70_MGA_2M13415827+4451591.fits
apogee.apo25m.stars.100-06.2M22175476+4918348,apogee_apo25m_stars_100-06_2M22175476+4918348.fits
apogee.apo25m.stars.101-45_MGA.2M23471208+1330237,apogee_apo25m_stars_101-45_MGA_2M23471208+1330237.fits
apogee.apo25m.stars.101-45_MGA.2M23473064+1345220,apogee_apo25m_stars_101-45_MGA_2M23473064+1345220.fits
apogee.apo25m.stars.101-45_MGA.2M23473120+1339062,apogee_apo25m_stars_101-45_MGA_2M23473120+1339062.fits
apogee.apo25m.stars.098+60_MGA.2M14053709+5352501,apogee_apo25m_stars_098+60_MGA_2M14053709+5352501.fits
apogee.apo25m.stars.102+61_MGA.2M14055872+5240136,apogee_apo25m_stars_102+61_MGA_2M14055872+5240136.fits
apogee.apo25m.stars.103+81_MGA.2M13005829+3522269,apogee_apo25m_stars_103+81_MGA_2M13005829+3522269.fits
apogee.apo25m.stars.101+89_MGA.2M12475239+2826502,apogee_apo25m_stars_101+89_MGA_2M12475239+2826502.fits
apogee.apo25m.stars.014+89_MGA.2M12503566+2636160,apogee_apo25m_stars_014+89_MGA_2M12503566+2636160.fits
apogee.apo25m.stars.045+89_MGA.2M12503566+2636160,apogee_apo25m_stars_045+89_MGA_2M12503566+2636160.fits
apogee.apo25m.stars.101-45_MGA.2M23490002+1406582,apogee_apo25m_stars_101-45_MGA_2M23490002+1406582.fits
apogee.apo25m.stars.101-45_MGA.2M23492904+1459429,apogee_apo25m_stars_101-45_MGA_2M23492904+1459429.fits
apogee.apo25m.stars.101-45_MGA.2M23493715+1601532,apogee_apo25m_stars_101-45_MGA_2M23493715+1601532.fits
apogee.apo25m.stars.053+88_MGA.2M12533531+2737033,apogee_apo25m_stars_053+88_MGA_2M12533531+2737033.fits
apogee.apo25m.stars.014+89_MGA.2M12542763+2639160,apogee_apo25m_stars_014+89_MGA_2M12542763+2639160.fits
apogee.apo25m.stars.040+88_MGA.2M12542763+2639160,apogee_apo25m_stars_040+88_MGA_2M12542763+2639160.fits
apogee.apo25m.stars.103+81_MGA.2M13023036+3547411,apogee_apo25m_stars_103+81_MGA_2M13023036+3547411.fits
apogee.apo25m.stars.103+81_MGA.2M13023526+3555491,apogee_apo25m_stars_103+81_MGA_2M13023526+3555491.fits
apogee.apo25m.stars.103+81_MGA.2M13060260+3421246,apogee_apo25m_stars_103+81_MGA_2M13060260+3421246.fits
apogee.apo25m.stars.101+89_MGA.2M12503566+2636160,apogee_apo25m_stars_101+89_MGA_2M12503566+2636160.fits
apogee.apo25m.stars.059+89_MGA.2M12503961+2814289,apogee_apo25m_stars_059+89_MGA_2M12503961+2814289.fits
apogee.apo25m.stars.077+89_MGA.2M12503961+2814289,apogee_apo25m_stars_077+89_MGA_2M12503961+2814289.fits
apogee.apo25m.stars.101-45_MGA.2M23501746+1443465,apogee_apo25m_stars_101-45_MGA_2M23501746+1443465.fits
apogee.apo25m.stars.101-45_MGA.2M23503276+1612367,apogee_apo25m_stars_101-45_MGA_2M23503276+1612367.fits
apogee.apo25m.stars.101-45_MGA.2M23512024+1548309,apogee_apo25m_stars_101-45_MGA_2M23512024+1548309.fits
apogee.apo25m.stars.049+90_MGA.2M12542763+2639160,apogee_apo25m_stars_049+90_MGA_2M12542763+2639160.fits
apogee.apo25m.stars.059+89_MGA.2M12542763+2639160,apogee_apo25m_stars_059+89_MGA_2M12542763+2639160.fits
apogee.apo25m.stars.077+89_MGA.2M12542763+2639160,apogee_apo25m_stars_077+89_MGA_2M12542763+2639160.fits
apogee.apo25m.stars.106+60_MGA.2M13450987+5403117,apogee_apo25m_stars_106+60_MGA_2M13450987+5403117.fits
apogee.apo25m.stars.106+63_MGA.2M13450987+5403117,apogee_apo25m_stars_106+63_MGA_2M13450987+5403117.fits
apogee.apo25m.stars.106+63_MGA.2M13480653+5353093,apogee_apo25m_stars_106+63_MGA_2M13480653+5353093.fits
apogee.apo25m.stars.103+81_MGA.2M13071937+3607588,apogee_apo25m_stars_103+81_MGA_2M13071937+3607588.fits
apogee.apo25m.stars.103+81_MGA.2M13072524+3424469,apogee_apo25m_stars_103+81_MGA_2M13072524+3424469.fits
apogee.apo25m.stars.103+81_MGA.2M13073661+3617396,apogee_apo25m_stars_103+81_MGA_2M13073661+3617396.fits
apogee.apo25m.stars.101+89_MGA.2M12503961+2814289,apogee_apo25m_stars_101+89_MGA_2M12503961+2814289.fits
apogee.apo25m.stars.045+89_MGA.2M12512629+2759211,apogee_apo25m_stars_045+89_MGA_2M12512629+2759211.fits
apogee.apo25m.stars.077+89_MGA.2M12512629+2759211,apogee_apo25m_stars_077+89_MGA_2M12512629+2759211.fits
apogee.apo25m.stars.319+88_MGA.2M12542763+2639160,apogee_apo25m_stars_319+88_MGA_2M12542763+2639160.fits
apogee.apo25m.stars.014+89_MGA.2M12550791+2742022,apogee_apo25m_stars_014+89_MGA_2M12550791+2742022.fits
apogee.apo25m.stars.023+88_MGA.2M12550791+2742022,apogee_apo25m_stars_023+88_MGA_2M12550791+2742022.fits
apogee.apo25m.stars.106+60_MGA.2M13495169+5523460,apogee_apo25m_stars_106+60_MGA_2M13495169+5523460.fits
apogee.apo25m.stars.106+60_MGA.2M13530345+5610373,apogee_apo25m_stars_106+60_MGA_2M13530345+5610373.fits
apogee.apo25m.stars.106+60_MGA.2M13530425+5627073,apogee_apo25m_stars_106+60_MGA_2M13530425+5627073.fits
apogee.apo25m.stars.040+88_MGA.2M12550791+2742022,apogee_apo25m_stars_040+88_MGA_2M12550791+2742022.fits
apogee.apo25m.stars.045+89_MGA.2M12550791+2742022,apogee_apo25m_stars_045+89_MGA_2M12550791+2742022.fits
apogee.apo25m.stars.053+88_MGA.2M12550791+2742022,apogee_apo25m_stars_053+88_MGA_2M12550791+2742022.fits
apogee.apo25m.stars.101-45_MGA.2M23542293+1425028,apogee_apo25m_stars_101-45_MGA_2M23542293+1425028.fits
apogee.apo25m.stars.106+60_MGA.2M13565017+5516143,apogee_apo25m_stars_106+60_MGA_2M13565017+5516143.fits
apogee.apo25m.stars.106+60_MGA.2M13570641+5445260,apogee_apo25m_stars_106+60_MGA_2M13570641+5445260.fits
apogee.apo25m.stars.103+81_MGA.2M13101357+3507289,apogee_apo25m_stars_103+81_MGA_2M13101357+3507289.fits
apogee.apo25m.stars.103+81_MGA.2M13104279+3508108,apogee_apo25m_stars_103+81_MGA_2M13104279+3508108.fits
apogee.apo25m.stars.103+81_MGA.2M13110189+3445270,apogee_apo25m_stars_103+81_MGA_2M13110189+3445270.fits
apogee.apo25m.stars.076+88_MGA.2M12550791+2742022,apogee_apo25m_stars_076+88_MGA_2M12550791+2742022.fits
apogee.apo25m.stars.077+89_MGA.2M12550791+2742022,apogee_apo25m_stars_077+89_MGA_2M12550791+2742022.fits
apogee.apo25m.stars.101+89_MGA.2M12550791+2742022,apogee_apo25m_stars_101+89_MGA_2M12550791+2742022.fits
apogee.apo25m.stars.106+60_MGA.2M13544234+5455323,apogee_apo25m_stars_106+60_MGA_2M13544234+5455323.fits
apogee.apo25m.stars.106+60_MGA.2M13570641+5445260,apogee_apo25m_stars_106+60_MGA_2M13570641+5445260.fits
apogee.apo25m.stars.106+63_MGA.2M13361067+5338128,apogee_apo25m_stars_106+63_MGA_2M13361067+5338128.fits
apogee.apo25m.stars.102+59_MGA.2M14020249+5536307,apogee_apo25m_stars_102+59_MGA_2M14020249+5536307.fits
apogee.apo25m.stars.102+59_MGA.2M14032177+5509149,apogee_apo25m_stars_102+59_MGA_2M14032177+5509149.fits
apogee.apo25m.stars.102+59_MGA.2M14032341+5341551,apogee_apo25m_stars_102+59_MGA_2M14032341+5341551.fits
apogee.apo25m.stars.110+61_MGA.2M13361067+5338128,apogee_apo25m_stars_110+61_MGA_2M13361067+5338128.fits
apogee.apo25m.stars.110+64_MGA.2M13361067+5338128,apogee_apo25m_stars_110+64_MGA_2M13361067+5338128.fits
apogee.apo25m.stars.106+63_MGA.2M13372614+5148176,apogee_apo25m_stars_106+63_MGA_2M13372614+5148176.fits
apogee.apo25m.stars.062+88_MGA.2M12561360+2903057,apogee_apo25m_stars_062+88_MGA_2M12561360+2903057.fits
apogee.apo25m.stars.101+89_MGA.2M12561360+2903057,apogee_apo25m_stars_101+89_MGA_2M12561360+2903057.fits
apogee.apo25m.stars.040+88_MGA.2M12571002+2825227,apogee_apo25m_stars_040+88_MGA_2M12571002+2825227.fits
apogee.apo25m.stars.110+64_MGA.2M13372614+5148176,apogee_apo25m_stars_110+64_MGA_2M13372614+5148176.fits
apogee.apo25m.stars.110+64_MGA.2M13381168+5208272,apogee_apo25m_stars_110+64_MGA_2M13381168+5208272.fits
apogee.apo25m.stars.106+63_MGA.2M13390744+5132011,apogee_apo25m_stars_106+63_MGA_2M13390744+5132011.fits
apogee.apo25m.stars.045+89_MGA.2M12571002+2825227,apogee_apo25m_stars_045+89_MGA_2M12571002+2825227.fits
apogee.apo25m.stars.076+88_MGA.2M12571002+2825227,apogee_apo25m_stars_076+88_MGA_2M12571002+2825227.fits
apogee.apo25m.stars.077+89_MGA.2M12571002+2825227,apogee_apo25m_stars_077+89_MGA_2M12571002+2825227.fits
apogee.apo25m.stars.106+63_MGA.2M13403831+5138016,apogee_apo25m_stars_106+63_MGA_2M13403831+5138016.fits
apogee.apo25m.stars.106+63_MGA.2M13405759+5211268,apogee_apo25m_stars_106+63_MGA_2M13405759+5211268.fits
apogee.apo25m.stars.106+60_MGA.2M13450987+5403117,apogee_apo25m_stars_106+60_MGA_2M13450987+5403117.fits
apogee.apo25m.stars.106+63_MGA.2M13450987+5403117,apogee_apo25m_stars_106+63_MGA_2M13450987+5403117.fits
apogee.apo25m.stars.106+63_MGA.2M13453046+5321014,apogee_apo25m_stars_106+63_MGA_2M13453046+5321014.fits
apogee.apo25m.stars.106+63_MGA.2M13453461+5312281,apogee_apo25m_stars_106+63_MGA_2M13453461+5312281.fits
apogee.apo25m.stars.106+63_MGA.2M13464118+5329543,apogee_apo25m_stars_106+63_MGA_2M13464118+5329543.fits
apogee.apo25m.stars.106+63_MGA.2M13480653+5353093,apogee_apo25m_stars_106+63_MGA_2M13480653+5353093.fits
apogee.apo25m.stars.106+63_MGA.2M13521812+5209062,apogee_apo25m_stars_106+63_MGA_2M13521812+5209062.fits
apogee.apo25m.stars.105+12.2M21234626+6735576,apogee_apo25m_stars_105+12_2M21234626+6735576.fits
apogee.apo25m.stars.CVZTILE_107+30_btx.2M17440713+7456470,apogee_apo25m_stars_CVZTILE_107+30_btx_2M17440713+7456470.fits
apogee.apo25m.stars.105+30.2M18051548+7508462,apogee_apo25m_stars_105+30_2M18051548+7508462.fits
apogee.apo25m.stars.105-30.2M23330578+3024492,apogee_apo25m_stars_105-30_2M23330578+3024492.fits
apogee.apo25m.stars.105-30.2M23351433+3059042,apogee_apo25m_stars_105-30_2M23351433+3059042.fits
apogee.apo25m.stars.105-30.2M23384308+3013338,apogee_apo25m_stars_105-30_2M23384308+3013338.fits
apogee.apo25m.stars.107-46_MGA.2M00002189+1514141,apogee_apo25m_stars_107-46_MGA_2M00002189+1514141.fits
apogee.apo25m.stars.107-46_MGA.2M00010920+1525123,apogee_apo25m_stars_107-46_MGA_2M00010920+1525123.fits
apogee.apo25m.stars.107-46_MGA.2M00012942+1508542,apogee_apo25m_stars_107-46_MGA_2M00012942+1508542.fits
apogee.apo25m.stars.102+59_MGA.2M14032720+5354004,apogee_apo25m_stars_102+59_MGA_2M14032720+5354004.fits
apogee.apo25m.stars.102+61_MGA.2M14032720+5354004,apogee_apo25m_stars_102+61_MGA_2M14032720+5354004.fits
apogee.apo25m.stars.102+59_MGA.2M14040169+5346203,apogee_apo25m_stars_102+59_MGA_2M14040169+5346203.fits
apogee.apo25m.stars.105-30.2M23393316+3038511,apogee_apo25m_stars_105-30_2M23393316+3038511.fits
apogee.apo25m.stars.105-30.2M23430403+2931003,apogee_apo25m_stars_105-30_2M23430403+2931003.fits
apogee.apo25m.stars.105-30.2M23435718+3017273,apogee_apo25m_stars_105-30_2M23435718+3017273.fits
apogee.apo25m.stars.102+59_MGA.2M14043156+5624109,apogee_apo25m_stars_102+59_MGA_2M14043156+5624109.fits
apogee.apo25m.stars.102+59_MGA.2M14063647+5551467,apogee_apo25m_stars_102+59_MGA_2M14063647+5551467.fits
apogee.apo25m.stars.102+59_MGA.2M14081988+5535417,apogee_apo25m_stars_102+59_MGA_2M14081988+5535417.fits
apogee.apo25m.stars.102+59_MGA.2M14105529+5503318,apogee_apo25m_stars_102+59_MGA_2M14105529+5503318.fits
apogee.apo25m.stars.102+61_MGA.2M13505344+5217515,apogee_apo25m_stars_102+61_MGA_2M13505344+5217515.fits
apogee.apo25m.stars.106+63_MGA.2M13505344+5217515,apogee_apo25m_stars_106+63_MGA_2M13505344+5217515.fits
apogee.apo25m.stars.102+61_MGA.2M13515320+5209385,apogee_apo25m_stars_102+61_MGA_2M13515320+5209385.fits
apogee.apo25m.stars.106+63_MGA.2M13515320+5209385,apogee_apo25m_stars_106+63_MGA_2M13515320+5209385.fits
apogee.apo25m.stars.102+61_MGA.2M13540815+5328310,apogee_apo25m_stars_102+61_MGA_2M13540815+5328310.fits
apogee.apo25m.stars.101+89_MGA.2M12512629+2759211,apogee_apo25m_stars_101+89_MGA_2M12512629+2759211.fits
apogee.apo25m.stars.NGP.2M12512629+2759211,apogee_apo25m_stars_NGP_2M12512629+2759211.fits
apogee.apo25m.stars.109+08.2M22193259+6531337,apogee_apo25m_stars_109+08_2M22193259+6531337.fits
apogee.apo25m.stars.104+77_btx.2M13081094+3742543,apogee_apo25m_stars_104+77_btx_2M13081094+3742543.fits
apogee.apo25m.stars.109+68_MGA.2M13145227+4822494,apogee_apo25m_stars_109+68_MGA_2M13145227+4822494.fits
apogee.apo25m.stars.109+68_MGA.2M13150045+4901105,apogee_apo25m_stars_109+68_MGA_2M13150045+4901105.fits
apogee.apo25m.stars.102+61_MGA.2M13551782+5315068,apogee_apo25m_stars_102+61_MGA_2M13551782+5315068.fits
apogee.apo25m.stars.102+61_MGA.2M13562010+5316442,apogee_apo25m_stars_102+61_MGA_2M13562010+5316442.fits
apogee.apo25m.stars.098+63_MGA.2M13582477+5204237,apogee_apo25m_stars_098+63_MGA_2M13582477+5204237.fits
apogee.apo25m.stars.110+60.2M13413946+5443258,apogee_apo25m_stars_110+60_2M13413946+5443258.fits
apogee.apo25m.stars.110+61_MGA.2M13413946+5443258,apogee_apo25m_stars_110+61_MGA_2M13413946+5443258.fits
apogee.apo25m.stars.106+60_MGA.2M13422741+5513557,apogee_apo25m_stars_106+60_MGA_2M13422741+5513557.fits
apogee.apo25m.stars.107-46_MGA.2M00034620+1411227,apogee_apo25m_stars_107-46_MGA_2M00034620+1411227.fits
apogee.apo25m.stars.107-46_MGA.2M00052261+1550510,apogee_apo25m_stars_107-46_MGA_2M00052261+1550510.fits
apogee.apo25m.stars.107-46_MGA.2M00060428+1428435,apogee_apo25m_stars_107-46_MGA_2M00060428+1428435.fits
apogee.apo25m.stars.101+89_MGA.2M12571002+2825227,apogee_apo25m_stars_101+89_MGA_2M12571002+2825227.fits
apogee.apo25m.stars.109-08.2M23143929+5229504,apogee_apo25m_stars_109-08_2M23143929+5229504.fits
apogee.apo25m.stars.110+60.2M13312609+5450535,apogee_apo25m_stars_110+60_2M13312609+5450535.fits
apogee.apo25m.stars.115+69_MGA.2M13150045+4901105,apogee_apo25m_stars_115+69_MGA_2M13150045+4901105.fits
apogee.apo25m.stars.109+68_MGA.2M13164910+4937536,apogee_apo25m_stars_109+68_MGA_2M13164910+4937536.fits
apogee.apo25m.stars.109+68_MGA.2M13175035+4909085,apogee_apo25m_stars_109+68_MGA_2M13175035+4909085.fits
apogee.apo25m.stars.102+61_MGA.2M13582477+5204237,apogee_apo25m_stars_102+61_MGA_2M13582477+5204237.fits
apogee.apo25m.stars.102+61_MGA.2M14002159+5237217,apogee_apo25m_stars_102+61_MGA_2M14002159+5237217.fits
apogee.apo25m.stars.098+63_MGA.2M14003681+5140282,apogee_apo25m_stars_098+63_MGA_2M14003681+5140282.fits
apogee.apo25m.stars.107-46_MGA.2M00060720+1452050,apogee_apo25m_stars_107-46_MGA_2M00060720+1452050.fits
apogee.apo25m.stars.107-46_MGA.2M00061222+1605244,apogee_apo25m_stars_107-46_MGA_2M00061222+1605244.fits
apogee.apo25m.stars.107-62_MGA.2M00171009+0031566,apogee_apo25m_stars_107-62_MGA_2M00171009+0031566.fits
apogee.apo25m.stars.114+62_MGA.2M13261482+5516292,apogee_apo25m_stars_114+62_MGA_2M13261482+5516292.fits
apogee.apo25m.stars.110+61_MGA.2M13330610+5601542,apogee_apo25m_stars_110+61_MGA_2M13330610+5601542.fits
apogee.apo25m.stars.110+61_MGA.2M13351564+5411488,apogee_apo25m_stars_110+61_MGA_2M13351564+5411488.fits
apogee.apo25m.stars.105-30.2M23442839+3002566,apogee_apo25m_stars_105-30_2M23442839+3002566.fits
apogee.apo25m.stars.105-30.2M23455238+3037342,apogee_apo25m_stars_105-30_2M23455238+3037342.fits
apogee.apo25m.stars.111+70_MGA.2M13194167+4644444,apogee_apo25m_stars_111+70_MGA_2M13194167+4644444.fits
apogee.apo25m.stars.107-62_MGA.2M00190636+0056269,apogee_apo25m_stars_107-62_MGA_2M00190636+0056269.fits
apogee.apo25m.stars.107-62_MGA.2M00192980-0006141,apogee_apo25m_stars_107-62_MGA_2M00192980-0006141.fits
apogee.apo25m.stars.107-62_MGA.2M00211030-0002026,apogee_apo25m_stars_107-62_MGA_2M00211030-0002026.fits
apogee.apo25m.stars.107-46_MGA.2M00020601+1601147,apogee_apo25m_stars_107-46_MGA_2M00020601+1601147.fits
apogee.apo25m.stars.110+66_MGA.2M13320953+5004065,apogee_apo25m_stars_110+66_MGA_2M13320953+5004065.fits
apogee.apo25m.stars.107-62_MGA.2M00214875+0112457,apogee_apo25m_stars_107-62_MGA_2M00214875+0112457.fits
apogee.apo25m.stars.111+70_MGA.2M13203701+4718477,apogee_apo25m_stars_111+70_MGA_2M13203701+4718477.fits
apogee.apo25m.stars.109+68_MGA.2M13234123+4821466,apogee_apo25m_stars_109+68_MGA_2M13234123+4821466.fits
apogee.apo25m.stars.109-04.2M23153104+5646287,apogee_apo25m_stars_109-04_2M23153104+5646287.fits
apogee.apo25m.stars.107-62_MGA.2M00214875+0112457,apogee_apo25m_stars_107-62_MGA_2M00214875+0112457.fits
apogee.apo25m.stars.107-62_MGA.2M00230042+0040285,apogee_apo25m_stars_107-62_MGA_2M00230042+0040285.fits
apogee.apo25m.stars.110-62_MGA.2M00230042+0040285,apogee_apo25m_stars_110-62_MGA_2M00230042+0040285.fits
apogee.apo25m.stars.113-04.2M23264947+5704403,apogee_apo25m_stars_113-04_2M23264947+5704403.fits
apogee.apo25m.stars.114+62_MGA.2M13141434+5418001,apogee_apo25m_stars_114+62_MGA_2M13141434+5418001.fits
apogee.apo25m.stars.114+62_MGA.2M13171442+5522216,apogee_apo25m_stars_114+62_MGA_2M13171442+5522216.fits
apogee.apo25m.stars.111+70_MGA.2M13203701+4718477,apogee_apo25m_stars_111+70_MGA_2M13203701+4718477.fits
apogee.apo25m.stars.111-47_MGA.2M00125045+1552435,apogee_apo25m_stars_111-47_MGA_2M00125045+1552435.fits
apogee.apo25m.stars.111-47_MGA.2M00133012+1535172,apogee_apo25m_stars_111-47_MGA_2M00133012+1535172.fits
apogee.apo25m.stars.110+61_MGA.2M13355655+5515291,apogee_apo25m_stars_110+61_MGA_2M13355655+5515291.fits
apogee.apo25m.stars.106+63_MGA.2M13361067+5338128,apogee_apo25m_stars_106+63_MGA_2M13361067+5338128.fits
apogee.apo25m.stars.110+61_MGA.2M13361067+5338128,apogee_apo25m_stars_110+61_MGA_2M13361067+5338128.fits
apogee.apo25m.stars.114+62_MGA.2M13215545+5526006,apogee_apo25m_stars_114+62_MGA_2M13215545+5526006.fits
apogee.apo25m.stars.114+62_MGA.2M13255888+5433505,apogee_apo25m_stars_114+62_MGA_2M13255888+5433505.fits
apogee.apo25m.stars.110+64_MGA.2M13260835+5318427,apogee_apo25m_stars_110+64_MGA_2M13260835+5318427.fits
apogee.apo25m.stars.110+64_MGA.2M13361067+5338128,apogee_apo25m_stars_110+64_MGA_2M13361067+5338128.fits
apogee.apo25m.stars.110+61_MGA.2M13382439+5423558,apogee_apo25m_stars_110+61_MGA_2M13382439+5423558.fits
apogee.apo25m.stars.106+63_MGA.2M13411646+5408546,apogee_apo25m_stars_106+63_MGA_2M13411646+5408546.fits
apogee.apo25m.stars.111-47_MGA.2M00152555+1455441,apogee_apo25m_stars_111-47_MGA_2M00152555+1455441.fits
apogee.apo25m.stars.111-47_MGA.2M00155795+1548160,apogee_apo25m_stars_111-47_MGA_2M00155795+1548160.fits
apogee.apo25m.stars.111-47_MGA.2M00164445+1333504,apogee_apo25m_stars_111-47_MGA_2M00164445+1333504.fits
apogee.apo25m.stars.107-62_MGA.2M00254396-0045052,apogee_apo25m_stars_107-62_MGA_2M00254396-0045052.fits
apogee.apo25m.stars.107-62_MGA.2M00273079-0018484,apogee_apo25m_stars_107-62_MGA_2M00273079-0018484.fits
apogee.apo25m.stars.109+00.2M22555922+5953401,apogee_apo25m_stars_109+00_2M22555922+5953401.fits
apogee.apo25m.stars.110+60.2M13413946+5443258,apogee_apo25m_stars_110+60_2M13413946+5443258.fits
apogee.apo25m.stars.110+61_MGA.2M13413946+5443258,apogee_apo25m_stars_110+61_MGA_2M13413946+5443258.fits
apogee.apo25m.stars.110+61_MGA.2M13415072+5611589,apogee_apo25m_stars_110+61_MGA_2M13415072+5611589.fits
apogee.apo25m.stars.111-47_MGA.2M00171366+1600013,apogee_apo25m_stars_111-47_MGA_2M00171366+1600013.fits
apogee.apo25m.stars.111-47_MGA.2M00174050+1555204,apogee_apo25m_stars_111-47_MGA_2M00174050+1555204.fits
apogee.apo25m.stars.111-47_MGA.2M00174258+1536567,apogee_apo25m_stars_111-47_MGA_2M00174258+1536567.fits
apogee.apo25m.stars.106+60_MGA.2M13435813+5359297,apogee_apo25m_stars_106+60_MGA_2M13435813+5359297.fits
apogee.apo25m.stars.106+63_MGA.2M13435813+5359297,apogee_apo25m_stars_106+63_MGA_2M13435813+5359297.fits
apogee.apo25m.stars.110+64_MGA.2M13260244+5121057,apogee_apo25m_stars_110+64_MGA_2M13260244+5121057.fits
apogee.apo25m.stars.110-60.2M00215136+0315194,apogee_apo25m_stars_110-60_2M00215136+0315194.fits
apogee.apo25m.stars.110-60.2M00253675+0254566,apogee_apo25m_stars_110-60_2M00253675+0254566.fits
apogee.apo25m.stars.110-60.2M00303926+0204081,apogee_apo25m_stars_110-60_2M00303926+0204081.fits
apogee.apo25m.stars.111-47_MGA.2M00185664+1547018,apogee_apo25m_stars_111-47_MGA_2M00185664+1547018.fits
apogee.apo25m.stars.111-47_MGA.2M00190291+1500010,apogee_apo25m_stars_111-47_MGA_2M00190291+1500010.fits
apogee.apo25m.stars.111-47_MGA.2M00200031+1551481,apogee_apo25m_stars_111-47_MGA_2M00200031+1551481.fits
apogee.apo25m.stars.111-47_MGA.2M00200829+1552434,apogee_apo25m_stars_111-47_MGA_2M00200829+1552434.fits
apogee.apo25m.stars.111-47_MGA.2M00212192+1441188,apogee_apo25m_stars_111-47_MGA_2M00212192+1441188.fits
apogee.apo25m.stars.113+00.2M23170680+6113078,apogee_apo25m_stars_113+00_2M23170680+6113078.fits
apogee.apo25m.stars.110-60.2M00310648+0224163,apogee_apo25m_stars_110-60_2M00310648+0224163.fits
apogee.apo25m.stars.107-62_MGA.2M00254396-0045052,apogee_apo25m_stars_107-62_MGA_2M00254396-0045052.fits
apogee.apo25m.stars.110-62_MGA.2M00271105-0112394,apogee_apo25m_stars_110-62_MGA_2M00271105-0112394.fits
apogee.apo25m.stars.110+66_MGA.2M13260244+5121057,apogee_apo25m_stars_110+66_MGA_2M13260244+5121057.fits
apogee.apo25m.stars.110+64_MGA.2M13315610+5330074,apogee_apo25m_stars_110+64_MGA_2M13315610+5330074.fits
apogee.apo25m.stars.106+63_MGA.2M13361067+5338128,apogee_apo25m_stars_106+63_MGA_2M13361067+5338128.fits
apogee.apo25m.stars.110+61_MGA.2M13361067+5338128,apogee_apo25m_stars_110+61_MGA_2M13361067+5338128.fits
apogee.apo25m.stars.110+64_MGA.2M13361067+5338128,apogee_apo25m_stars_110+64_MGA_2M13361067+5338128.fits
apogee.apo25m.stars.106+63_MGA.2M13372614+5148176,apogee_apo25m_stars_106+63_MGA_2M13372614+5148176.fits
apogee.apo25m.stars.110+64_MGA.2M13372614+5148176,apogee_apo25m_stars_110+64_MGA_2M13372614+5148176.fits
apogee.apo25m.stars.106+63_MGA.2M13373229+5156269,apogee_apo25m_stars_106+63_MGA_2M13373229+5156269.fits
apogee.apo25m.stars.110+64_MGA.2M13383183+5309220,apogee_apo25m_stars_110+64_MGA_2M13383183+5309220.fits
apogee.apo25m.stars.110-62_MGA.2M00280279+0052463,apogee_apo25m_stars_110-62_MGA_2M00280279+0052463.fits
apogee.apo25m.stars.110-62_MGA.2M00305094+0044551,apogee_apo25m_stars_110-62_MGA_2M00305094+0044551.fits
apogee.apo25m.stars.111+70_MGA.2M13073925+4640227,apogee_apo25m_stars_111+70_MGA_2M13073925+4640227.fits
apogee.apo25m.stars.109+68_MGA.2M13215992+4952096,apogee_apo25m_stars_109+68_MGA_2M13215992+4952096.fits
apogee.apo25m.stars.110+64_MGA.2M13253371+5128135,apogee_apo25m_stars_110+64_MGA_2M13253371+5128135.fits
apogee.apo25m.stars.110+66_MGA.2M13253774+5008491,apogee_apo25m_stars_110+66_MGA_2M13253774+5008491.fits
apogee.apo25m.stars.115+71_MGA.2M13073925+4640227,apogee_apo25m_stars_115+71_MGA_2M13073925+4640227.fits
apogee.apo25m.stars.115+71_MGA.2M13093949+4624310,apogee_apo25m_stars_115+71_MGA_2M13093949+4624310.fits
apogee.apo25m.stars.115+71_MGA.2M13110722+4537515,apogee_apo25m_stars_115+71_MGA_2M13110722+4537515.fits
apogee.apo25m.stars.115+69_MGA.2M13123586+4724077,apogee_apo25m_stars_115+69_MGA_2M13123586+4724077.fits
apogee.apo25m.stars.115+71_MGA.2M13131215+4535282,apogee_apo25m_stars_115+71_MGA_2M13131215+4535282.fits
apogee.apo25m.stars.115+69_MGA.2M13132667+4711169,apogee_apo25m_stars_115+69_MGA_2M13132667+4711169.fits
apogee.apo25m.stars.115+71_MGA.2M13133417+4510026,apogee_apo25m_stars_115+71_MGA_2M13133417+4510026.fits
apogee.apo25m.stars.115+69_MGA.2M13141959+4746005,apogee_apo25m_stars_115+69_MGA_2M13141959+4746005.fits
apogee.apo25m.stars.115+69_MGA.2M13145410+4802097,apogee_apo25m_stars_115+69_MGA_2M13145410+4802097.fits
apogee.apo25m.stars.110+60.2M13334475+5503382,apogee_apo25m_stars_110+60_2M13334475+5503382.fits
apogee.apo25m.stars.115+71_MGA.2M13014091+4710570,apogee_apo25m_stars_115+71_MGA_2M13014091+4710570.fits
apogee.apo25m.stars.115+71_MGA.2M13025418+4447247,apogee_apo25m_stars_115+71_MGA_2M13025418+4447247.fits
apogee.apo25m.stars.119+65_MGA.2M13031555+5231325,apogee_apo25m_stars_119+65_MGA_2M13031555+5231325.fits
apogee.apo25m.stars.119+63_MGA.2M13043311+5433308,apogee_apo25m_stars_119+63_MGA_2M13043311+5433308.fits
apogee.apo25m.stars.119+63_MGA.2M13043794+5431071,apogee_apo25m_stars_119+63_MGA_2M13043794+5431071.fits
apogee.apo25m.stars.116+00.2M23501349+6214151,apogee_apo25m_stars_116+00_2M23501349+6214151.fits
apogee.apo25m.stars.116+00.2M23513102+6227435,apogee_apo25m_stars_116+00_2M23513102+6227435.fits
apogee.apo25m.stars.116+00.2M23521360+6230217,apogee_apo25m_stars_116+00_2M23521360+6230217.fits
apogee.apo25m.stars.116-04.2M23563768+5654165,apogee_apo25m_stars_116-04_2M23563768+5654165.fits
apogee.apo25m.stars.116-04.2M23570530+5846535,apogee_apo25m_stars_116-04_2M23570530+5846535.fits
apogee.apo25m.stars.116-63_MGA.2M00361914+0037303,apogee_apo25m_stars_116-63_MGA_2M00361914+0037303.fits
apogee.apo25m.stars.115+64_MGA.2M13060559+5227180,apogee_apo25m_stars_115+64_MGA_2M13060559+5227180.fits
apogee.apo25m.stars.115+64_MGA.2M13131765+5054100,apogee_apo25m_stars_115+64_MGA_2M13131765+5054100.fits
apogee.apo25m.stars.115+66_MGA.2M13131765+5054100,apogee_apo25m_stars_115+66_MGA_2M13131765+5054100.fits
apogee.apo25m.stars.115+71_MGA.2M13034811+4627164,apogee_apo25m_stars_115+71_MGA_2M13034811+4627164.fits
apogee.apo25m.stars.115+71_MGA.2M13040658+4702522,apogee_apo25m_stars_115+71_MGA_2M13040658+4702522.fits
apogee.apo25m.stars.115+71_MGA.2M13050569+4703464,apogee_apo25m_stars_115+71_MGA_2M13050569+4703464.fits
apogee.apo25m.stars.116+00.2M23573982+6140050,apogee_apo25m_stars_116+00_2M23573982+6140050.fits
apogee.apo25m.stars.116+04.2M23450016+6607280,apogee_apo25m_stars_116+04_2M23450016+6607280.fits
apogee.apo25m.stars.116+04.2M23465655+6602490,apogee_apo25m_stars_116+04_2M23465655+6602490.fits
apogee.apo25m.stars.115+64_MGA.2M13051525+5236593,apogee_apo25m_stars_115+64_MGA_2M13051525+5236593.fits
apogee.apo25m.stars.119+63_MGA.2M13074475+5445467,apogee_apo25m_stars_119+63_MGA_2M13074475+5445467.fits
apogee.apo25m.stars.119+65_MGA.2M12551415+5216150,apogee_apo25m_stars_119+65_MGA_2M12551415+5216150.fits
apogee.apo25m.stars.115+64_MGA.2M13132971+5233292,apogee_apo25m_stars_115+64_MGA_2M13132971+5233292.fits
apogee.apo25m.stars.115+66_MGA.2M13025767+5053245,apogee_apo25m_stars_115+66_MGA_2M13025767+5053245.fits
apogee.apo25m.stars.119+67_MGA.2M13025767+5053245,apogee_apo25m_stars_119+67_MGA_2M13025767+5053245.fits
apogee.apo25m.stars.122+64_MGA.2M12551415+5216150,apogee_apo25m_stars_122+64_MGA_2M12551415+5216150.fits
apogee.apo25m.stars.119+65_MGA.2M12560469+5251527,apogee_apo25m_stars_119+65_MGA_2M12560469+5251527.fits
apogee.apo25m.stars.119+63_MGA.2M12593818+5246186,apogee_apo25m_stars_119+63_MGA_2M12593818+5246186.fits
apogee.apo25m.stars.115+71_MGA.2M13082606+4442177,apogee_apo25m_stars_115+71_MGA_2M13082606+4442177.fits
apogee.apo25m.stars.115+71_MGA.2M13110514+4529018,apogee_apo25m_stars_115+71_MGA_2M13110514+4529018.fits
apogee.apo25m.stars.115+71_MGA.2M13131215+4535282,apogee_apo25m_stars_115+71_MGA_2M13131215+4535282.fits
apogee.apo25m.stars.115+66_MGA.2M13051259+4932511,apogee_apo25m_stars_115+66_MGA_2M13051259+4932511.fits
apogee.apo25m.stars.115+69_MGA.2M13051259+4932511,apogee_apo25m_stars_115+69_MGA_2M13051259+4932511.fits
apogee.apo25m.stars.115+66_MGA.2M13063061+4923062,apogee_apo25m_stars_115+66_MGA_2M13063061+4923062.fits
apogee.apo25m.stars.119+65_MGA.2M12594767+5044238,apogee_apo25m_stars_119+65_MGA_2M12594767+5044238.fits
apogee.apo25m.stars.119+67_MGA.2M12594767+5044238,apogee_apo25m_stars_119+67_MGA_2M12594767+5044238.fits
apogee.apo25m.stars.119+67_MGA.2M13034979+5114389,apogee_apo25m_stars_119+67_MGA_2M13034979+5114389.fits
apogee.apo25m.stars.115+71_MGA.2M13133417+4510026,apogee_apo25m_stars_115+71_MGA_2M13133417+4510026.fits
apogee.apo25m.stars.115+71_MGA.2M13134951+4625541,apogee_apo25m_stars_115+71_MGA_2M13134951+4625541.fits
apogee.apo25m.stars.115-48_MGA.2M00241695+1546224,apogee_apo25m_stars_115-48_MGA_2M00241695+1546224.fits
apogee.apo25m.stars.115+69_MGA.2M13063061+4923062,apogee_apo25m_stars_115+69_MGA_2M13063061+4923062.fits
apogee.apo25m.stars.115+66_MGA.2M13091003+5054484,apogee_apo25m_stars_115+66_MGA_2M13091003+5054484.fits
apogee.apo25m.stars.115+66_MGA.2M13102165+5148345,apogee_apo25m_stars_115+66_MGA_2M13102165+5148345.fits
apogee.apo25m.stars.116-63_MGA.2M00362620-0057081,apogee_apo25m_stars_116-63_MGA_2M00362620-0057081.fits
apogee.apo25m.stars.116-63_MGA.2M00404224+0123169,apogee_apo25m_stars_116-63_MGA_2M00404224+0123169.fits
apogee.apo25m.stars.117+01.2M23552426+6425085,apogee_apo25m_stars_117+01_2M23552426+6425085.fits
apogee.apo25m.stars.115-48_MGA.2M00245734+1523452,apogee_apo25m_stars_115-48_MGA_2M00245734+1523452.fits
apogee.apo25m.stars.115-48_MGA.2M00251445+1520234,apogee_apo25m_stars_115-48_MGA_2M00251445+1520234.fits
apogee.apo25m.stars.115-48_MGA.2M00262604+1611381,apogee_apo25m_stars_115-48_MGA_2M00262604+1611381.fits
apogee.apo25m.stars.115+69_MGA.2M13115426+4909222,apogee_apo25m_stars_115+69_MGA_2M13115426+4909222.fits
apogee.apo25m.stars.115+64_MGA.2M13131765+5054100,apogee_apo25m_stars_115+64_MGA_2M13131765+5054100.fits
apogee.apo25m.stars.115+66_MGA.2M13131765+5054100,apogee_apo25m_stars_115+66_MGA_2M13131765+5054100.fits
apogee.apo25m.stars.115+64_MGA.2M13044555+5253163,apogee_apo25m_stars_115+64_MGA_2M13044555+5253163.fits
apogee.apo25m.stars.119+67_MGA.2M13065734+5130489,apogee_apo25m_stars_119+67_MGA_2M13065734+5130489.fits
apogee.apo25m.stars.119+67_MGA.2M12551686+4948066,apogee_apo25m_stars_119+67_MGA_2M12551686+4948066.fits
apogee.apo25m.stars.115+66_MGA.2M13132930+5025381,apogee_apo25m_stars_115+66_MGA_2M13132930+5025381.fits
apogee.apo25m.stars.115+66_MGA.2M13134685+5139089,apogee_apo25m_stars_115+66_MGA_2M13134685+5139089.fits
apogee.apo25m.stars.115+66_MGA.2M13151840+5026419,apogee_apo25m_stars_115+66_MGA_2M13151840+5026419.fits
apogee.apo25m.stars.117+01.2M23554813+6426494,apogee_apo25m_stars_117+01_2M23554813+6426494.fits
apogee.apo25m.stars.119+63_MGA.2M12593818+5246186,apogee_apo25m_stars_119+63_MGA_2M12593818+5246186.fits
apogee.apo25m.stars.119+63_MGA.2M12593820+5451285,apogee_apo25m_stars_119+63_MGA_2M12593820+5451285.fits
apogee.apo25m.stars.124+67_MGA.2M12551686+4948066,apogee_apo25m_stars_124+67_MGA_2M12551686+4948066.fits
apogee.apo25m.stars.119+67_MGA.2M12572147+5107470,apogee_apo25m_stars_119+67_MGA_2M12572147+5107470.fits
apogee.apo25m.stars.119+67_MGA.2M13061698+4944426,apogee_apo25m_stars_119+67_MGA_2M13061698+4944426.fits
apogee.apo25m.stars.115-48_MGA.2M00271230+1521578,apogee_apo25m_stars_115-48_MGA_2M00271230+1521578.fits
apogee.apo25m.stars.115-48_MGA.2M00281156+1443398,apogee_apo25m_stars_115-48_MGA_2M00281156+1443398.fits
apogee.apo25m.stars.115-48_MGA.2M00331016+1500298,apogee_apo25m_stars_115-48_MGA_2M00331016+1500298.fits
apogee.apo25m.stars.115+66_MGA.2M13170902+5132107,apogee_apo25m_stars_115+66_MGA_2M13170902+5132107.fits
apogee.apo25m.stars.115+69_MGA.2M13031348+4912075,apogee_apo25m_stars_115+69_MGA_2M13031348+4912075.fits
apogee.apo25m.stars.115+71_MGA.2M13050569+4703464,apogee_apo25m_stars_115+71_MGA_2M13050569+4703464.fits
apogee.apo25m.stars.119+67_MGA.2M13073635+4936216,apogee_apo25m_stars_119+67_MGA_2M13073635+4936216.fits
apogee.apo25m.stars.115+66_MGA.2M13075102+5028205,apogee_apo25m_stars_115+66_MGA_2M13075102+5028205.fits
apogee.apo25m.stars.119+67_MGA.2M13075102+5028205,apogee_apo25m_stars_119+67_MGA_2M13075102+5028205.fits
apogee.apo25m.stars.115+66_MGA.2M13051259+4932511,apogee_apo25m_stars_115+66_MGA_2M13051259+4932511.fits
apogee.apo25m.stars.115+69_MGA.2M13051259+4932511,apogee_apo25m_stars_115+69_MGA_2M13051259+4932511.fits
apogee.apo25m.stars.119+67_MGA.2M13073635+4936216,apogee_apo25m_stars_119+67_MGA_2M13073635+4936216.fits
apogee.apo25m.stars.110+64_MGA.2M13260244+5121057,apogee_apo25m_stars_110+64_MGA_2M13260244+5121057.fits
apogee.apo25m.stars.110+66_MGA.2M13260244+5121057,apogee_apo25m_stars_110+66_MGA_2M13260244+5121057.fits
apogee.apo25m.stars.120+04.2M00174661+6520167,apogee_apo25m_stars_120+04_2M00174661+6520167.fits
apogee.apo25m.stars.115+69_MGA.2M13082605+4859548,apogee_apo25m_stars_115+69_MGA_2M13082605+4859548.fits
apogee.apo25m.stars.115+69_MGA.2M13100137+4917294,apogee_apo25m_stars_115+69_MGA_2M13100137+4917294.fits
apogee.apo25m.stars.115+69_MGA.2M13113032+4832061,apogee_apo25m_stars_115+69_MGA_2M13113032+4832061.fits
apogee.apo25m.stars.120+04.2M00184198+6700096,apogee_apo25m_stars_120+04_2M00184198+6700096.fits
apogee.apo25m.stars.120+04.2M00241445+6709109,apogee_apo25m_stars_120+04_2M00241445+6709109.fits
apogee.apo25m.stars.120+04.2M00262510+6657205,apogee_apo25m_stars_120+04_2M00262510+6657205.fits
apogee.apo25m.stars.115+69_MGA.2M13115426+4909222,apogee_apo25m_stars_115+69_MGA_2M13115426+4909222.fits
apogee.apo25m.stars.115+69_MGA.2M13132667+4711169,apogee_apo25m_stars_115+69_MGA_2M13132667+4711169.fits
apogee.apo25m.stars.115+69_MGA.2M13141959+4746005,apogee_apo25m_stars_115+69_MGA_2M13141959+4746005.fits
apogee.apo25m.stars.120+00.2M00152487+6237296,apogee_apo25m_stars_120+00_2M00152487+6237296.fits
apogee.apo25m.stars.120+00.2M00200278+6304334,apogee_apo25m_stars_120+00_2M00200278+6304334.fits
apogee.apo25m.stars.120+00.2M00255011+6343565,apogee_apo25m_stars_120+00_2M00255011+6343565.fits
apogee.apo25m.stars.115+69_MGA.2M13145410+4802097,apogee_apo25m_stars_115+69_MGA_2M13145410+4802097.fits
apogee.apo25m.stars.109+68_MGA.2M13150045+4901105,apogee_apo25m_stars_109+68_MGA_2M13150045+4901105.fits
apogee.apo25m.stars.115+69_MGA.2M13150045+4901105,apogee_apo25m_stars_115+69_MGA_2M13150045+4901105.fits
apogee.apo25m.stars.115-48_MGA.2M00340060+1409057,apogee_apo25m_stars_115-48_MGA_2M00340060+1409057.fits
apogee.apo25m.stars.120+30.2M14380824+8616056,apogee_apo25m_stars_120+30_2M14380824+8616056.fits
apogee.apo25m.stars.120+30.2M14542074+8624410,apogee_apo25m_stars_120+30_2M14542074+8624410.fits
apogee.apo25m.stars.120+08.2M00043259+7052407,apogee_apo25m_stars_120+08_2M00043259+7052407.fits
apogee.apo25m.stars.120+08.2M00094172+7103022,apogee_apo25m_stars_120+08_2M00094172+7103022.fits
apogee.apo25m.stars.120+08.2M00182336+7127316,apogee_apo25m_stars_120+08_2M00182336+7127316.fits
apogee.apo25m.stars.119+63_MGA.2M13014363+5436177,apogee_apo25m_stars_119+63_MGA_2M13014363+5436177.fits
apogee.apo25m.stars.120+30.2M14183286+8651366,apogee_apo25m_stars_120+30_2M14183286+8651366.fits
apogee.apo25m.stars.120+30.2M14215441+8634205,apogee_apo25m_stars_120+30_2M14215441+8634205.fits
apogee.apo25m.stars.120+30.2M14560364+8610494,apogee_apo25m_stars_120+30_2M14560364+8610494.fits
apogee.apo25m.stars.120+30.2M15294885+8622527,apogee_apo25m_stars_120+30_2M15294885+8622527.fits
apogee.apo25m.stars.120+30.2M15332470+8718539,apogee_apo25m_stars_120+30_2M15332470+8718539.fits
apogee.apo25m.stars.120+08.2M00244245+7156174,apogee_apo25m_stars_120+08_2M00244245+7156174.fits
apogee.apo25m.stars.120+08.2M00244607+7157203,apogee_apo25m_stars_120+08_2M00244607+7157203.fits
apogee.apo25m.stars.120+08.2M00313539+7117361,apogee_apo25m_stars_120+08_2M00313539+7117361.fits
apogee.apo25m.stars.120+04.2M00293185+6728302,apogee_apo25m_stars_120+04_2M00293185+6728302.fits
apogee.apo25m.stars.120+67_btx.2M13033116+4924320,apogee_apo25m_stars_120+67_btx_2M13033116+4924320.fits
apogee.apo25m.stars.120+75.2M13013067+4243542,apogee_apo25m_stars_120+75_2M13013067+4243542.fits
apogee.apo25m.stars.120-04.2M00291283+5855259,apogee_apo25m_stars_120-04_2M00291283+5855259.fits
apogee.apo25m.stars.120-04.2M00321239+5852025,apogee_apo25m_stars_120-04_2M00321239+5852025.fits
apogee.apo25m.stars.120-04.2M00370639+5901058,apogee_apo25m_stars_120-04_2M00370639+5901058.fits
apogee.apo25m.stars.120+30.2M16045047+8445589,apogee_apo25m_stars_120+30_2M16045047+8445589.fits
apogee.apo25m.stars.120+30.2M16144507+8703534,apogee_apo25m_stars_120+30_2M16144507+8703534.fits
apogee.apo25m.stars.120+30.2M16193010+8715224,apogee_apo25m_stars_120+30_2M16193010+8715224.fits
apogee.apo25m.stars.119-48_MGA.2M00361329+1545529,apogee_apo25m_stars_119-48_MGA_2M00361329+1545529.fits
apogee.apo25m.stars.119-48_MGA.2M00380451+1341518,apogee_apo25m_stars_119-48_MGA_2M00380451+1341518.fits
apogee.apo25m.stars.119+67_MGA.2M12531727+5108306,apogee_apo25m_stars_119+67_MGA_2M12531727+5108306.fits
apogee.apo25m.stars.120+30.2M16303490+8721176,apogee_apo25m_stars_120+30_2M16303490+8721176.fits
apogee.apo25m.stars.120+30.2M16582975+8629117,apogee_apo25m_stars_120+30_2M16582975+8629117.fits
apogee.apo25m.stars.120+45.2M13092020+7041078,apogee_apo25m_stars_120+45_2M13092020+7041078.fits
apogee.apo25m.stars.120+45.2M13133159+7246417,apogee_apo25m_stars_120+45_2M13133159+7246417.fits
apogee.apo25m.stars.120+45.2M13183604+7254376,apogee_apo25m_stars_120+45_2M13183604+7254376.fits
apogee.apo25m.stars.120+45.2M13203981+7046126,apogee_apo25m_stars_120+45_2M13203981+7046126.fits
apogee.apo25m.stars.120-08.2M00220856+5519471,apogee_apo25m_stars_120-08_2M00220856+5519471.fits
apogee.apo25m.stars.120-08.2M00252354+5528150,apogee_apo25m_stars_120-08_2M00252354+5528150.fits
apogee.apo25m.stars.120-08.2M00262139+5516237,apogee_apo25m_stars_120-08_2M00262139+5516237.fits
apogee.apo25m.stars.120-30.2M00353801+3147433,apogee_apo25m_stars_120-30_2M00353801+3147433.fits
apogee.apo25m.stars.120-30.2M00365193+3308123,apogee_apo25m_stars_120-30_2M00365193+3308123.fits
apogee.apo25m.stars.120-30.2M00370439+3308421,apogee_apo25m_stars_120-30_2M00370439+3308421.fits
apogee.apo25m.stars.122+65_MGA.2M12531727+5108306,apogee_apo25m_stars_122+65_MGA_2M12531727+5108306.fits
apogee.apo25m.stars.122+64_MGA.2M12452608+5405403,apogee_apo25m_stars_122+64_MGA_2M12452608+5405403.fits
apogee.apo25m.stars.122+64_MGA.2M12494791+5306000,apogee_apo25m_stars_122+64_MGA_2M12494791+5306000.fits
apogee.apo25m.stars.122+65_MGA.2M12494791+5306000,apogee_apo25m_stars_122+65_MGA_2M12494791+5306000.fits
apogee.apo25m.stars.122+64_MGA.2M12500624+5353040,apogee_apo25m_stars_122+64_MGA_2M12500624+5353040.fits
apogee.apo25m.stars.122+64_MGA.2M12500708+5311270,apogee_apo25m_stars_122+64_MGA_2M12500708+5311270.fits
apogee.apo25m.stars.120-30.2M00374114+3225106,apogee_apo25m_stars_120-30_2M00374114+3225106.fits
apogee.apo25m.stars.120-30.2M00381699+3350152,apogee_apo25m_stars_120-30_2M00381699+3350152.fits
apogee.apo25m.stars.120-30.2M00382030+3348144,apogee_apo25m_stars_120-30_2M00382030+3348144.fits
apogee.apo25m.stars.120-04.2M00233463+5843186,apogee_apo25m_stars_120-04_2M00233463+5843186.fits
apogee.apo25m.stars.120-60.2M00443511+0332484,apogee_apo25m_stars_120-60_2M00443511+0332484.fits
apogee.apo25m.stars.120-60.2M00490496+0245496,apogee_apo25m_stars_120-60_2M00490496+0245496.fits
apogee.apo25m.stars.120-06.2M00363787+5546370,apogee_apo25m_stars_120-06_2M00363787+5546370.fits
apogee.apo25m.stars.120-08.2M00363787+5546370,apogee_apo25m_stars_120-08_2M00363787+5546370.fits
apogee.apo25m.stars.120-08.2M00374824+5554546,apogee_apo25m_stars_120-08_2M00374824+5554546.fits
apogee.apo25m.stars.122+64_MGA.2M12503676+5418535,apogee_apo25m_stars_122+64_MGA_2M12503676+5418535.fits
apogee.apo25m.stars.122+61_MGA.2M12505786+5421223,apogee_apo25m_stars_122+61_MGA_2M12505786+5421223.fits
apogee.apo25m.stars.122+64_MGA.2M12514264+5209377,apogee_apo25m_stars_122+64_MGA_2M12514264+5209377.fits
apogee.apo25m.stars.120+45.2M13220506+7113371,apogee_apo25m_stars_120+45_2M13220506+7113371.fits
apogee.apo25m.stars.124+67_MGA.2M12425986+5036100,apogee_apo25m_stars_124+67_MGA_2M12425986+5036100.fits
apogee.apo25m.stars.129+66_MGA.2M12425986+5036100,apogee_apo25m_stars_129+66_MGA_2M12425986+5036100.fits
apogee.apo25m.stars.120-30.2M00390214+3130147,apogee_apo25m_stars_120-30_2M00390214+3130147.fits
apogee.apo25m.stars.120-30.2M00395659+3206405,apogee_apo25m_stars_120-30_2M00395659+3206405.fits
apogee.apo25m.stars.120-30.2M00433843+3223033,apogee_apo25m_stars_120-30_2M00433843+3223033.fits
apogee.apo25m.stars.122+64_MGA.2M12550651+5327175,apogee_apo25m_stars_122+64_MGA_2M12550651+5327175.fits
apogee.apo25m.stars.119+65_MGA.2M12551415+5216150,apogee_apo25m_stars_119+65_MGA_2M12551415+5216150.fits
apogee.apo25m.stars.122+64_MGA.2M12551415+5216150,apogee_apo25m_stars_122+64_MGA_2M12551415+5216150.fits
apogee.apo25m.stars.124+67_MGA.2M12453163+4918412,apogee_apo25m_stars_124+67_MGA_2M12453163+4918412.fits
apogee.apo25m.stars.124+67_MGA.2M12453548+4841528,apogee_apo25m_stars_124+67_MGA_2M12453548+4841528.fits
apogee.apo25m.stars.124+67_MGA.2M12465758+5030021,apogee_apo25m_stars_124+67_MGA_2M12465758+5030021.fits
apogee.apo25m.stars.120-06.2M00254136+5740074,apogee_apo25m_stars_120-06_2M00254136+5740074.fits
apogee.apo25m.stars.120-06.2M00263879+5607239,apogee_apo25m_stars_120-06_2M00263879+5607239.fits
apogee.apo25m.stars.123-48_MGA.2M00555559+1425379,apogee_apo25m_stars_123-48_MGA_2M00555559+1425379.fits
apogee.apo25m.stars.124+67_MGA.2M12491160+4917183,apogee_apo25m_stars_124+67_MGA_2M12491160+4917183.fits
apogee.apo25m.stars.124+67_MGA.2M12491442+5012375,apogee_apo25m_stars_124+67_MGA_2M12491442+5012375.fits
apogee.apo25m.stars.122+65_MGA.2M12492571+5040252,apogee_apo25m_stars_122+65_MGA_2M12492571+5040252.fits
apogee.apo25m.stars.122+64_MGA.2M12561865+5331172,apogee_apo25m_stars_122+64_MGA_2M12561865+5331172.fits
apogee.apo25m.stars.119+63_MGA.2M12593818+5246186,apogee_apo25m_stars_119+63_MGA_2M12593818+5246186.fits
apogee.apo25m.stars.122+65_MGA.2M12481127+5304036,apogee_apo25m_stars_122+65_MGA_2M12481127+5304036.fits
apogee.apo25m.stars.123-63_MGA.2M00473640+0027219,apogee_apo25m_stars_123-63_MGA_2M00473640+0027219.fits
apogee.apo25m.stars.123-63_MGA.2M00492743-0052595,apogee_apo25m_stars_123-63_MGA_2M00492743-0052595.fits
apogee.apo25m.stars.K2_C8_124-63_btx.2M00493432+0033476,apogee_apo25m_stars_K2_C8_124-63_btx_2M00493432+0033476.fits
apogee.apo25m.stars.122+65_MGA.2M12492571+5040252,apogee_apo25m_stars_122+65_MGA_2M12492571+5040252.fits
apogee.apo25m.stars.124+67_MGA.2M12492609+5113081,apogee_apo25m_stars_124+67_MGA_2M12492609+5113081.fits
apogee.apo25m.stars.124+67_MGA.2M12500542+5113357,apogee_apo25m_stars_124+67_MGA_2M12500542+5113357.fits
apogee.apo25m.stars.122+64_MGA.2M12514264+5209377,apogee_apo25m_stars_122+64_MGA_2M12514264+5209377.fits
apogee.apo25m.stars.122+65_MGA.2M12525558+5134095,apogee_apo25m_stars_122+65_MGA_2M12525558+5134095.fits
apogee.apo25m.stars.119+67_MGA.2M12531727+5108306,apogee_apo25m_stars_119+67_MGA_2M12531727+5108306.fits
apogee.apo25m.stars.120-75.2M00441647-1124132,apogee_apo25m_stars_120-75_2M00441647-1124132.fits
apogee.apo25m.stars.120-75.2M00505098-1137323,apogee_apo25m_stars_120-75_2M00505098-1137323.fits
apogee.apo25m.stars.120-75.2M00513771-1211162,apogee_apo25m_stars_120-75_2M00513771-1211162.fits
apogee.apo25m.stars.122+65_MGA.2M12531727+5108306,apogee_apo25m_stars_122+65_MGA_2M12531727+5108306.fits
apogee.apo25m.stars.119+67_MGA.2M12555229+5110199,apogee_apo25m_stars_119+67_MGA_2M12555229+5110199.fits
apogee.apo25m.stars.123-48_MGA.2M00461500+1542161,apogee_apo25m_stars_123-48_MGA_2M00461500+1542161.fits
apogee.apo25m.stars.123-48_MGA.2M00493994+1458030,apogee_apo25m_stars_123-48_MGA_2M00493994+1458030.fits
apogee.apo25m.stars.123-48_MGA.2M00495527+1543110,apogee_apo25m_stars_123-48_MGA_2M00495527+1543110.fits
apogee.apo25m.stars.123-48_MGA.2M00500923+1545102,apogee_apo25m_stars_123-48_MGA_2M00500923+1545102.fits
apogee.apo25m.stars.123-63_MGA.2M00500072-0047277,apogee_apo25m_stars_123-63_MGA_2M00500072-0047277.fits
apogee.apo25m.stars.123-63_MGA.2M00515983-0102342,apogee_apo25m_stars_123-63_MGA_2M00515983-0102342.fits
apogee.apo25m.stars.125-63_MGA.2M00515983-0102342,apogee_apo25m_stars_125-63_MGA_2M00515983-0102342.fits
apogee.apo25m.stars.120-75.2M00514286-1131019,apogee_apo25m_stars_120-75_2M00514286-1131019.fits
apogee.apo25m.stars.121+74_MGA.2M12520071+4428311,apogee_apo25m_stars_121+74_MGA_2M12520071+4428311.fits
apogee.apo25m.stars.121+74_MGA.2M12534952+4435090,apogee_apo25m_stars_121+74_MGA_2M12534952+4435090.fits
apogee.apo25m.stars.K2_C8_124-63_btx.2M00531469+0050018,apogee_apo25m_stars_K2_C8_124-63_btx_2M00531469+0050018.fits
apogee.apo25m.stars.123-63_MGA.2M00532257-0039417,apogee_apo25m_stars_123-63_MGA_2M00532257-0039417.fits
apogee.apo25m.stars.125-63_MGA.2M00532257-0039417,apogee_apo25m_stars_125-63_MGA_2M00532257-0039417.fits
apogee.apo25m.stars.121+74_MGA.2M12554123+4433199,apogee_apo25m_stars_121+74_MGA_2M12554123+4433199.fits
apogee.apo25m.stars.121+74_MGA.2M12560904+4327015,apogee_apo25m_stars_121+74_MGA_2M12560904+4327015.fits
apogee.apo25m.stars.121+74_MGA.2M12582600+4336244,apogee_apo25m_stars_121+74_MGA_2M12582600+4336244.fits
apogee.apo25m.stars.123-63_MGA.2M00542716+0025502,apogee_apo25m_stars_123-63_MGA_2M00542716+0025502.fits
apogee.apo25m.stars.125-63_MGA.2M00543312-0110273,apogee_apo25m_stars_125-63_MGA_2M00543312-0110273.fits
apogee.apo25m.stars.123-63_MGA.2M00545688-0042071,apogee_apo25m_stars_123-63_MGA_2M00545688-0042071.fits
apogee.apo25m.stars.120+00.2M00305271+6357476,apogee_apo25m_stars_120+00_2M00305271+6357476.fits
apogee.apo25m.stars.120-06.2M00311467+5528311,apogee_apo25m_stars_120-06_2M00311467+5528311.fits
apogee.apo25m.stars.125-63_MGA.2M00543312-0110273,apogee_apo25m_stars_125-63_MGA_2M00543312-0110273.fits
apogee.apo25m.stars.K2_C8_117-58_btx.2M00430005+0341382,apogee_apo25m_stars_K2_C8_117-58_btx_2M00430005+0341382.fits
apogee.apo25m.stars.128+71_MGA.2M12485703+4607251,apogee_apo25m_stars_128+71_MGA_2M12485703+4607251.fits
apogee.apo25m.stars.128+71_MGA.2M12490790+4556393,apogee_apo25m_stars_128+71_MGA_2M12490790+4556393.fits
apogee.apo25m.stars.125-63_MGA.2M00544451-0100254,apogee_apo25m_stars_125-63_MGA_2M00544451-0100254.fits
apogee.apo25m.stars.123-63_MGA.2M00545688-0042071,apogee_apo25m_stars_123-63_MGA_2M00545688-0042071.fits
apogee.apo25m.stars.125-63_MGA.2M00545688-0042071,apogee_apo25m_stars_125-63_MGA_2M00545688-0042071.fits
apogee.apo25m.stars.128+64_MGA.2M12332691+5216521,apogee_apo25m_stars_128+64_MGA_2M12332691+5216521.fits
apogee.apo25m.stars.129+66_MGA.2M12332691+5216521,apogee_apo25m_stars_129+66_MGA_2M12332691+5216521.fits
apogee.apo25m.stars.128+64_MGA.2M12335691+5200145,apogee_apo25m_stars_128+64_MGA_2M12335691+5200145.fits
apogee.apo25m.stars.120+08.2M00020621+7125569,apogee_apo25m_stars_120+08_2M00020621+7125569.fits
apogee.apo25m.stars.120-12.2M00300686+5139585,apogee_apo25m_stars_120-12_2M00300686+5139585.fits
apogee.apo25m.stars.125-48_MGA.2M00551548+1602177,apogee_apo25m_stars_125-48_MGA_2M00551548+1602177.fits
apogee.apo25m.stars.125-63_MGA.2M00545688-0042071,apogee_apo25m_stars_125-63_MGA_2M00545688-0042071.fits
apogee.apo25m.stars.124+00.2M01002811+6354427,apogee_apo25m_stars_124+00_2M01002811+6354427.fits
apogee.apo25m.stars.124+00.2M01122554+6220283,apogee_apo25m_stars_124+00_2M01122554+6220283.fits
apogee.apo25m.stars.125-48_MGA.2M00554334+1558233,apogee_apo25m_stars_125-48_MGA_2M00554334+1558233.fits
apogee.apo25m.stars.123-48_MGA.2M00554744+1454028,apogee_apo25m_stars_123-48_MGA_2M00554744+1454028.fits
apogee.apo25m.stars.110-62_MGA.2M00280279+0052463,apogee_apo25m_stars_110-62_MGA_2M00280279+0052463.fits
apogee.apo25m.stars.129+66_MGA.2M12355756+5147402,apogee_apo25m_stars_129+66_MGA_2M12355756+5147402.fits
apogee.apo25m.stars.128+64_MGA.2M12403102+5341430,apogee_apo25m_stars_128+64_MGA_2M12403102+5341430.fits
apogee.apo25m.stars.136+71_MGA.2M12340266+4549032,apogee_apo25m_stars_136+71_MGA_2M12340266+4549032.fits
apogee.apo25m.stars.121+74_MGA.2M12592822+4315477,apogee_apo25m_stars_121+74_MGA_2M12592822+4315477.fits
apogee.apo25m.stars.121+74_MGA.2M12594387+4336179,apogee_apo25m_stars_121+74_MGA_2M12594387+4336179.fits
apogee.apo25m.stars.130-60.2M01014947+0327558,apogee_apo25m_stars_130-60_2M01014947+0327558.fits
apogee.apo25m.stars.123-48_MGA.2M00505807+1518549,apogee_apo25m_stars_123-48_MGA_2M00505807+1518549.fits
apogee.apo25m.stars.131+04.2M02131563+6618313,apogee_apo25m_stars_131+04_2M02131563+6618313.fits
apogee.apo25m.stars.131+04.2M02135016+6529079,apogee_apo25m_stars_131+04_2M02135016+6529079.fits
apogee.apo25m.stars.125-48_MGA.2M00584528+1538385,apogee_apo25m_stars_125-48_MGA_2M00584528+1538385.fits
apogee.apo25m.stars.125-48_MGA.2M00593708+1607208,apogee_apo25m_stars_125-48_MGA_2M00593708+1607208.fits
apogee.apo25m.stars.125-48_MGA.2M00594450+1556265,apogee_apo25m_stars_125-48_MGA_2M00594450+1556265.fits
apogee.apo25m.stars.128-04.2M01201987+5747532,apogee_apo25m_stars_128-04_2M01201987+5747532.fits
apogee.apo25m.stars.128-04.2M01262946+5940207,apogee_apo25m_stars_128-04_2M01262946+5940207.fits
apogee.apo25m.stars.128-04.2M01295335+5856481,apogee_apo25m_stars_128-04_2M01295335+5856481.fits
apogee.apo25m.stars.133-63_MGA.2M01053243+0029018,apogee_apo25m_stars_133-63_MGA_2M01053243+0029018.fits
apogee.apo25m.stars.131-63_MGA.2M01063080+0059450,apogee_apo25m_stars_131-63_MGA_2M01063080+0059450.fits
apogee.apo25m.stars.133-63_MGA.2M01063080+0059450,apogee_apo25m_stars_133-63_MGA_2M01063080+0059450.fits
apogee.apo25m.stars.129+66_MGA.2M12272999+5120196,apogee_apo25m_stars_129+66_MGA_2M12272999+5120196.fits
apogee.apo25m.stars.134+66_MGA.2M12272999+5120196,apogee_apo25m_stars_134+66_MGA_2M12272999+5120196.fits
apogee.apo25m.stars.129+66_MGA.2M12280482+5119439,apogee_apo25m_stars_129+66_MGA_2M12280482+5119439.fits
apogee.apo25m.stars.128+71_MGA.2M12412230+4600407,apogee_apo25m_stars_128+71_MGA_2M12412230+4600407.fits
apogee.apo25m.stars.128+71_MGA.2M12440066+4524288,apogee_apo25m_stars_128+71_MGA_2M12440066+4524288.fits
apogee.apo25m.stars.128+71_MGA.2M12444920+4603555,apogee_apo25m_stars_128+71_MGA_2M12444920+4603555.fits
apogee.apo25m.stars.119+67_MGA.2M12551686+4948066,apogee_apo25m_stars_119+67_MGA_2M12551686+4948066.fits
apogee.apo25m.stars.124+67_MGA.2M12551686+4948066,apogee_apo25m_stars_124+67_MGA_2M12551686+4948066.fits
apogee.apo25m.stars.130+74_MGA.2M12332278+4355361,apogee_apo25m_stars_130+74_MGA_2M12332278+4355361.fits
apogee.apo25m.stars.128+71_MGA.2M12450052+4519288,apogee_apo25m_stars_128+71_MGA_2M12450052+4519288.fits
apogee.apo25m.stars.128+71_MGA.2M12452978+4641208,apogee_apo25m_stars_128+71_MGA_2M12452978+4641208.fits
apogee.apo25m.stars.128+71_MGA.2M12454004+4513009,apogee_apo25m_stars_128+71_MGA_2M12454004+4513009.fits
apogee.apo25m.stars.134+66_MGA.2M12280482+5119439,apogee_apo25m_stars_134+66_MGA_2M12280482+5119439.fits
apogee.apo25m.stars.129+66_MGA.2M12305457+5224481,apogee_apo25m_stars_129+66_MGA_2M12305457+5224481.fits
apogee.apo25m.stars.128+64_MGA.2M12310587+5217031,apogee_apo25m_stars_128+64_MGA_2M12310587+5217031.fits
apogee.apo25m.stars.125-48_MGA.2M01011508+1456595,apogee_apo25m_stars_125-48_MGA_2M01011508+1456595.fits
apogee.apo25m.stars.125-48_MGA.2M01025492+1443435,apogee_apo25m_stars_125-48_MGA_2M01025492+1443435.fits
apogee.apo25m.stars.125-63_MGA.2M00504211+0040490,apogee_apo25m_stars_125-63_MGA_2M00504211+0040490.fits
apogee.apo25m.stars.129+66_MGA.2M12310587+5217031,apogee_apo25m_stars_129+66_MGA_2M12310587+5217031.fits
apogee.apo25m.stars.129+66_MGA.2M12311677+5007490,apogee_apo25m_stars_129+66_MGA_2M12311677+5007490.fits
apogee.apo25m.stars.134+66_MGA.2M12311677+5007490,apogee_apo25m_stars_134+66_MGA_2M12311677+5007490.fits
apogee.apo25m.stars.131+04.2M02165506+6612215,apogee_apo25m_stars_131+04_2M02165506+6612215.fits
apogee.apo25m.stars.131-04.2M01484694+5651339,apogee_apo25m_stars_131-04_2M01484694+5651339.fits
apogee.apo25m.stars.131-48_MGA.2M01091723+1540405,apogee_apo25m_stars_131-48_MGA_2M01091723+1540405.fits
apogee.apo25m.stars.131-63_MGA.2M01080258+0120086,apogee_apo25m_stars_131-63_MGA_2M01080258+0120086.fits
apogee.apo25m.stars.131-63_MGA.2M01080848+0046301,apogee_apo25m_stars_131-63_MGA_2M01080848+0046301.fits
apogee.apo25m.stars.131-63_MGA.2M01081524+0114458,apogee_apo25m_stars_131-63_MGA_2M01081524+0114458.fits
apogee.apo25m.stars.123-63_MGA.2M00515983-0102342,apogee_apo25m_stars_123-63_MGA_2M00515983-0102342.fits
apogee.apo25m.stars.125-63_MGA.2M00515983-0102342,apogee_apo25m_stars_125-63_MGA_2M00515983-0102342.fits
apogee.apo25m.stars.125-63_MGA.2M00531510+0036180,apogee_apo25m_stars_125-63_MGA_2M00531510+0036180.fits
apogee.apo25m.stars.128+64_MGA.2M12332691+5216521,apogee_apo25m_stars_128+64_MGA_2M12332691+5216521.fits
apogee.apo25m.stars.129+66_MGA.2M12332691+5216521,apogee_apo25m_stars_129+66_MGA_2M12332691+5216521.fits
apogee.apo25m.stars.129+66_MGA.2M12355756+5147402,apogee_apo25m_stars_129+66_MGA_2M12355756+5147402.fits
apogee.apo25m.stars.131-48_MGA.2M01112906+1334052,apogee_apo25m_stars_131-48_MGA_2M01112906+1334052.fits
apogee.apo25m.stars.131-48_MGA.2M01135240+1601210,apogee_apo25m_stars_131-48_MGA_2M01135240+1601210.fits
apogee.apo25m.stars.131-48_MGA.2M01140546+1307546,apogee_apo25m_stars_131-48_MGA_2M01140546+1307546.fits
apogee.apo25m.stars.131-48_MGA.2M01091723+1540405,apogee_apo25m_stars_131-48_MGA_2M01091723+1540405.fits
apogee.apo25m.stars.131-48_MGA.2M01112906+1334052,apogee_apo25m_stars_131-48_MGA_2M01112906+1334052.fits
apogee.apo25m.stars.130-48_MGA.2M01135781+1433396,apogee_apo25m_stars_130-48_MGA_2M01135781+1433396.fits
apogee.apo25m.stars.124+67_MGA.2M12425986+5036100,apogee_apo25m_stars_124+67_MGA_2M12425986+5036100.fits
apogee.apo25m.stars.129+66_MGA.2M12425986+5036100,apogee_apo25m_stars_129+66_MGA_2M12425986+5036100.fits
apogee.apo25m.stars.129-21_btx.2M08314088-2058127,apogee_apo25m_stars_129-21_btx_2M08314088-2058127.fits
apogee.apo25m.stars.134+66_MGA.2M12203731+5111522,apogee_apo25m_stars_134+66_MGA_2M12203731+5111522.fits
apogee.apo25m.stars.133+64_MGA.2M12250760+5152045,apogee_apo25m_stars_133+64_MGA_2M12250760+5152045.fits
apogee.apo25m.stars.133+64_MGA.2M12311695+5236421,apogee_apo25m_stars_133+64_MGA_2M12311695+5236421.fits
apogee.apo25m.stars.131-48_MGA.2M01135781+1433396,apogee_apo25m_stars_131-48_MGA_2M01135781+1433396.fits
apogee.apo25m.stars.130-48_MGA.2M01151673+1402167,apogee_apo25m_stars_130-48_MGA_2M01151673+1402167.fits
apogee.apo25m.stars.131-48_MGA.2M01151673+1402167,apogee_apo25m_stars_131-48_MGA_2M01151673+1402167.fits
apogee.apo25m.stars.130-48_MGA.2M01151673+1402167,apogee_apo25m_stars_130-48_MGA_2M01151673+1402167.fits
apogee.apo25m.stars.131-48_MGA.2M01151673+1402167,apogee_apo25m_stars_131-48_MGA_2M01151673+1402167.fits
apogee.apo25m.stars.131-63_MGA.2M01004984+0005037,apogee_apo25m_stars_131-63_MGA_2M01004984+0005037.fits
apogee.apo25m.stars.133+76_MGA.2M12362314+3919475,apogee_apo25m_stars_133+76_MGA_2M12362314+3919475.fits
apogee.apo25m.stars.133+76_MGA.2M12371528+4040459,apogee_apo25m_stars_133+76_MGA_2M12371528+4040459.fits
apogee.apo25m.stars.133+76_MGA.2M12373092+4106460,apogee_apo25m_stars_133+76_MGA_2M12373092+4106460.fits
apogee.apo25m.stars.131-63_MGA.2M01021351+0021111,apogee_apo25m_stars_131-63_MGA_2M01021351+0021111.fits
apogee.apo25m.stars.131-63_MGA.2M01025418+0038410,apogee_apo25m_stars_131-63_MGA_2M01025418+0038410.fits
apogee.apo25m.stars.131-63_MGA.2M01030546+0107243,apogee_apo25m_stars_131-63_MGA_2M01030546+0107243.fits
apogee.apo25m.stars.130-60.2M01034801+0121562,apogee_apo25m_stars_130-60_2M01034801+0121562.fits
apogee.apo25m.stars.131-63_MGA.2M01034801+0121562,apogee_apo25m_stars_131-63_MGA_2M01034801+0121562.fits
apogee.apo25m.stars.130-60.2M01053407+0338325,apogee_apo25m_stars_130-60_2M01053407+0338325.fits
apogee.apo25m.stars.131-63_MGA.2M01031943+0002119,apogee_apo25m_stars_131-63_MGA_2M01031943+0002119.fits
apogee.apo25m.stars.131-63_MGA.2M01040125+0055000,apogee_apo25m_stars_131-63_MGA_2M01040125+0055000.fits
apogee.apo25m.stars.131-63_MGA.2M01040829-0027445,apogee_apo25m_stars_131-63_MGA_2M01040829-0027445.fits
apogee.apo25m.stars.133+76_MGA.2M12381302+3919448,apogee_apo25m_stars_133+76_MGA_2M12381302+3919448.fits
apogee.apo25m.stars.133+76_MGA.2M12433983+4038562,apogee_apo25m_stars_133+76_MGA_2M12433983+4038562.fits
apogee.apo25m.stars.133-48_MGA.2M01165930+1349454,apogee_apo25m_stars_133-48_MGA_2M01165930+1349454.fits
apogee.apo25m.stars.125-63_MGA.2M00540049-0119340,apogee_apo25m_stars_125-63_MGA_2M00540049-0119340.fits
apogee.apo25m.stars.125-63_MGA.2M00540839-0107153,apogee_apo25m_stars_125-63_MGA_2M00540839-0107153.fits
apogee.apo25m.stars.134-48_MGA.2M01250154+1504257,apogee_apo25m_stars_134-48_MGA_2M01250154+1504257.fits
apogee.apo25m.stars.128+71_MGA.2M12460996+4542462,apogee_apo25m_stars_128+71_MGA_2M12460996+4542462.fits
apogee.apo25m.stars.133-48_MGA.2M01190322+1505593,apogee_apo25m_stars_133-48_MGA_2M01190322+1505593.fits
apogee.apo25m.stars.131-48_MGA.2M01190503+1358027,apogee_apo25m_stars_131-48_MGA_2M01190503+1358027.fits
apogee.apo25m.stars.135+30.2M07370669+7910351,apogee_apo25m_stars_135+30_2M07370669+7910351.fits
apogee.apo25m.stars.135+30.2M07494862+8001006,apogee_apo25m_stars_135+30_2M07494862+8001006.fits
apogee.apo25m.stars.135+30.2M07500976+8001599,apogee_apo25m_stars_135+30_2M07500976+8001599.fits
apogee.apo25m.stars.134-48_MGA.2M01260474+1516414,apogee_apo25m_stars_134-48_MGA_2M01260474+1516414.fits
apogee.apo25m.stars.135+00.2M02264506+6051120,apogee_apo25m_stars_135+00_2M02264506+6051120.fits
apogee.apo25m.stars.135+00.2M02330957+6035498,apogee_apo25m_stars_135+00_2M02330957+6035498.fits
apogee.apo25m.stars.135-30.2M01365526+3256099,apogee_apo25m_stars_135-30_2M01365526+3256099.fits
apogee.apo25m.stars.135-30.2M01393930+3234121,apogee_apo25m_stars_135-30_2M01393930+3234121.fits
apogee.apo25m.stars.135-30.2M01394320+3211502,apogee_apo25m_stars_135-30_2M01394320+3211502.fits
apogee.apo25m.stars.135+00.2M02385108+5953122,apogee_apo25m_stars_135+00_2M02385108+5953122.fits
apogee.apo25m.stars.135+06.2M02502746+6555525,apogee_apo25m_stars_135+06_2M02502746+6555525.fits
apogee.apo25m.stars.135+06.2M03041409+6628176,apogee_apo25m_stars_135+06_2M03041409+6628176.fits
apogee.apo25m.stars.135-30.2M01394321+3216483,apogee_apo25m_stars_135-30_2M01394321+3216483.fits
apogee.apo25m.stars.135-30.2M01401398+3223079,apogee_apo25m_stars_135-30_2M01401398+3223079.fits
apogee.apo25m.stars.135-30.2M01404668+3233125,apogee_apo25m_stars_135-30_2M01404668+3233125.fits
apogee.apo25m.stars.131-63_MGA.2M01031943+0002119,apogee_apo25m_stars_131-63_MGA_2M01031943+0002119.fits
apogee.apo25m.stars.133-63_MGA.2M01053243+0029018,apogee_apo25m_stars_133-63_MGA_2M01053243+0029018.fits
apogee.apo25m.stars.131-63_MGA.2M01063080+0059450,apogee_apo25m_stars_131-63_MGA_2M01063080+0059450.fits
apogee.apo25m.stars.K2_C8_124-63_btx.2M00563444-0034274,apogee_apo25m_stars_K2_C8_124-63_btx_2M00563444-0034274.fits
apogee.apo25m.stars.135-30.2M01441909+3202259,apogee_apo25m_stars_135-30_2M01441909+3202259.fits
apogee.apo25m.stars.135-30.2M01453490+3109060,apogee_apo25m_stars_135-30_2M01453490+3109060.fits
apogee.apo25m.stars.137+70_MGA.2M12283536+4720186,apogee_apo25m_stars_137+70_MGA_2M12283536+4720186.fits
apogee.apo25m.stars.137+70_MGA.2M12284608+4616379,apogee_apo25m_stars_137+70_MGA_2M12284608+4616379.fits
apogee.apo25m.stars.137+70_MGA.2M12292732+4702396,apogee_apo25m_stars_137+70_MGA_2M12292732+4702396.fits
apogee.apo25m.stars.133-63_MGA.2M01063080+0059450,apogee_apo25m_stars_133-63_MGA_2M01063080+0059450.fits
apogee.apo25m.stars.133-63_MGA.2M01075912+0040519,apogee_apo25m_stars_133-63_MGA_2M01075912+0040519.fits
apogee.apo25m.stars.131-63_MGA.2M01080258+0120086,apogee_apo25m_stars_131-63_MGA_2M01080258+0120086.fits
apogee.apo25m.stars.135-30.2M01453671+3154267,apogee_apo25m_stars_135-30_2M01453671+3154267.fits
apogee.apo25m.stars.135-30.2M01460792+3143401,apogee_apo25m_stars_135-30_2M01460792+3143401.fits
apogee.apo25m.stars.135-30.2M01462084+3153387,apogee_apo25m_stars_135-30_2M01462084+3153387.fits
apogee.apo25m.stars.133-63_MGA.2M01081323-0058520,apogee_apo25m_stars_133-63_MGA_2M01081323-0058520.fits
apogee.apo25m.stars.131-63_MGA.2M01081524+0114458,apogee_apo25m_stars_131-63_MGA_2M01081524+0114458.fits
apogee.apo25m.stars.133-63_MGA.2M01094167-0009062,apogee_apo25m_stars_133-63_MGA_2M01094167-0009062.fits
apogee.apo25m.stars.138-26_btx.2M01561831+3551189,apogee_apo25m_stars_138-26_btx_2M01561831+3551189.fits
apogee.apo25m.stars.138-62_MGA.2M01151544+0015539,apogee_apo25m_stars_138-62_MGA_2M01151544+0015539.fits
apogee.apo25m.stars.138-62_MGA.2M01153254+0032516,apogee_apo25m_stars_138-62_MGA_2M01153254+0032516.fits
apogee.apo25m.stars.133-63_MGA.2M01102944+0121455,apogee_apo25m_stars_133-63_MGA_2M01102944+0121455.fits
apogee.apo25m.stars.133-63_MGA.2M01111847+0101319,apogee_apo25m_stars_133-63_MGA_2M01111847+0101319.fits
apogee.apo25m.stars.133-63_MGA.2M01113310+0040191,apogee_apo25m_stars_133-63_MGA_2M01113310+0040191.fits
apogee.apo25m.stars.135-30.2M01462715+3121196,apogee_apo25m_stars_135-30_2M01462715+3121196.fits
apogee.apo25m.stars.135-45.2M01231170+1748489,apogee_apo25m_stars_135-45_2M01231170+1748489.fits
apogee.apo25m.stars.141+72_MGA.2M12201265+4540478,apogee_apo25m_stars_141+72_MGA_2M12201265+4540478.fits
apogee.apo25m.stars.136+71_MGA.2M12201836+4526268,apogee_apo25m_stars_136+71_MGA_2M12201836+4526268.fits
apogee.apo25m.stars.137+70_MGA.2M12201836+4526268,apogee_apo25m_stars_137+70_MGA_2M12201836+4526268.fits
apogee.apo25m.stars.141+72_MGA.2M12201836+4526268,apogee_apo25m_stars_141+72_MGA_2M12201836+4526268.fits
apogee.apo25m.stars.138-62_MGA.2M01160649-0042424,apogee_apo25m_stars_138-62_MGA_2M01160649-0042424.fits
apogee.apo25m.stars.138-62_MGA.2M01172758+0117551,apogee_apo25m_stars_138-62_MGA_2M01172758+0117551.fits
apogee.apo25m.stars.138-62_MGA.2M01174159-0102064,apogee_apo25m_stars_138-62_MGA_2M01174159-0102064.fits
apogee.apo25m.stars.133-63_MGA.2M01114814-0022402,apogee_apo25m_stars_133-63_MGA_2M01114814-0022402.fits
apogee.apo25m.stars.133-63_MGA.2M01134525-0015200,apogee_apo25m_stars_133-63_MGA_2M01134525-0015200.fits
apogee.apo25m.stars.133-63_MGA.2M01140770-0023513,apogee_apo25m_stars_133-63_MGA_2M01140770-0023513.fits
apogee.apo25m.stars.136+71_MGA.2M12202545+4535366,apogee_apo25m_stars_136+71_MGA_2M12202545+4535366.fits
apogee.apo25m.stars.137+70_MGA.2M12202545+4535366,apogee_apo25m_stars_137+70_MGA_2M12202545+4535366.fits
apogee.apo25m.stars.137+70_MGA.2M12214185+4557043,apogee_apo25m_stars_137+70_MGA_2M12214185+4557043.fits
apogee.apo25m.stars.137+79_MGA.2M12325742+3721197,apogee_apo25m_stars_137+79_MGA_2M12325742+3721197.fits
apogee.apo25m.stars.137-47_MGA.2M01291471+1255145,apogee_apo25m_stars_137-47_MGA_2M01291471+1255145.fits
apogee.apo25m.stars.137-47_MGA.2M01305740+1510529,apogee_apo25m_stars_137-47_MGA_2M01305740+1510529.fits
apogee.apo25m.stars.135+30.2M08020420+7756242,apogee_apo25m_stars_135+30_2M08020420+7756242.fits
apogee.apo25m.stars.135-06.2M02120936+5529572,apogee_apo25m_stars_135-06_2M02120936+5529572.fits
apogee.apo25m.stars.139+61_MGA.2M11481067+5510495,apogee_apo25m_stars_139+61_MGA_2M11481067+5510495.fits
apogee.apo25m.stars.135-30.2M01405924+3015238,apogee_apo25m_stars_135-30_2M01405924+3015238.fits
apogee.apo25m.stars.139+74_MGA.2M12331450+4239168,apogee_apo25m_stars_139+74_MGA_2M12331450+4239168.fits
apogee.apo25m.stars.139-04.2M02370359+5526497,apogee_apo25m_stars_139-04_2M02370359+5526497.fits
apogee.apo25m.stars.135+12.2M03111752+7110423,apogee_apo25m_stars_135+12_2M03111752+7110423.fits
apogee.apo25m.stars.135+12.2M03134189+7158185,apogee_apo25m_stars_135+12_2M03134189+7158185.fits
apogee.apo25m.stars.139+61_MGA.2M11481067+5510495,apogee_apo25m_stars_139+61_MGA_2M11481067+5510495.fits
apogee.apo25m.stars.137-47_MGA.2M01310686+1505021,apogee_apo25m_stars_137-47_MGA_2M01310686+1505021.fits
apogee.apo25m.stars.137-47_MGA.2M01331713+1459493,apogee_apo25m_stars_137-47_MGA_2M01331713+1459493.fits
apogee.apo25m.stars.137-47_MGA.2M01342726+1330031,apogee_apo25m_stars_137-47_MGA_2M01342726+1330031.fits
apogee.apo25m.stars.138-62_MGA.2M01175209-0050581,apogee_apo25m_stars_138-62_MGA_2M01175209-0050581.fits
apogee.apo25m.stars.138-62_MGA.2M01231710+0110450,apogee_apo25m_stars_138-62_MGA_2M01231710+0110450.fits
apogee.apo25m.stars.138-62_MGA.2M01232021+0046562,apogee_apo25m_stars_138-62_MGA_2M01232021+0046562.fits
apogee.apo25m.stars.136+71_MGA.2M12230269+4526292,apogee_apo25m_stars_136+71_MGA_2M12230269+4526292.fits
apogee.apo25m.stars.136+71_MGA.2M12233033+4527207,apogee_apo25m_stars_136+71_MGA_2M12233033+4527207.fits
apogee.apo25m.stars.141+72_MGA.2M12233033+4527207,apogee_apo25m_stars_141+72_MGA_2M12233033+4527207.fits
apogee.apo25m.stars.134+66_MGA.2M12203731+5111522,apogee_apo25m_stars_134+66_MGA_2M12203731+5111522.fits
apogee.apo25m.stars.134+66_MGA.2M12241582+4926333,apogee_apo25m_stars_134+66_MGA_2M12241582+4926333.fits
apogee.apo25m.stars.133+64_MGA.2M12245982+5136144,apogee_apo25m_stars_133+64_MGA_2M12245982+5136144.fits
apogee.apo25m.stars.143+60_MGA.2M11481067+5510495,apogee_apo25m_stars_143+60_MGA_2M11481067+5510495.fits
apogee.apo25m.stars.139+61_MGA.2M11552737+5457593,apogee_apo25m_stars_139+61_MGA_2M11552737+5457593.fits
apogee.apo25m.stars.139+61_MGA.2M11562389+5350137,apogee_apo25m_stars_139+61_MGA_2M11562389+5350137.fits
apogee.apo25m.stars.136+71_MGA.2M12240838+4401590,apogee_apo25m_stars_136+71_MGA_2M12240838+4401590.fits
apogee.apo25m.stars.137+70_MGA.2M12284608+4616379,apogee_apo25m_stars_137+70_MGA_2M12284608+4616379.fits
apogee.apo25m.stars.136+71_MGA.2M12284681+4457234,apogee_apo25m_stars_136+71_MGA_2M12284681+4457234.fits
apogee.apo25m.stars.140+62_MGA.2M12013343+5352375,apogee_apo25m_stars_140+62_MGA_2M12013343+5352375.fits
apogee.apo25m.stars.140+62_MGA.2M12014380+5331156,apogee_apo25m_stars_140+62_MGA_2M12014380+5331156.fits
apogee.apo25m.stars.139+74_MGA.2M12223646+4353511,apogee_apo25m_stars_139+74_MGA_2M12223646+4353511.fits
apogee.apo25m.stars.136+71_MGA.2M12284740+4425423,apogee_apo25m_stars_136+71_MGA_2M12284740+4425423.fits
apogee.apo25m.stars.136+71_MGA.2M12293173+4551266,apogee_apo25m_stars_136+71_MGA_2M12293173+4551266.fits
apogee.apo25m.stars.137+70_MGA.2M12293173+4551266,apogee_apo25m_stars_137+70_MGA_2M12293173+4551266.fits
apogee.apo25m.stars.140+62_MGA.2M11585798+5210297,apogee_apo25m_stars_140+62_MGA_2M11585798+5210297.fits
apogee.apo25m.stars.140+62_MGA.2M12013343+5352375,apogee_apo25m_stars_140+62_MGA_2M12013343+5352375.fits
apogee.apo25m.stars.138+64_MGA.2M12044721+5314164,apogee_apo25m_stars_138+64_MGA_2M12044721+5314164.fits
apogee.apo25m.stars.139+74_MGA.2M12230100+4350009,apogee_apo25m_stars_139+74_MGA_2M12230100+4350009.fits
apogee.apo25m.stars.136+71_MGA.2M12240838+4401590,apogee_apo25m_stars_136+71_MGA_2M12240838+4401590.fits
apogee.apo25m.stars.139+74_MGA.2M12242307+4140286,apogee_apo25m_stars_139+74_MGA_2M12242307+4140286.fits
apogee.apo25m.stars.136+71_MGA.2M12293984+4357164,apogee_apo25m_stars_136+71_MGA_2M12293984+4357164.fits
apogee.apo25m.stars.136+71_MGA.2M12294904+4414171,apogee_apo25m_stars_136+71_MGA_2M12294904+4414171.fits
apogee.apo25m.stars.136+71_MGA.2M12311326+4429065,apogee_apo25m_stars_136+71_MGA_2M12311326+4429065.fits
apogee.apo25m.stars.137-47_MGA.2M01355954+1408426,apogee_apo25m_stars_137-47_MGA_2M01355954+1408426.fits
apogee.apo25m.stars.138+64_MGA.2M12063977+5042392,apogee_apo25m_stars_138+64_MGA_2M12063977+5042392.fits
apogee.apo25m.stars.140-60.2M01222235+0209166,apogee_apo25m_stars_140-60_2M01222235+0209166.fits
apogee.apo25m.stars.139+74_MGA.2M12252882+4326342,apogee_apo25m_stars_139+74_MGA_2M12252882+4326342.fits
apogee.apo25m.stars.141+72_MGA.2M12252882+4326342,apogee_apo25m_stars_141+72_MGA_2M12252882+4326342.fits
apogee.apo25m.stars.141+72_MGA.2M12254193+4348224,apogee_apo25m_stars_141+72_MGA_2M12254193+4348224.fits
apogee.apo25m.stars.128+71_MGA.2M12332356+4541067,apogee_apo25m_stars_128+71_MGA_2M12332356+4541067.fits
apogee.apo25m.stars.136+71_MGA.2M12332356+4541067,apogee_apo25m_stars_136+71_MGA_2M12332356+4541067.fits
apogee.apo25m.stars.136+71_MGA.2M12340266+4549032,apogee_apo25m_stars_136+71_MGA_2M12340266+4549032.fits
apogee.apo25m.stars.138-62_MGA.2M01231710+0110450,apogee_apo25m_stars_138-62_MGA_2M01231710+0110450.fits
apogee.apo25m.stars.138-62_MGA.2M01232021+0046562,apogee_apo25m_stars_138-62_MGA_2M01232021+0046562.fits
apogee.apo25m.stars.140-60.2M01232630+0057575,apogee_apo25m_stars_140-60_2M01232630+0057575.fits
apogee.apo25m.stars.139+74_MGA.2M12284845+4405139,apogee_apo25m_stars_139+74_MGA_2M12284845+4405139.fits
apogee.apo25m.stars.139+74_MGA.2M12300394+4340401,apogee_apo25m_stars_139+74_MGA_2M12300394+4340401.fits
apogee.apo25m.stars.139+74_MGA.2M12302648+4339097,apogee_apo25m_stars_139+74_MGA_2M12302648+4339097.fits
apogee.apo25m.stars.137+70_MGA.2M12194204+4723551,apogee_apo25m_stars_137+70_MGA_2M12194204+4723551.fits
apogee.apo25m.stars.141+72_MGA.2M12201265+4540478,apogee_apo25m_stars_141+72_MGA_2M12201265+4540478.fits
apogee.apo25m.stars.136+71_MGA.2M12201836+4526268,apogee_apo25m_stars_136+71_MGA_2M12201836+4526268.fits
apogee.apo25m.stars.143+60_MGA.2M11481067+5510495,apogee_apo25m_stars_143+60_MGA_2M11481067+5510495.fits
apogee.apo25m.stars.139+61_MGA.2M11533667+5501341,apogee_apo25m_stars_139+61_MGA_2M11533667+5501341.fits
apogee.apo25m.stars.139+61_MGA.2M11574666+5559464,apogee_apo25m_stars_139+61_MGA_2M11574666+5559464.fits
apogee.apo25m.stars.140-60.2M01250765+0218011,apogee_apo25m_stars_140-60_2M01250765+0218011.fits
apogee.apo25m.stars.141+72_MGA.2M12114300+4430370,apogee_apo25m_stars_141+72_MGA_2M12114300+4430370.fits
apogee.apo25m.stars.141+72_MGA.2M12132819+4450147,apogee_apo25m_stars_141+72_MGA_2M12132819+4450147.fits
apogee.apo25m.stars.137+70_MGA.2M12201836+4526268,apogee_apo25m_stars_137+70_MGA_2M12201836+4526268.fits
apogee.apo25m.stars.141+72_MGA.2M12201836+4526268,apogee_apo25m_stars_141+72_MGA_2M12201836+4526268.fits
apogee.apo25m.stars.137+70_MGA.2M12204068+4644318,apogee_apo25m_stars_137+70_MGA_2M12204068+4644318.fits
apogee.apo25m.stars.141+72_MGA.2M12145772+4509169,apogee_apo25m_stars_141+72_MGA_2M12145772+4509169.fits
apogee.apo25m.stars.141+72_MGA.2M12171023+4427596,apogee_apo25m_stars_141+72_MGA_2M12171023+4427596.fits
apogee.apo25m.stars.141+72_MGA.2M12174625+4439433,apogee_apo25m_stars_141+72_MGA_2M12174625+4439433.fits
apogee.apo25m.stars.143+60_MGA.2M11492910+5258210,apogee_apo25m_stars_143+60_MGA_2M11492910+5258210.fits
apogee.apo25m.stars.145+62_MGA.2M11492910+5258210,apogee_apo25m_stars_145+62_MGA_2M11492910+5258210.fits
apogee.apo25m.stars.140+62_MGA.2M11531709+5322592,apogee_apo25m_stars_140+62_MGA_2M11531709+5322592.fits
apogee.apo25m.stars.137+70_MGA.2M12214185+4557043,apogee_apo25m_stars_137+70_MGA_2M12214185+4557043.fits
apogee.apo25m.stars.137+70_MGA.2M12233214+4616509,apogee_apo25m_stars_137+70_MGA_2M12233214+4616509.fits
apogee.apo25m.stars.137+70_MGA.2M12244557+4743405,apogee_apo25m_stars_137+70_MGA_2M12244557+4743405.fits
apogee.apo25m.stars.134+66_MGA.2M12245982+5136144,apogee_apo25m_stars_134+66_MGA_2M12245982+5136144.fits
apogee.apo25m.stars.131-48_MGA.2M01190503+1358027,apogee_apo25m_stars_131-48_MGA_2M01190503+1358027.fits
apogee.apo25m.stars.141-47_MGA.2M01394020+1448506,apogee_apo25m_stars_141-47_MGA_2M01394020+1448506.fits
apogee.apo25m.stars.138-62_MGA.2M01240990-0032055,apogee_apo25m_stars_138-62_MGA_2M01240990-0032055.fits
apogee.apo25m.stars.140-12.2M02390212+4809425,apogee_apo25m_stars_140-12_2M02390212+4809425.fits
apogee.apo25m.stars.141+72_MGA.2M12193261+4524460,apogee_apo25m_stars_141+72_MGA_2M12193261+4524460.fits
apogee.apo25m.stars.140+62_MGA.2M12044721+5314164,apogee_apo25m_stars_140+62_MGA_2M12044721+5314164.fits
apogee.apo25m.stars.140-06.2M02420775+5318534,apogee_apo25m_stars_140-06_2M02420775+5318534.fits
apogee.apo25m.stars.143+60_MGA.2M11372248+5451096,apogee_apo25m_stars_143+60_MGA_2M11372248+5451096.fits
apogee.apo25m.stars.142-47_MGA.2M01443369+1255525,apogee_apo25m_stars_142-47_MGA_2M01443369+1255525.fits
apogee.apo25m.stars.142-47_MGA.2M01452298+1457547,apogee_apo25m_stars_142-47_MGA_2M01452298+1457547.fits
apogee.apo25m.stars.143-47_MGA.2M01452298+1457547,apogee_apo25m_stars_143-47_MGA_2M01452298+1457547.fits
apogee.apo25m.stars.142-47_MGA.2M01394020+1448506,apogee_apo25m_stars_142-47_MGA_2M01394020+1448506.fits
apogee.apo25m.stars.142-47_MGA.2M01401221+1459256,apogee_apo25m_stars_142-47_MGA_2M01401221+1459256.fits
apogee.apo25m.stars.141-47_MGA.2M01414368+1357054,apogee_apo25m_stars_141-47_MGA_2M01414368+1357054.fits
apogee.apo25m.stars.141+72_MGA.2M12194122+4324415,apogee_apo25m_stars_141+72_MGA_2M12194122+4324415.fits
apogee.apo25m.stars.141+72_MGA.2M12201265+4540478,apogee_apo25m_stars_141+72_MGA_2M12201265+4540478.fits
apogee.apo25m.stars.136+71_MGA.2M12201836+4526268,apogee_apo25m_stars_136+71_MGA_2M12201836+4526268.fits
apogee.apo25m.stars.143+60_MGA.2M11385665+5511581,apogee_apo25m_stars_143+60_MGA_2M11385665+5511581.fits
apogee.apo25m.stars.143+60_MGA.2M11441763+5249569,apogee_apo25m_stars_143+60_MGA_2M11441763+5249569.fits
apogee.apo25m.stars.145+62_MGA.2M11441763+5249569,apogee_apo25m_stars_145+62_MGA_2M11441763+5249569.fits
apogee.apo25m.stars.142-47_MGA.2M01414368+1357054,apogee_apo25m_stars_142-47_MGA_2M01414368+1357054.fits
apogee.apo25m.stars.143-47_MGA.2M01414368+1357054,apogee_apo25m_stars_143-47_MGA_2M01414368+1357054.fits
apogee.apo25m.stars.141-47_MGA.2M01415752+1425155,apogee_apo25m_stars_141-47_MGA_2M01415752+1425155.fits
apogee.apo25m.stars.137+70_MGA.2M12201836+4526268,apogee_apo25m_stars_137+70_MGA_2M12201836+4526268.fits
apogee.apo25m.stars.141+72_MGA.2M12201836+4526268,apogee_apo25m_stars_141+72_MGA_2M12201836+4526268.fits
apogee.apo25m.stars.141+72_MGA.2M12213011+4336284,apogee_apo25m_stars_141+72_MGA_2M12213011+4336284.fits
apogee.apo25m.stars.141-47_MGA.2M01464358+1419045,apogee_apo25m_stars_141-47_MGA_2M01464358+1419045.fits
apogee.apo25m.stars.141-47_MGA.2M01465620+1329116,apogee_apo25m_stars_141-47_MGA_2M01465620+1329116.fits
apogee.apo25m.stars.143-47_MGA.2M01465620+1329116,apogee_apo25m_stars_143-47_MGA_2M01465620+1329116.fits
apogee.apo25m.stars.139+61_MGA.2M11481067+5510495,apogee_apo25m_stars_139+61_MGA_2M11481067+5510495.fits
apogee.apo25m.stars.143+60_MGA.2M11481067+5510495,apogee_apo25m_stars_143+60_MGA_2M11481067+5510495.fits
apogee.apo25m.stars.143+60_MGA.2M11492910+5258210,apogee_apo25m_stars_143+60_MGA_2M11492910+5258210.fits
apogee.apo25m.stars.141+72_MGA.2M12214276+4253232,apogee_apo25m_stars_141+72_MGA_2M12214276+4253232.fits
apogee.apo25m.stars.141+72_MGA.2M12220926+4313142,apogee_apo25m_stars_141+72_MGA_2M12220926+4313142.fits
apogee.apo25m.stars.136+71_MGA.2M12233033+4527207,apogee_apo25m_stars_136+71_MGA_2M12233033+4527207.fits
apogee.apo25m.stars.142-47_MGA.2M01421294+1506559,apogee_apo25m_stars_142-47_MGA_2M01421294+1506559.fits
apogee.apo25m.stars.142-47_MGA.2M01440346+1524595,apogee_apo25m_stars_142-47_MGA_2M01440346+1524595.fits
apogee.apo25m.stars.142-47_MGA.2M01443369+1255525,apogee_apo25m_stars_142-47_MGA_2M01443369+1255525.fits
apogee.apo25m.stars.141-47_MGA.2M01470206+1401236,apogee_apo25m_stars_141-47_MGA_2M01470206+1401236.fits
apogee.apo25m.stars.141-47_MGA.2M01475456+1342059,apogee_apo25m_stars_141-47_MGA_2M01475456+1342059.fits
apogee.apo25m.stars.142-47_MGA.2M01483030+1356197,apogee_apo25m_stars_142-47_MGA_2M01483030+1356197.fits
apogee.apo25m.stars.141+72_MGA.2M12233033+4527207,apogee_apo25m_stars_141+72_MGA_2M12233033+4527207.fits
apogee.apo25m.stars.141+72_MGA.2M12251135+4308461,apogee_apo25m_stars_141+72_MGA_2M12251135+4308461.fits
apogee.apo25m.stars.141+72_MGA.2M12254193+4348224,apogee_apo25m_stars_141+72_MGA_2M12254193+4348224.fits
apogee.apo25m.stars.142-47_MGA.2M01452298+1457547,apogee_apo25m_stars_142-47_MGA_2M01452298+1457547.fits
apogee.apo25m.stars.143-47_MGA.2M01452298+1457547,apogee_apo25m_stars_143-47_MGA_2M01452298+1457547.fits
apogee.apo25m.stars.141-47_MGA.2M01464358+1419045,apogee_apo25m_stars_141-47_MGA_2M01464358+1419045.fits
apogee.apo25m.stars.141-47_MGA.2M01372459+1409050,apogee_apo25m_stars_141-47_MGA_2M01372459+1409050.fits
apogee.apo25m.stars.141-47_MGA.2M01373858+1437409,apogee_apo25m_stars_141-47_MGA_2M01373858+1437409.fits
apogee.apo25m.stars.141-47_MGA.2M01395465+1513423,apogee_apo25m_stars_141-47_MGA_2M01395465+1513423.fits
apogee.apo25m.stars.143-47_MGA.2M01513480+1441591,apogee_apo25m_stars_143-47_MGA_2M01513480+1441591.fits
apogee.apo25m.stars.143-47_MGA.2M01514567+1355072,apogee_apo25m_stars_143-47_MGA_2M01514567+1355072.fits
apogee.apo25m.stars.144+70_MGA.2M12055066+4619535,apogee_apo25m_stars_144+70_MGA_2M12055066+4619535.fits
apogee.apo25m.stars.145+62_MGA.2M11492910+5258210,apogee_apo25m_stars_145+62_MGA_2M11492910+5258210.fits
apogee.apo25m.stars.143+60_MGA.2M11494425+5410081,apogee_apo25m_stars_143+60_MGA_2M11494425+5410081.fits
apogee.apo25m.stars.140+62_MGA.2M11531709+5322592,apogee_apo25m_stars_140+62_MGA_2M11531709+5322592.fits
apogee.apo25m.stars.141-47_MGA.2M01414368+1357054,apogee_apo25m_stars_141-47_MGA_2M01414368+1357054.fits
apogee.apo25m.stars.142-47_MGA.2M01414368+1357054,apogee_apo25m_stars_142-47_MGA_2M01414368+1357054.fits
apogee.apo25m.stars.143-47_MGA.2M01414368+1357054,apogee_apo25m_stars_143-47_MGA_2M01414368+1357054.fits
apogee.apo25m.stars.143+60_MGA.2M11531709+5322592,apogee_apo25m_stars_143+60_MGA_2M11531709+5322592.fits
apogee.apo25m.stars.139+00.2M02570542+5735477,apogee_apo25m_stars_139+00_2M02570542+5735477.fits
apogee.apo25m.stars.143+76_MGA.2M12222800+4008133,apogee_apo25m_stars_143+76_MGA_2M12222800+4008133.fits
apogee.apo25m.stars.144+70_MGA.2M12063881+4631175,apogee_apo25m_stars_144+70_MGA_2M12063881+4631175.fits
apogee.apo25m.stars.144+70_MGA.2M12085544+4644169,apogee_apo25m_stars_144+70_MGA_2M12085544+4644169.fits
apogee.apo25m.stars.144+70_MGA.2M12104608+4506226,apogee_apo25m_stars_144+70_MGA_2M12104608+4506226.fits
apogee.apo25m.stars.143+76_MGA.2M12230817+4104295,apogee_apo25m_stars_143+76_MGA_2M12230817+4104295.fits
apogee.apo25m.stars.143+76_MGA.2M12250804+3835426,apogee_apo25m_stars_143+76_MGA_2M12250804+3835426.fits
apogee.apo25m.stars.143+76_MGA.2M12251557+4013104,apogee_apo25m_stars_143+76_MGA_2M12251557+4013104.fits
apogee.apo25m.stars.141-47_MGA.2M01415752+1425155,apogee_apo25m_stars_141-47_MGA_2M01415752+1425155.fits
apogee.apo25m.stars.142-47_MGA.2M01421294+1506559,apogee_apo25m_stars_142-47_MGA_2M01421294+1506559.fits
apogee.apo25m.stars.141-47_MGA.2M01452335+1348042,apogee_apo25m_stars_141-47_MGA_2M01452335+1348042.fits
apogee.apo25m.stars.144+70_MGA.2M12120328+4644584,apogee_apo25m_stars_144+70_MGA_2M12120328+4644584.fits
apogee.apo25m.stars.144+70_MGA.2M12164585+4526500,apogee_apo25m_stars_144+70_MGA_2M12164585+4526500.fits
apogee.apo25m.stars.145+62_MGA.2M11363081+5253514,apogee_apo25m_stars_145+62_MGA_2M11363081+5253514.fits
apogee.apo25m.stars.143-47_MGA.2M01452335+1348042,apogee_apo25m_stars_143-47_MGA_2M01452335+1348042.fits
apogee.apo25m.stars.141-47_MGA.2M01464358+1419045,apogee_apo25m_stars_141-47_MGA_2M01464358+1419045.fits
apogee.apo25m.stars.141-47_MGA.2M01470206+1401236,apogee_apo25m_stars_141-47_MGA_2M01470206+1401236.fits
apogee.apo25m.stars.147+60_MGA.2M11363081+5253514,apogee_apo25m_stars_147+60_MGA_2M11363081+5253514.fits
apogee.apo25m.stars.145+62_MGA.2M11390833+5217229,apogee_apo25m_stars_145+62_MGA_2M11390833+5217229.fits
apogee.apo25m.stars.147+60_MGA.2M11390833+5217229,apogee_apo25m_stars_147+60_MGA_2M11390833+5217229.fits
apogee.apo25m.stars.143+76_MGA.2M12261558+4046565,apogee_apo25m_stars_143+76_MGA_2M12261558+4046565.fits
apogee.apo25m.stars.143+76_MGA.2M12311853+4012293,apogee_apo25m_stars_143+76_MGA_2M12311853+4012293.fits
apogee.apo25m.stars.141-47_MGA.2M01414368+1357054,apogee_apo25m_stars_141-47_MGA_2M01414368+1357054.fits
apogee.apo25m.stars.149+62_MGA.2M11390833+5217229,apogee_apo25m_stars_149+62_MGA_2M11390833+5217229.fits
apogee.apo25m.stars.145+62_MGA.2M11394764+5222480,apogee_apo25m_stars_145+62_MGA_2M11394764+5222480.fits
apogee.apo25m.stars.147+60_MGA.2M11394764+5222480,apogee_apo25m_stars_147+60_MGA_2M11394764+5222480.fits
apogee.apo25m.stars.143+60_MGA.2M11404622+5253592,apogee_apo25m_stars_143+60_MGA_2M11404622+5253592.fits
apogee.apo25m.stars.145+62_MGA.2M11404622+5253592,apogee_apo25m_stars_145+62_MGA_2M11404622+5253592.fits
apogee.apo25m.stars.147+60_MGA.2M11404622+5253592,apogee_apo25m_stars_147+60_MGA_2M11404622+5253592.fits
apogee.apo25m.stars.145+62_MGA.2M11424799+5059567,apogee_apo25m_stars_145+62_MGA_2M11424799+5059567.fits
apogee.apo25m.stars.147+64_MGA.2M11424799+5059567,apogee_apo25m_stars_147+64_MGA_2M11424799+5059567.fits
apogee.apo25m.stars.143+60_MGA.2M11433679+5326016,apogee_apo25m_stars_143+60_MGA_2M11433679+5326016.fits
apogee.apo25m.stars.143+60_MGA.2M11441763+5249569,apogee_apo25m_stars_143+60_MGA_2M11441763+5249569.fits
apogee.apo25m.stars.145+62_MGA.2M11441763+5249569,apogee_apo25m_stars_145+62_MGA_2M11441763+5249569.fits
apogee.apo25m.stars.145+62_MGA.2M11443787+5145241,apogee_apo25m_stars_145+62_MGA_2M11443787+5145241.fits
apogee.apo25m.stars.145+62_MGA.2M11473608+5159055,apogee_apo25m_stars_145+62_MGA_2M11473608+5159055.fits
apogee.apo25m.stars.143+60_MGA.2M11492910+5258210,apogee_apo25m_stars_143+60_MGA_2M11492910+5258210.fits
apogee.apo25m.stars.145+62_MGA.2M11492910+5258210,apogee_apo25m_stars_145+62_MGA_2M11492910+5258210.fits
apogee.apo25m.stars.145+62_MGA.2M11493368+5118318,apogee_apo25m_stars_145+62_MGA_2M11493368+5118318.fits
apogee.apo25m.stars.147+64_MGA.2M11493368+5118318,apogee_apo25m_stars_147+64_MGA_2M11493368+5118318.fits
apogee.apo25m.stars.145+62_MGA.2M11550610+5233022,apogee_apo25m_stars_145+62_MGA_2M11550610+5233022.fits
apogee.apo25m.stars.139-04.2M02412995+5406567,apogee_apo25m_stars_139-04_2M02412995+5406567.fits
apogee.apo25m.stars.139-04.2M02524421+5611035,apogee_apo25m_stars_139-04_2M02524421+5611035.fits
apogee.apo25m.stars.142-47_MGA.2M01500395+1342514,apogee_apo25m_stars_142-47_MGA_2M01500395+1342514.fits
apogee.apo25m.stars.142-47_MGA.2M01414368+1357054,apogee_apo25m_stars_142-47_MGA_2M01414368+1357054.fits
apogee.apo25m.stars.143-47_MGA.2M01414368+1357054,apogee_apo25m_stars_143-47_MGA_2M01414368+1357054.fits
apogee.apo25m.stars.145+62_MGA.2M11390833+5217229,apogee_apo25m_stars_145+62_MGA_2M11390833+5217229.fits
apogee.apo25m.stars.146+36_btx.2M08511950+6710226,apogee_apo25m_stars_146+36_btx_2M08511950+6710226.fits
apogee.apo25m.stars.146-04.2M03264782+5256030,apogee_apo25m_stars_146-04_2M03264782+5256030.fits
apogee.apo25m.stars.146-04.2M03274451+5017102,apogee_apo25m_stars_146-04_2M03274451+5017102.fits
apogee.apo25m.stars.141-47_MGA.2M01470206+1401236,apogee_apo25m_stars_141-47_MGA_2M01470206+1401236.fits
apogee.apo25m.stars.142-47_MGA.2M01483030+1356197,apogee_apo25m_stars_142-47_MGA_2M01483030+1356197.fits
apogee.apo25m.stars.147-46_MGA.2M01540452+1346184,apogee_apo25m_stars_147-46_MGA_2M01540452+1346184.fits
apogee.apo25m.stars.141-47_MGA.2M01475456+1342059,apogee_apo25m_stars_141-47_MGA_2M01475456+1342059.fits
apogee.apo25m.stars.149+59_MGA.2M11171281+5414461,apogee_apo25m_stars_149+59_MGA_2M11171281+5414461.fits
apogee.apo25m.stars.149+59_MGA.2M11172875+5357423,apogee_apo25m_stars_149+59_MGA_2M11172875+5357423.fits
apogee.apo25m.stars.146-46_MGA.2M01500395+1342514,apogee_apo25m_stars_146-46_MGA_2M01500395+1342514.fits
apogee.apo25m.stars.146-46_MGA.2M01520141+1423528,apogee_apo25m_stars_146-46_MGA_2M01520141+1423528.fits
apogee.apo25m.stars.143-47_MGA.2M01524672+1354221,apogee_apo25m_stars_143-47_MGA_2M01524672+1354221.fits
apogee.apo25m.stars.146-46_MGA.2M01524672+1354221,apogee_apo25m_stars_146-46_MGA_2M01524672+1354221.fits
apogee.apo25m.stars.146-46_MGA.2M01532632+1228416,apogee_apo25m_stars_146-46_MGA_2M01532632+1228416.fits
apogee.apo25m.stars.146-46_MGA.2M01534558+1453241,apogee_apo25m_stars_146-46_MGA_2M01534558+1453241.fits
apogee.apo25m.stars.147+60_MGA.2M11390833+5217229,apogee_apo25m_stars_147+60_MGA_2M11390833+5217229.fits
apogee.apo25m.stars.149+62_MGA.2M11390833+5217229,apogee_apo25m_stars_149+62_MGA_2M11390833+5217229.fits
apogee.apo25m.stars.149+72_MGA.2M12045763+4305084,apogee_apo25m_stars_149+72_MGA_2M12045763+4305084.fits
apogee.apo25m.stars.146-46_MGA.2M01552664+1320559,apogee_apo25m_stars_146-46_MGA_2M01552664+1320559.fits
apogee.apo25m.stars.147-46_MGA.2M01554483+1229499,apogee_apo25m_stars_147-46_MGA_2M01554483+1229499.fits
apogee.apo25m.stars.146-46_MGA.2M01595755+1438391,apogee_apo25m_stars_146-46_MGA_2M01595755+1438391.fits
apogee.apo25m.stars.149+59_MGA.2M11210924+5205228,apogee_apo25m_stars_149+59_MGA_2M11210924+5205228.fits
apogee.apo25m.stars.151+60_MGA.2M11210924+5205228,apogee_apo25m_stars_151+60_MGA_2M11210924+5205228.fits
apogee.apo25m.stars.149+59_MGA.2M11211591+5251194,apogee_apo25m_stars_149+59_MGA_2M11211591+5251194.fits
apogee.apo25m.stars.147-46_MGA.2M01540452+1346184,apogee_apo25m_stars_147-46_MGA_2M01540452+1346184.fits
apogee.apo25m.stars.146-46_MGA.2M01552582+1301543,apogee_apo25m_stars_146-46_MGA_2M01552582+1301543.fits
apogee.apo25m.stars.146-46_MGA.2M01552664+1320559,apogee_apo25m_stars_146-46_MGA_2M01552664+1320559.fits
apogee.apo25m.stars.149+72_MGA.2M12051688+4227336,apogee_apo25m_stars_149+72_MGA_2M12051688+4227336.fits
apogee.apo25m.stars.149+72_MGA.2M12061368+4158547,apogee_apo25m_stars_149+72_MGA_2M12061368+4158547.fits
apogee.apo25m.stars.149+72_MGA.2M12093672+4412027,apogee_apo25m_stars_149+72_MGA_2M12093672+4412027.fits
apogee.apo25m.stars.147-46_MGA.2M01595755+1438391,apogee_apo25m_stars_147-46_MGA_2M01595755+1438391.fits
apogee.apo25m.stars.147-46_MGA.2M02025680+1359515,apogee_apo25m_stars_147-46_MGA_2M02025680+1359515.fits
apogee.apo25m.stars.147-46_MGA.2M02033474+1430152,apogee_apo25m_stars_147-46_MGA_2M02033474+1430152.fits
apogee.apo25m.stars.146-46_MGA.2M01553681+1436288,apogee_apo25m_stars_146-46_MGA_2M01553681+1436288.fits
apogee.apo25m.stars.147-46_MGA.2M01554483+1229499,apogee_apo25m_stars_147-46_MGA_2M01554483+1229499.fits
apogee.apo25m.stars.146-46_MGA.2M01560865+1323466,apogee_apo25m_stars_146-46_MGA_2M01560865+1323466.fits
apogee.apo25m.stars.149+72_MGA.2M12100655+4217413,apogee_apo25m_stars_149+72_MGA_2M12100655+4217413.fits
apogee.apo25m.stars.149+72_MGA.2M12105539+4234203,apogee_apo25m_stars_149+72_MGA_2M12105539+4234203.fits
apogee.apo25m.stars.149+72_MGA.2M12114600+4315094,apogee_apo25m_stars_149+72_MGA_2M12114600+4315094.fits
apogee.apo25m.stars.151+60_MGA.2M11211591+5251194,apogee_apo25m_stars_151+60_MGA_2M11211591+5251194.fits
apogee.apo25m.stars.149+59_MGA.2M11281807+5314183,apogee_apo25m_stars_149+59_MGA_2M11281807+5314183.fits
apogee.apo25m.stars.147+60_MGA.2M11312023+5352559,apogee_apo25m_stars_147+60_MGA_2M11312023+5352559.fits
apogee.apo25m.stars.146-46_MGA.2M01572794+1222107,apogee_apo25m_stars_146-46_MGA_2M01572794+1222107.fits
apogee.apo25m.stars.146-46_MGA.2M01574681+1413020,apogee_apo25m_stars_146-46_MGA_2M01574681+1413020.fits
apogee.apo25m.stars.146-46_MGA.2M01574912+1349360,apogee_apo25m_stars_146-46_MGA_2M01574912+1349360.fits
apogee.apo25m.stars.146+08.2M04224208+6056595,apogee_apo25m_stars_146+08_2M04224208+6056595.fits
apogee.apo25m.stars.146+12.2M04414851+6431348,apogee_apo25m_stars_146+12_2M04414851+6431348.fits
apogee.apo25m.stars.146-08.2M03162811+4935111,apogee_apo25m_stars_146-08_2M03162811+4935111.fits
apogee.apo25m.stars.146-04.2M03303077+5216201,apogee_apo25m_stars_146-04_2M03303077+5216201.fits
apogee.apo25m.stars.146-04.2M03310879+5020465,apogee_apo25m_stars_146-04_2M03310879+5020465.fits
apogee.apo25m.stars.146-08.2M03140068+4716181,apogee_apo25m_stars_146-08_2M03140068+4716181.fits
apogee.apo25m.stars.147-46_MGA.2M02042807+1359133,apogee_apo25m_stars_147-46_MGA_2M02042807+1359133.fits
apogee.apo25m.stars.150+08.2M04552625+5754583,apogee_apo25m_stars_150+08_2M04552625+5754583.fits
apogee.apo25m.stars.150+30.2M07300616+6616001,apogee_apo25m_stars_150+30_2M07300616+6616001.fits
apogee.apo25m.stars.143+60_MGA.2M11531709+5322592,apogee_apo25m_stars_143+60_MGA_2M11531709+5322592.fits
apogee.apo25m.stars.150+08.2M04395184+5805513,apogee_apo25m_stars_150+08_2M04395184+5805513.fits
apogee.apo25m.stars.150+08.2M04474398+5757099,apogee_apo25m_stars_150+08_2M04474398+5757099.fits
apogee.apo25m.stars.149+72_MGA.2M12122183+4207016,apogee_apo25m_stars_149+72_MGA_2M12122183+4207016.fits
apogee.apo25m.stars.149+72_MGA.2M12131073+4315058,apogee_apo25m_stars_149+72_MGA_2M12131073+4315058.fits
apogee.apo25m.stars.141+72_MGA.2M12145713+4300491,apogee_apo25m_stars_141+72_MGA_2M12145713+4300491.fits
apogee.apo25m.stars.149+59_MGA.2M11312023+5352559,apogee_apo25m_stars_149+59_MGA_2M11312023+5352559.fits
apogee.apo25m.stars.149+62_MGA.2M11283744+5103384,apogee_apo25m_stars_149+62_MGA_2M11283744+5103384.fits
apogee.apo25m.stars.149+62_MGA.2M11300760+5011054,apogee_apo25m_stars_149+62_MGA_2M11300760+5011054.fits
apogee.apo25m.stars.149+72_MGA.2M12145713+4300491,apogee_apo25m_stars_149+72_MGA_2M12145713+4300491.fits
apogee.apo25m.stars.146-46_MGA.2M02002073+1336302,apogee_apo25m_stars_146-46_MGA_2M02002073+1336302.fits
apogee.apo25m.stars.149-46_MGA.2M02002073+1336302,apogee_apo25m_stars_149-46_MGA_2M02002073+1336302.fits
apogee.apo25m.stars.150+00.2M04043018+5245249,apogee_apo25m_stars_150+00_2M04043018+5245249.fits
apogee.apo25m.stars.150+04.2M04140963+5517205,apogee_apo25m_stars_150+04_2M04140963+5517205.fits
apogee.apo25m.stars.150+04.2M04150037+5527450,apogee_apo25m_stars_150+04_2M04150037+5527450.fits
apogee.apo25m.stars.147-46_MGA.2M01574912+1349360,apogee_apo25m_stars_147-46_MGA_2M01574912+1349360.fits
apogee.apo25m.stars.146-46_MGA.2M01584749+1315093,apogee_apo25m_stars_146-46_MGA_2M01584749+1315093.fits
apogee.apo25m.stars.146-46_MGA.2M01590532+1429009,apogee_apo25m_stars_146-46_MGA_2M01590532+1429009.fits
apogee.apo25m.stars.147-46_MGA.2M02003508+1348350,apogee_apo25m_stars_147-46_MGA_2M02003508+1348350.fits
apogee.apo25m.stars.149-46_MGA.2M02003508+1348350,apogee_apo25m_stars_149-46_MGA_2M02003508+1348350.fits
apogee.apo25m.stars.146-46_MGA.2M02011625+1334250,apogee_apo25m_stars_146-46_MGA_2M02011625+1334250.fits
apogee.apo25m.stars.152+63_MGA.2M11300760+5011054,apogee_apo25m_stars_152+63_MGA_2M11300760+5011054.fits
apogee.apo25m.stars.154+62_MGA.2M11300760+5011054,apogee_apo25m_stars_154+62_MGA_2M11300760+5011054.fits
apogee.apo25m.stars.149+62_MGA.2M11344279+5001444,apogee_apo25m_stars_149+62_MGA_2M11344279+5001444.fits
apogee.apo25m.stars.146-46_MGA.2M01595755+1438391,apogee_apo25m_stars_146-46_MGA_2M01595755+1438391.fits
apogee.apo25m.stars.147-46_MGA.2M01595755+1438391,apogee_apo25m_stars_147-46_MGA_2M01595755+1438391.fits
apogee.apo25m.stars.146-46_MGA.2M02000752+1303196,apogee_apo25m_stars_146-46_MGA_2M02000752+1303196.fits
apogee.apo25m.stars.150+30.2M07333450+6640198,apogee_apo25m_stars_150+30_2M07333450+6640198.fits
apogee.apo25m.stars.143+76_MGA.2M12222800+4008133,apogee_apo25m_stars_143+76_MGA_2M12222800+4008133.fits
apogee.apo25m.stars.150-04.2M03415148+4928238,apogee_apo25m_stars_150-04_2M03415148+4928238.fits
apogee.apo25m.stars.149-46_MGA.2M02011625+1334250,apogee_apo25m_stars_149-46_MGA_2M02011625+1334250.fits
apogee.apo25m.stars.149-46_MGA.2M02021555+1417373,apogee_apo25m_stars_149-46_MGA_2M02021555+1417373.fits
apogee.apo25m.stars.149-46_MGA.2M02022502+1416238,apogee_apo25m_stars_149-46_MGA_2M02022502+1416238.fits
apogee.apo25m.stars.150+04.2M04250883+5536237,apogee_apo25m_stars_150+04_2M04250883+5536237.fits
apogee.apo25m.stars.150-08.2M03273731+4629111,apogee_apo25m_stars_150-08_2M03273731+4629111.fits
apogee.apo25m.stars.150-08.2M03303635+4513075,apogee_apo25m_stars_150-08_2M03303635+4513075.fits
apogee.apo25m.stars.149+62_MGA.2M11375380+5118032,apogee_apo25m_stars_149+62_MGA_2M11375380+5118032.fits
apogee.apo25m.stars.150-16.2M03044811+3950376,apogee_apo25m_stars_150-16_2M03044811+3950376.fits
apogee.apo25m.stars.150-16.2M03093012+3935194,apogee_apo25m_stars_150-16_2M03093012+3935194.fits
apogee.apo25m.stars.147+60_MGA.2M11283696+5311307,apogee_apo25m_stars_147+60_MGA_2M11283696+5311307.fits
apogee.apo25m.stars.147+60_MGA.2M11295577+5142464,apogee_apo25m_stars_147+60_MGA_2M11295577+5142464.fits
apogee.apo25m.stars.151+60_MGA.2M11295577+5142464,apogee_apo25m_stars_151+60_MGA_2M11295577+5142464.fits
apogee.apo25m.stars.147-46_MGA.2M02025680+1359515,apogee_apo25m_stars_147-46_MGA_2M02025680+1359515.fits
apogee.apo25m.stars.147-46_MGA.2M02033474+1430152,apogee_apo25m_stars_147-46_MGA_2M02033474+1430152.fits
apogee.apo25m.stars.149-46_MGA.2M02052600+1417417,apogee_apo25m_stars_149-46_MGA_2M02052600+1417417.fits
apogee.apo25m.stars.150-16.2M03105634+4017182,apogee_apo25m_stars_150-16_2M03105634+4017182.fits
apogee.apo25m.stars.150-16.2M03144246+4015487,apogee_apo25m_stars_150-16_2M03144246+4015487.fits
apogee.apo25m.stars.150-30.2M02311158+2745086,apogee_apo25m_stars_150-30_2M02311158+2745086.fits
apogee.apo25m.stars.147+60_MGA.2M11312023+5352559,apogee_apo25m_stars_147+60_MGA_2M11312023+5352559.fits
apogee.apo25m.stars.149+59_MGA.2M11312023+5352559,apogee_apo25m_stars_149+59_MGA_2M11312023+5352559.fits
apogee.apo25m.stars.147+60_MGA.2M11312466+5159407,apogee_apo25m_stars_147+60_MGA_2M11312466+5159407.fits
apogee.apo25m.stars.151+60_MGA.2M11233458+5106459,apogee_apo25m_stars_151+60_MGA_2M11233458+5106459.fits
apogee.apo25m.stars.155+65_MGA.2M11381687+4736322,apogee_apo25m_stars_155+65_MGA_2M11381687+4736322.fits
apogee.apo25m.stars.150+65_MGA.2M11395609+4910522,apogee_apo25m_stars_150+65_MGA_2M11395609+4910522.fits
apogee.apo25m.stars.152+63_MGA.2M11395609+4910522,apogee_apo25m_stars_152+63_MGA_2M11395609+4910522.fits
apogee.apo25m.stars.150+65_MGA.2M11414595+4851330,apogee_apo25m_stars_150+65_MGA_2M11414595+4851330.fits
apogee.apo25m.stars.152+63_MGA.2M11414595+4851330,apogee_apo25m_stars_152+63_MGA_2M11414595+4851330.fits
apogee.apo25m.stars.151-45_MGA.2M02085191+1302248,apogee_apo25m_stars_151-45_MGA_2M02085191+1302248.fits
apogee.apo25m.stars.151-45_MGA.2M02085281+1259547,apogee_apo25m_stars_151-45_MGA_2M02085281+1259547.fits
apogee.apo25m.stars.149-46_MGA.2M02085397+1323060,apogee_apo25m_stars_149-46_MGA_2M02085397+1323060.fits
apogee.apo25m.stars.150-30.2M02332290+2746325,apogee_apo25m_stars_150-30_2M02332290+2746325.fits
apogee.apo25m.stars.150-30.2M02352717+2731170,apogee_apo25m_stars_150-30_2M02352717+2731170.fits
apogee.apo25m.stars.150-30.2M02360423+2814394,apogee_apo25m_stars_150-30_2M02360423+2814394.fits
apogee.apo25m.stars.147+64_MGA.2M11434386+4942401,apogee_apo25m_stars_147+64_MGA_2M11434386+4942401.fits
apogee.apo25m.stars.150+65_MGA.2M11434386+4942401,apogee_apo25m_stars_150+65_MGA_2M11434386+4942401.fits
apogee.apo25m.stars.150+65_MGA.2M11445960+4937529,apogee_apo25m_stars_150+65_MGA_2M11445960+4937529.fits
apogee.apo25m.stars.150-04.2M03474462+4931510,apogee_apo25m_stars_150-04_2M03474462+4931510.fits
apogee.apo25m.stars.150-04.2M03482724+5025211,apogee_apo25m_stars_150-04_2M03482724+5025211.fits
apogee.apo25m.stars.150-04.2M03503397+4959030,apogee_apo25m_stars_150-04_2M03503397+4959030.fits
apogee.apo25m.stars.151+60_MGA.2M11312466+5159407,apogee_apo25m_stars_151+60_MGA_2M11312466+5159407.fits
apogee.apo25m.stars.145+62_MGA.2M11390833+5217229,apogee_apo25m_stars_145+62_MGA_2M11390833+5217229.fits
apogee.apo25m.stars.147+60_MGA.2M11390833+5217229,apogee_apo25m_stars_147+60_MGA_2M11390833+5217229.fits
apogee.apo25m.stars.149+62_MGA.2M11390833+5217229,apogee_apo25m_stars_149+62_MGA_2M11390833+5217229.fits
apogee.apo25m.stars.147+60_MGA.2M11391202+5401546,apogee_apo25m_stars_147+60_MGA_2M11391202+5401546.fits
apogee.apo25m.stars.147+60_MGA.2M11393937+5348037,apogee_apo25m_stars_147+60_MGA_2M11393937+5348037.fits
apogee.apo25m.stars.150-08.2M03364343+4656498,apogee_apo25m_stars_150-08_2M03364343+4656498.fits
apogee.apo25m.stars.150-60.2M01401938+0057596,apogee_apo25m_stars_150-60_2M01401938+0057596.fits
apogee.apo25m.stars.150-60.2M01444430+0008520,apogee_apo25m_stars_150-60_2M01444430+0008520.fits
apogee.apo25m.stars.150-30.2M02384849+2830211,apogee_apo25m_stars_150-30_2M02384849+2830211.fits
apogee.apo25m.stars.147-46_MGA.2M02033474+1430152,apogee_apo25m_stars_147-46_MGA_2M02033474+1430152.fits
apogee.apo25m.stars.149-46_MGA.2M02052600+1417417,apogee_apo25m_stars_149-46_MGA_2M02052600+1417417.fits
apogee.apo25m.stars.145+62_MGA.2M11394764+5222480,apogee_apo25m_stars_145+62_MGA_2M11394764+5222480.fits
apogee.apo25m.stars.147+60_MGA.2M11394764+5222480,apogee_apo25m_stars_147+60_MGA_2M11394764+5222480.fits
apogee.apo25m.stars.149+62_MGA.2M11405339+5155127,apogee_apo25m_stars_149+62_MGA_2M11405339+5155127.fits
apogee.apo25m.stars.143+60_MGA.2M11411995+5316115,apogee_apo25m_stars_143+60_MGA_2M11411995+5316115.fits
apogee.apo25m.stars.145+62_MGA.2M11411995+5316115,apogee_apo25m_stars_145+62_MGA_2M11411995+5316115.fits
apogee.apo25m.stars.147+60_MGA.2M11411995+5316115,apogee_apo25m_stars_147+60_MGA_2M11411995+5316115.fits
apogee.apo25m.stars.150+65_MGA.2M11455063+4914145,apogee_apo25m_stars_150+65_MGA_2M11455063+4914145.fits
apogee.apo25m.stars.150+65_MGA.2M11460732+4843404,apogee_apo25m_stars_150+65_MGA_2M11460732+4843404.fits
apogee.apo25m.stars.147+64_MGA.2M11462075+4935128,apogee_apo25m_stars_147+64_MGA_2M11462075+4935128.fits
apogee.apo25m.stars.150-60.2M01464653+0108343,apogee_apo25m_stars_150-60_2M01464653+0108343.fits
apogee.apo25m.stars.150-60.2M01482095+0037574,apogee_apo25m_stars_150-60_2M01482095+0037574.fits
apogee.apo25m.stars.151+60_MGA.2M11191697+5225196,apogee_apo25m_stars_151+60_MGA_2M11191697+5225196.fits
apogee.apo25m.stars.147+64_MGA.2M11405694+5028127,apogee_apo25m_stars_147+64_MGA_2M11405694+5028127.fits
apogee.apo25m.stars.149+62_MGA.2M11405694+5028127,apogee_apo25m_stars_149+62_MGA_2M11405694+5028127.fits
apogee.apo25m.stars.150+65_MGA.2M11415576+4931344,apogee_apo25m_stars_150+65_MGA_2M11415576+4931344.fits
apogee.apo25m.stars.151-45_MGA.2M02085397+1323060,apogee_apo25m_stars_151-45_MGA_2M02085397+1323060.fits
apogee.apo25m.stars.150+00.2M03573805+5329074,apogee_apo25m_stars_150+00_2M03573805+5329074.fits
apogee.apo25m.stars.150+00.2M03590597+5336162,apogee_apo25m_stars_150+00_2M03590597+5336162.fits
apogee.apo25m.stars.151+60_MGA.2M11200499+5048133,apogee_apo25m_stars_151+60_MGA_2M11200499+5048133.fits
apogee.apo25m.stars.151+60_MGA.2M11215247+5017195,apogee_apo25m_stars_151+60_MGA_2M11215247+5017195.fits
apogee.apo25m.stars.154+62_MGA.2M11215247+5017195,apogee_apo25m_stars_154+62_MGA_2M11215247+5017195.fits
apogee.apo25m.stars.150+65_MGA.2M11462075+4935128,apogee_apo25m_stars_150+65_MGA_2M11462075+4935128.fits
apogee.apo25m.stars.150+65_MGA.2M11511338+4841087,apogee_apo25m_stars_150+65_MGA_2M11511338+4841087.fits
apogee.apo25m.stars.150+75.2M12100218+4035078,apogee_apo25m_stars_150+75_2M12100218+4035078.fits
apogee.apo25m.stars.145+62_MGA.2M11424799+5059567,apogee_apo25m_stars_145+62_MGA_2M11424799+5059567.fits
apogee.apo25m.stars.147+64_MGA.2M11424799+5059567,apogee_apo25m_stars_147+64_MGA_2M11424799+5059567.fits
apogee.apo25m.stars.145+62_MGA.2M11431516+5132168,apogee_apo25m_stars_145+62_MGA_2M11431516+5132168.fits
apogee.apo25m.stars.147+64_MGA.2M11434386+4942401,apogee_apo25m_stars_147+64_MGA_2M11434386+4942401.fits
apogee.apo25m.stars.150+65_MGA.2M11434386+4942401,apogee_apo25m_stars_150+65_MGA_2M11434386+4942401.fits
apogee.apo25m.stars.147+64_MGA.2M11435440+4909098,apogee_apo25m_stars_147+64_MGA_2M11435440+4909098.fits
apogee.apo25m.stars.151+60_MGA.2M11230808+5212478,apogee_apo25m_stars_151+60_MGA_2M11230808+5212478.fits
apogee.apo25m.stars.151+60_MGA.2M11233458+5106459,apogee_apo25m_stars_151+60_MGA_2M11233458+5106459.fits
apogee.apo25m.stars.151+60_MGA.2M11265694+5129515,apogee_apo25m_stars_151+60_MGA_2M11265694+5129515.fits
apogee.apo25m.stars.149+62_MGA.2M11283744+5103384,apogee_apo25m_stars_149+62_MGA_2M11283744+5103384.fits
apogee.apo25m.stars.147+60_MGA.2M11295577+5142464,apogee_apo25m_stars_147+60_MGA_2M11295577+5142464.fits
apogee.apo25m.stars.151+60_MGA.2M11295577+5142464,apogee_apo25m_stars_151+60_MGA_2M11295577+5142464.fits
apogee.apo25m.stars.147+64_MGA.2M11462075+4935128,apogee_apo25m_stars_147+64_MGA_2M11462075+4935128.fits
apogee.apo25m.stars.150+65_MGA.2M11462075+4935128,apogee_apo25m_stars_150+65_MGA_2M11462075+4935128.fits
apogee.apo25m.stars.147+64_MGA.2M11530180+5027422,apogee_apo25m_stars_147+64_MGA_2M11530180+5027422.fits
apogee.apo25m.stars.151+70_MGA.2M11512077+4521272,apogee_apo25m_stars_151+70_MGA_2M11512077+4521272.fits
apogee.apo25m.stars.151+70_MGA.2M11524329+4427338,apogee_apo25m_stars_151+70_MGA_2M11524329+4427338.fits
apogee.apo25m.stars.151+70_MGA.2M11584120+4444579,apogee_apo25m_stars_151+70_MGA_2M11584120+4444579.fits
apogee.apo25m.stars.151+70_MGA.2M11584132+4451016,apogee_apo25m_stars_151+70_MGA_2M11584132+4451016.fits
apogee.apo25m.stars.151+70_MGA.2M11590731+4441588,apogee_apo25m_stars_151+70_MGA_2M11590731+4441588.fits
apogee.apo25m.stars.151+70_MGA.2M11594382+4420165,apogee_apo25m_stars_151+70_MGA_2M11594382+4420165.fits
apogee.apo25m.stars.151+70_MGA.2M12043179+4437083,apogee_apo25m_stars_151+70_MGA_2M12043179+4437083.fits
apogee.apo25m.stars.151+79_MGA.2M12195146+3557196,apogee_apo25m_stars_151+79_MGA_2M12195146+3557196.fits
apogee.apo25m.stars.163+78_MGA.2M12195146+3557196,apogee_apo25m_stars_163+78_MGA_2M12195146+3557196.fits
apogee.apo25m.stars.150+08.2M04515731+5834472,apogee_apo25m_stars_150+08_2M04515731+5834472.fits
apogee.apo25m.stars.151+79_MGA.2M12223509+3739489,apogee_apo25m_stars_151+79_MGA_2M12223509+3739489.fits
apogee.apo25m.stars.151+79_MGA.2M12234709+3709274,apogee_apo25m_stars_151+79_MGA_2M12234709+3709274.fits
apogee.apo25m.stars.150-04.2M03540366+4943510,apogee_apo25m_stars_150-04_2M03540366+4943510.fits
apogee.apo25m.stars.154+62_MGA.2M11251071+4924342,apogee_apo25m_stars_154+62_MGA_2M11251071+4924342.fits
apogee.apo25m.stars.152+63_MGA.2M11265789+4837397,apogee_apo25m_stars_152+63_MGA_2M11265789+4837397.fits
apogee.apo25m.stars.150+00.2M04015685+5233155,apogee_apo25m_stars_150+00_2M04015685+5233155.fits
apogee.apo25m.stars.154+59_MGA.2M11011199+5153312,apogee_apo25m_stars_154+59_MGA_2M11011199+5153312.fits
apogee.apo25m.stars.154+59_MGA.2M11041930+5030311,apogee_apo25m_stars_154+59_MGA_2M11041930+5030311.fits
apogee.apo25m.stars.154+62_MGA.2M11265789+4837397,apogee_apo25m_stars_154+62_MGA_2M11265789+4837397.fits
apogee.apo25m.stars.152+63_MGA.2M11272607+4931160,apogee_apo25m_stars_152+63_MGA_2M11272607+4931160.fits
apogee.apo25m.stars.154+62_MGA.2M11272607+4931160,apogee_apo25m_stars_154+62_MGA_2M11272607+4931160.fits
apogee.apo25m.stars.157+60_MGA.2M11041930+5030311,apogee_apo25m_stars_157+60_MGA_2M11041930+5030311.fits
apogee.apo25m.stars.159+58_MGA.2M11041930+5030311,apogee_apo25m_stars_159+58_MGA_2M11041930+5030311.fits
apogee.apo25m.stars.154+59_MGA.2M11044291+5228331,apogee_apo25m_stars_154+59_MGA_2M11044291+5228331.fits
apogee.apo25m.stars.154-04.2M03583393+4706074,apogee_apo25m_stars_154-04_2M03583393+4706074.fits
apogee.apo25m.stars.154-59_MGA.2M01533446-0056578,apogee_apo25m_stars_154-59_MGA_2M01533446-0056578.fits
apogee.apo25m.stars.156-59_MGA.2M01534223+0036047,apogee_apo25m_stars_156-59_MGA_2M01534223+0036047.fits
apogee.apo25m.stars.152+63_MGA.2M11290228+4808556,apogee_apo25m_stars_152+63_MGA_2M11290228+4808556.fits
apogee.apo25m.stars.155+65_MGA.2M11290228+4808556,apogee_apo25m_stars_155+65_MGA_2M11290228+4808556.fits
apogee.apo25m.stars.149+62_MGA.2M11300760+5011054,apogee_apo25m_stars_149+62_MGA_2M11300760+5011054.fits
apogee.apo25m.stars.154+59_MGA.2M11060071+5025159,apogee_apo25m_stars_154+59_MGA_2M11060071+5025159.fits
apogee.apo25m.stars.157+60_MGA.2M11060071+5025159,apogee_apo25m_stars_157+60_MGA_2M11060071+5025159.fits
apogee.apo25m.stars.159+58_MGA.2M11060071+5025159,apogee_apo25m_stars_159+58_MGA_2M11060071+5025159.fits
apogee.apo25m.stars.152+63_MGA.2M11300760+5011054,apogee_apo25m_stars_152+63_MGA_2M11300760+5011054.fits
apogee.apo25m.stars.154+62_MGA.2M11300760+5011054,apogee_apo25m_stars_154+62_MGA_2M11300760+5011054.fits
apogee.apo25m.stars.152+63_MGA.2M11321531+4741363,apogee_apo25m_stars_152+63_MGA_2M11321531+4741363.fits
apogee.apo25m.stars.154+59_MGA.2M11061523+5257095,apogee_apo25m_stars_154+59_MGA_2M11061523+5257095.fits
apogee.apo25m.stars.154+59_MGA.2M11081244+5215207,apogee_apo25m_stars_154+59_MGA_2M11081244+5215207.fits
apogee.apo25m.stars.154+59_MGA.2M11093787+5205123,apogee_apo25m_stars_154+59_MGA_2M11093787+5205123.fits
apogee.apo25m.stars.151+79_MGA.2M12254611+3819339,apogee_apo25m_stars_151+79_MGA_2M12254611+3819339.fits
apogee.apo25m.stars.151+79_MGA.2M12310019+3634370,apogee_apo25m_stars_151+79_MGA_2M12310019+3634370.fits
apogee.apo25m.stars.149-46_MGA.2M02085134+1339276,apogee_apo25m_stars_149-46_MGA_2M02085134+1339276.fits
apogee.apo25m.stars.152+63_MGA.2M11334782+4931306,apogee_apo25m_stars_152+63_MGA_2M11334782+4931306.fits
apogee.apo25m.stars.152+63_MGA.2M11362947+4751173,apogee_apo25m_stars_152+63_MGA_2M11362947+4751173.fits
apogee.apo25m.stars.155+65_MGA.2M11362947+4751173,apogee_apo25m_stars_155+65_MGA_2M11362947+4751173.fits
apogee.apo25m.stars.151-45_MGA.2M02085134+1339276,apogee_apo25m_stars_151-45_MGA_2M02085134+1339276.fits
apogee.apo25m.stars.149-46_MGA.2M02085397+1323060,apogee_apo25m_stars_149-46_MGA_2M02085397+1323060.fits
apogee.apo25m.stars.151-45_MGA.2M02085397+1323060,apogee_apo25m_stars_151-45_MGA_2M02085397+1323060.fits
apogee.apo25m.stars.154+59_MGA.2M11102533+5117225,apogee_apo25m_stars_154+59_MGA_2M11102533+5117225.fits
apogee.apo25m.stars.157+60_MGA.2M11102533+5117225,apogee_apo25m_stars_157+60_MGA_2M11102533+5117225.fits
apogee.apo25m.stars.154+59_MGA.2M11121014+5107481,apogee_apo25m_stars_154+59_MGA_2M11121014+5107481.fits
apogee.apo25m.stars.154-59_MGA.2M01542082-0121115,apogee_apo25m_stars_154-59_MGA_2M01542082-0121115.fits
apogee.apo25m.stars.154-59_MGA.2M01571320-0016221,apogee_apo25m_stars_154-59_MGA_2M01571320-0016221.fits
apogee.apo25m.stars.155+65_MGA.2M11271593+4703445,apogee_apo25m_stars_155+65_MGA_2M11271593+4703445.fits
apogee.apo25m.stars.157+60_MGA.2M11121014+5107481,apogee_apo25m_stars_157+60_MGA_2M11121014+5107481.fits
apogee.apo25m.stars.154+59_MGA.2M11143325+5131351,apogee_apo25m_stars_154+59_MGA_2M11143325+5131351.fits
apogee.apo25m.stars.154+62_MGA.2M11133311+5008160,apogee_apo25m_stars_154+62_MGA_2M11133311+5008160.fits
apogee.apo25m.stars.157+60_MGA.2M11133311+5008160,apogee_apo25m_stars_157+60_MGA_2M11133311+5008160.fits
apogee.apo25m.stars.154+62_MGA.2M11152161+5013258,apogee_apo25m_stars_154+62_MGA_2M11152161+5013258.fits
apogee.apo25m.stars.157+60_MGA.2M11152161+5013258,apogee_apo25m_stars_157+60_MGA_2M11152161+5013258.fits
apogee.apo25m.stars.157+60_MGA.2M11022446+5006440,apogee_apo25m_stars_157+60_MGA_2M11022446+5006440.fits
apogee.apo25m.stars.154+59_MGA.2M11041930+5030311,apogee_apo25m_stars_154+59_MGA_2M11041930+5030311.fits
apogee.apo25m.stars.157+60_MGA.2M11041930+5030311,apogee_apo25m_stars_157+60_MGA_2M11041930+5030311.fits
apogee.apo25m.stars.150-45.2M02092061+1419185,apogee_apo25m_stars_150-45_2M02092061+1419185.fits
apogee.apo25m.stars.156-59_MGA.2M01534223+0036047,apogee_apo25m_stars_156-59_MGA_2M01534223+0036047.fits
apogee.apo25m.stars.156-59_MGA.2M01570171+0005573,apogee_apo25m_stars_156-59_MGA_2M01570171+0005573.fits
apogee.apo25m.stars.159+58_MGA.2M11041930+5030311,apogee_apo25m_stars_159+58_MGA_2M11041930+5030311.fits
apogee.apo25m.stars.154+59_MGA.2M11060071+5025159,apogee_apo25m_stars_154+59_MGA_2M11060071+5025159.fits
apogee.apo25m.stars.157+60_MGA.2M11060071+5025159,apogee_apo25m_stars_157+60_MGA_2M11060071+5025159.fits
apogee.apo25m.stars.154+62_MGA.2M11164514+4840430,apogee_apo25m_stars_154+62_MGA_2M11164514+4840430.fits
apogee.apo25m.stars.158+63_MGA.2M11164514+4840430,apogee_apo25m_stars_158+63_MGA_2M11164514+4840430.fits
apogee.apo25m.stars.154+62_MGA.2M11165466+4945227,apogee_apo25m_stars_154+62_MGA_2M11165466+4945227.fits
apogee.apo25m.stars.159+58_MGA.2M11060071+5025159,apogee_apo25m_stars_159+58_MGA_2M11060071+5025159.fits
apogee.apo25m.stars.157+60_MGA.2M11061282+5019489,apogee_apo25m_stars_157+60_MGA_2M11061282+5019489.fits
apogee.apo25m.stars.159+58_MGA.2M11061282+5019489,apogee_apo25m_stars_159+58_MGA_2M11061282+5019489.fits
apogee.apo25m.stars.157+60_MGA.2M11165466+4945227,apogee_apo25m_stars_157+60_MGA_2M11165466+4945227.fits
apogee.apo25m.stars.154+62_MGA.2M11203938+4832113,apogee_apo25m_stars_154+62_MGA_2M11203938+4832113.fits
apogee.apo25m.stars.151+60_MGA.2M11204362+5033392,apogee_apo25m_stars_151+60_MGA_2M11204362+5033392.fits
apogee.apo25m.stars.154+59_MGA.2M11063611+5038578,apogee_apo25m_stars_154+59_MGA_2M11063611+5038578.fits
apogee.apo25m.stars.157+60_MGA.2M11063611+5038578,apogee_apo25m_stars_157+60_MGA_2M11063611+5038578.fits
apogee.apo25m.stars.157+60_MGA.2M11065977+4823418,apogee_apo25m_stars_157+60_MGA_2M11065977+4823418.fits
apogee.apo25m.stars.159-58_MGA.2M02010157-0049048,apogee_apo25m_stars_159-58_MGA_2M02010157-0049048.fits
apogee.apo25m.stars.159-58_MGA.2M02015055-0040001,apogee_apo25m_stars_159-58_MGA_2M02015055-0040001.fits
apogee.apo25m.stars.156-59_MGA.2M02022151-0021447,apogee_apo25m_stars_156-59_MGA_2M02022151-0021447.fits
apogee.apo25m.stars.158+63_MGA.2M11271593+4703445,apogee_apo25m_stars_158+63_MGA_2M11271593+4703445.fits
apogee.apo25m.stars.155+65_MGA.2M11283724+4614342,apogee_apo25m_stars_155+65_MGA_2M11283724+4614342.fits
apogee.apo25m.stars.152+63_MGA.2M11290228+4808556,apogee_apo25m_stars_152+63_MGA_2M11290228+4808556.fits
apogee.apo25m.stars.159-58_MGA.2M02023066+0036423,apogee_apo25m_stars_159-58_MGA_2M02023066+0036423.fits
apogee.apo25m.stars.156-59_MGA.2M02023179-0014522,apogee_apo25m_stars_156-59_MGA_2M02023179-0014522.fits
apogee.apo25m.stars.157-58_MGA.2M02023179-0014522,apogee_apo25m_stars_157-58_MGA_2M02023179-0014522.fits
apogee.apo25m.stars.151+60_MGA.2M11215247+5017195,apogee_apo25m_stars_151+60_MGA_2M11215247+5017195.fits
apogee.apo25m.stars.154+62_MGA.2M11215247+5017195,apogee_apo25m_stars_154+62_MGA_2M11215247+5017195.fits
apogee.apo25m.stars.154+62_MGA.2M11233051+4946373,apogee_apo25m_stars_154+62_MGA_2M11233051+4946373.fits
apogee.apo25m.stars.155+65_MGA.2M11290228+4808556,apogee_apo25m_stars_155+65_MGA_2M11290228+4808556.fits
apogee.apo25m.stars.152+63_MGA.2M11291930+4806135,apogee_apo25m_stars_152+63_MGA_2M11291930+4806135.fits
apogee.apo25m.stars.155+65_MGA.2M11291930+4806135,apogee_apo25m_stars_155+65_MGA_2M11291930+4806135.fits
apogee.apo25m.stars.154+59_MGA.2M11102533+5117225,apogee_apo25m_stars_154+59_MGA_2M11102533+5117225.fits
apogee.apo25m.stars.157+60_MGA.2M11102533+5117225,apogee_apo25m_stars_157+60_MGA_2M11102533+5117225.fits
apogee.apo25m.stars.154+59_MGA.2M11121014+5107481,apogee_apo25m_stars_154+59_MGA_2M11121014+5107481.fits
apogee.apo25m.stars.154+62_MGA.2M11242913+4829067,apogee_apo25m_stars_154+62_MGA_2M11242913+4829067.fits
apogee.apo25m.stars.154+62_MGA.2M11244476+4841164,apogee_apo25m_stars_154+62_MGA_2M11244476+4841164.fits
apogee.apo25m.stars.158+63_MGA.2M11244476+4841164,apogee_apo25m_stars_158+63_MGA_2M11244476+4841164.fits
apogee.apo25m.stars.146-12.2M02561916+4531227,apogee_apo25m_stars_146-12_2M02561916+4531227.fits
apogee.apo25m.stars.146-12.2M02581426+4530526,apogee_apo25m_stars_146-12_2M02581426+4530526.fits
apogee.apo25m.stars.157-58_MGA.2M02033164-0003335,apogee_apo25m_stars_157-58_MGA_2M02033164-0003335.fits
apogee.apo25m.stars.152+63_MGA.2M11292174+4754466,apogee_apo25m_stars_152+63_MGA_2M11292174+4754466.fits
apogee.apo25m.stars.155+65_MGA.2M11292174+4754466,apogee_apo25m_stars_155+65_MGA_2M11292174+4754466.fits
apogee.apo25m.stars.155+65_MGA.2M11304910+4719000,apogee_apo25m_stars_155+65_MGA_2M11304910+4719000.fits
apogee.apo25m.stars.152+63_MGA.2M11263762+4946396,apogee_apo25m_stars_152+63_MGA_2M11263762+4946396.fits
apogee.apo25m.stars.154+62_MGA.2M11263762+4946396,apogee_apo25m_stars_154+62_MGA_2M11263762+4946396.fits
apogee.apo25m.stars.152+63_MGA.2M11265789+4837397,apogee_apo25m_stars_152+63_MGA_2M11265789+4837397.fits
apogee.apo25m.stars.152+63_MGA.2M11321531+4741363,apogee_apo25m_stars_152+63_MGA_2M11321531+4741363.fits
apogee.apo25m.stars.155+65_MGA.2M11322949+4716483,apogee_apo25m_stars_155+65_MGA_2M11322949+4716483.fits
apogee.apo25m.stars.155+65_MGA.2M11334935+4728472,apogee_apo25m_stars_155+65_MGA_2M11334935+4728472.fits
apogee.apo25m.stars.159-58_MGA.2M02033164-0003335,apogee_apo25m_stars_159-58_MGA_2M02033164-0003335.fits
apogee.apo25m.stars.159-58_MGA.2M02042488+0003317,apogee_apo25m_stars_159-58_MGA_2M02042488+0003317.fits
apogee.apo25m.stars.158+00.2M04373777+4715347,apogee_apo25m_stars_158+00_2M04373777+4715347.fits
apogee.apo25m.stars.158+18.2M06111671+5806432,apogee_apo25m_stars_158+18_2M06111671+5806432.fits
apogee.apo25m.stars.158+18.2M06202116+5759089,apogee_apo25m_stars_158+18_2M06202116+5759089.fits
apogee.apo25m.stars.158+18.2M06214414+5717128,apogee_apo25m_stars_158+18_2M06214414+5717128.fits
apogee.apo25m.stars.154+62_MGA.2M11265789+4837397,apogee_apo25m_stars_154+62_MGA_2M11265789+4837397.fits
apogee.apo25m.stars.154+62_MGA.2M11271633+5002093,apogee_apo25m_stars_154+62_MGA_2M11271633+5002093.fits
apogee.apo25m.stars.152+63_MGA.2M11272607+4931160,apogee_apo25m_stars_152+63_MGA_2M11272607+4931160.fits
apogee.apo25m.stars.155+65_MGA.2M11351441+4729517,apogee_apo25m_stars_155+65_MGA_2M11351441+4729517.fits
apogee.apo25m.stars.152+63_MGA.2M11362947+4751173,apogee_apo25m_stars_152+63_MGA_2M11362947+4751173.fits
apogee.apo25m.stars.155+65_MGA.2M11362947+4751173,apogee_apo25m_stars_155+65_MGA_2M11362947+4751173.fits
apogee.apo25m.stars.158+63_MGA.2M11114531+4724421,apogee_apo25m_stars_158+63_MGA_2M11114531+4724421.fits
apogee.apo25m.stars.160+61_MGA.2M11114531+4724421,apogee_apo25m_stars_160+61_MGA_2M11114531+4724421.fits
apogee.apo25m.stars.160+61_MGA.2M11122040+4706017,apogee_apo25m_stars_160+61_MGA_2M11122040+4706017.fits
apogee.apo25m.stars.154+62_MGA.2M11272607+4931160,apogee_apo25m_stars_154+62_MGA_2M11272607+4931160.fits
apogee.apo25m.stars.149+62_MGA.2M11300760+5011054,apogee_apo25m_stars_149+62_MGA_2M11300760+5011054.fits
apogee.apo25m.stars.152+63_MGA.2M11300760+5011054,apogee_apo25m_stars_152+63_MGA_2M11300760+5011054.fits
apogee.apo25m.stars.158+63_MGA.2M11133057+4757205,apogee_apo25m_stars_158+63_MGA_2M11133057+4757205.fits
apogee.apo25m.stars.160+61_MGA.2M11133057+4757205,apogee_apo25m_stars_160+61_MGA_2M11133057+4757205.fits
apogee.apo25m.stars.160+61_MGA.2M11143301+4712207,apogee_apo25m_stars_160+61_MGA_2M11143301+4712207.fits
apogee.apo25m.stars.158+04.2M04510828+5034529,apogee_apo25m_stars_158+04_2M04510828+5034529.fits
apogee.apo25m.stars.158+12.2M05365511+5332106,apogee_apo25m_stars_158+12_2M05365511+5332106.fits
apogee.apo25m.stars.158+12.2M05433137+5523256,apogee_apo25m_stars_158+12_2M05433137+5523256.fits
apogee.apo25m.stars.158+63_MGA.2M11144413+4750278,apogee_apo25m_stars_158+63_MGA_2M11144413+4750278.fits
apogee.apo25m.stars.160+61_MGA.2M11144413+4750278,apogee_apo25m_stars_160+61_MGA_2M11144413+4750278.fits
apogee.apo25m.stars.158+63_MGA.2M11163697+4830527,apogee_apo25m_stars_158+63_MGA_2M11163697+4830527.fits
apogee.apo25m.stars.158+63_MGA.2M11172514+4635316,apogee_apo25m_stars_158+63_MGA_2M11172514+4635316.fits
apogee.apo25m.stars.154+62_MGA.2M11183615+4832120,apogee_apo25m_stars_154+62_MGA_2M11183615+4832120.fits
apogee.apo25m.stars.158+63_MGA.2M11183615+4832120,apogee_apo25m_stars_158+63_MGA_2M11183615+4832120.fits
apogee.apo25m.stars.157+60_MGA.2M11121014+5107481,apogee_apo25m_stars_157+60_MGA_2M11121014+5107481.fits
apogee.apo25m.stars.157+60_MGA.2M11122131+4953070,apogee_apo25m_stars_157+60_MGA_2M11122131+4953070.fits
apogee.apo25m.stars.154+62_MGA.2M11133311+5008160,apogee_apo25m_stars_154+62_MGA_2M11133311+5008160.fits
apogee.apo25m.stars.157+60_MGA.2M11133311+5008160,apogee_apo25m_stars_157+60_MGA_2M11133311+5008160.fits
apogee.apo25m.stars.154+62_MGA.2M11152161+5013258,apogee_apo25m_stars_154+62_MGA_2M11152161+5013258.fits
apogee.apo25m.stars.157+60_MGA.2M11152161+5013258,apogee_apo25m_stars_157+60_MGA_2M11152161+5013258.fits
apogee.apo25m.stars.158+63_MGA.2M11212413+4809130,apogee_apo25m_stars_158+63_MGA_2M11212413+4809130.fits
apogee.apo25m.stars.154+62_MGA.2M11213827+4859431,apogee_apo25m_stars_154+62_MGA_2M11213827+4859431.fits
apogee.apo25m.stars.158+63_MGA.2M11213827+4859431,apogee_apo25m_stars_158+63_MGA_2M11213827+4859431.fits
apogee.apo25m.stars.158+63_MGA.2M11220752+4826050,apogee_apo25m_stars_158+63_MGA_2M11220752+4826050.fits
apogee.apo25m.stars.154+62_MGA.2M11244476+4841164,apogee_apo25m_stars_154+62_MGA_2M11244476+4841164.fits
apogee.apo25m.stars.158+63_MGA.2M11244476+4841164,apogee_apo25m_stars_158+63_MGA_2M11244476+4841164.fits
apogee.apo25m.stars.157+60_MGA.2M11164605+4926506,apogee_apo25m_stars_157+60_MGA_2M11164605+4926506.fits
apogee.apo25m.stars.156-59_MGA.2M01564942+0017172,apogee_apo25m_stars_156-59_MGA_2M01564942+0017172.fits
apogee.apo25m.stars.157-58_MGA.2M01564942+0017172,apogee_apo25m_stars_157-58_MGA_2M01564942+0017172.fits
apogee.apo25m.stars.158+63_MGA.2M11254963+4825133,apogee_apo25m_stars_158+63_MGA_2M11254963+4825133.fits
apogee.apo25m.stars.155+65_MGA.2M11271593+4703445,apogee_apo25m_stars_155+65_MGA_2M11271593+4703445.fits
apogee.apo25m.stars.158+63_MGA.2M11271593+4703445,apogee_apo25m_stars_158+63_MGA_2M11271593+4703445.fits
apogee.apo25m.stars.Cet_M_MGA.2M01564942+0017172,apogee_apo25m_stars_Cet_M_MGA_2M01564942+0017172.fits
apogee.apo25m.stars.154-59_MGA.2M01580948-0015189,apogee_apo25m_stars_154-59_MGA_2M01580948-0015189.fits
apogee.apo25m.stars.156-59_MGA.2M01580948-0015189,apogee_apo25m_stars_156-59_MGA_2M01580948-0015189.fits
apogee.apo25m.stars.157-58_MGA.2M01584883-0047507,apogee_apo25m_stars_157-58_MGA_2M01584883-0047507.fits
apogee.apo25m.stars.159-58_MGA.2M02010157-0049048,apogee_apo25m_stars_159-58_MGA_2M02010157-0049048.fits
apogee.apo25m.stars.156-59_MGA.2M02012244+0000366,apogee_apo25m_stars_156-59_MGA_2M02012244+0000366.fits
apogee.apo25m.stars.156-59_MGA.2M02022151-0021447,apogee_apo25m_stars_156-59_MGA_2M02022151-0021447.fits
apogee.apo25m.stars.156-59_MGA.2M02023179-0014522,apogee_apo25m_stars_156-59_MGA_2M02023179-0014522.fits
apogee.apo25m.stars.157-58_MGA.2M02023179-0014522,apogee_apo25m_stars_157-58_MGA_2M02023179-0014522.fits
apogee.apo25m.stars.150+65_MGA.2M11414595+4851330,apogee_apo25m_stars_150+65_MGA_2M11414595+4851330.fits
apogee.apo25m.stars.152+63_MGA.2M11414595+4851330,apogee_apo25m_stars_152+63_MGA_2M11414595+4851330.fits
apogee.apo25m.stars.158-12.2M03453242+3906301,apogee_apo25m_stars_158-12_2M03453242+3906301.fits
apogee.apo25m.stars.151-45_MGA.2M02152002+1304395,apogee_apo25m_stars_151-45_MGA_2M02152002+1304395.fits
apogee.apo25m.stars.151-45_MGA.2M02153707+1347124,apogee_apo25m_stars_151-45_MGA_2M02153707+1347124.fits
apogee.apo25m.stars.159+39_MGA.2M08575680+5743139,apogee_apo25m_stars_159+39_MGA_2M08575680+5743139.fits
apogee.apo25m.stars.159+39_MGA.2M09002308+5617497,apogee_apo25m_stars_159+39_MGA_2M09002308+5617497.fits
apogee.apo25m.stars.162+40_MGA.2M09002308+5617497,apogee_apo25m_stars_162+40_MGA_2M09002308+5617497.fits
apogee.apo25m.stars.159+39_MGA.2M09010300+5702517,apogee_apo25m_stars_159+39_MGA_2M09010300+5702517.fits
apogee.apo25m.stars.158-12.2M03493859+3858014,apogee_apo25m_stars_158-12_2M03493859+3858014.fits
apogee.apo25m.stars.158-12.2M03575620+3820083,apogee_apo25m_stars_158-12_2M03575620+3820083.fits
apogee.apo25m.stars.158-12.2M03585072+3852346,apogee_apo25m_stars_158-12_2M03585072+3852346.fits
apogee.apo25m.stars.159+39_MGA.2M09014310+5658175,apogee_apo25m_stars_159+39_MGA_2M09014310+5658175.fits
apogee.apo25m.stars.159+39_MGA.2M09022823+5635033,apogee_apo25m_stars_159+39_MGA_2M09022823+5635033.fits
apogee.apo25m.stars.159+39_MGA.2M09023128+5720339,apogee_apo25m_stars_159+39_MGA_2M09023128+5720339.fits
apogee.apo25m.stars.160+56_MGA.2M10434909+5200568,apogee_apo25m_stars_160+56_MGA_2M10434909+5200568.fits
apogee.apo25m.stars.160+56_MGA.2M10440736+4909185,apogee_apo25m_stars_160+56_MGA_2M10440736+4909185.fits
apogee.apo25m.stars.160+56_MGA.2M10465769+5002345,apogee_apo25m_stars_160+56_MGA_2M10465769+5002345.fits
apogee.apo25m.stars.159+39_MGA.2M09032568+5805011,apogee_apo25m_stars_159+39_MGA_2M09032568+5805011.fits
apogee.apo25m.stars.159+39_MGA.2M09080030+5722347,apogee_apo25m_stars_159+39_MGA_2M09080030+5722347.fits
apogee.apo25m.stars.159+58_MGA.2M10495403+5043440,apogee_apo25m_stars_159+58_MGA_2M10495403+5043440.fits
apogee.apo25m.stars.160+56_MGA.2M10472689+5130251,apogee_apo25m_stars_160+56_MGA_2M10472689+5130251.fits
apogee.apo25m.stars.160+56_MGA.2M10482951+5044084,apogee_apo25m_stars_160+56_MGA_2M10482951+5044084.fits
apogee.apo25m.stars.160+56_MGA.2M10493355+5143100,apogee_apo25m_stars_160+56_MGA_2M10493355+5143100.fits
apogee.apo25m.stars.159+39_MGA.2M08472020+5806292,apogee_apo25m_stars_159+39_MGA_2M08472020+5806292.fits
apogee.apo25m.stars.159+39_MGA.2M08495184+5726107,apogee_apo25m_stars_159+39_MGA_2M08495184+5726107.fits
apogee.apo25m.stars.159+39_MGA.2M08501271+5843169,apogee_apo25m_stars_159+39_MGA_2M08501271+5843169.fits
apogee.apo25m.stars.154+62_MGA.2M11300760+5011054,apogee_apo25m_stars_154+62_MGA_2M11300760+5011054.fits
apogee.apo25m.stars.160+45.2M09364623+5624048,apogee_apo25m_stars_160+45_2M09364623+5624048.fits
apogee.apo25m.stars.160+45.2M09392010+5623103,apogee_apo25m_stars_160+45_2M09392010+5623103.fits
apogee.apo25m.stars.159+58_MGA.2M10512606+5104493,apogee_apo25m_stars_159+58_MGA_2M10512606+5104493.fits
apogee.apo25m.stars.160+56_MGA.2M10512606+5104493,apogee_apo25m_stars_160+56_MGA_2M10512606+5104493.fits
apogee.apo25m.stars.159+58_MGA.2M10530781+5050587,apogee_apo25m_stars_159+58_MGA_2M10530781+5050587.fits
apogee.apo25m.stars.159+39_MGA.2M08532617+5616398,apogee_apo25m_stars_159+39_MGA_2M08532617+5616398.fits
apogee.apo25m.stars.159+39_MGA.2M08533503+5759300,apogee_apo25m_stars_159+39_MGA_2M08533503+5759300.fits
apogee.apo25m.stars.159+39_MGA.2M08544803+5643008,apogee_apo25m_stars_159+39_MGA_2M08544803+5643008.fits
apogee.apo25m.stars.159+58_MGA.2M10541130+4904016,apogee_apo25m_stars_159+58_MGA_2M10541130+4904016.fits
apogee.apo25m.stars.162+60_MGA.2M10541130+4904016,apogee_apo25m_stars_162+60_MGA_2M10541130+4904016.fits
apogee.apo25m.stars.159+58_MGA.2M10545363+5101105,apogee_apo25m_stars_159+58_MGA_2M10545363+5101105.fits
apogee.apo25m.stars.160+45.2M09445313+5618072,apogee_apo25m_stars_160+45_2M09445313+5618072.fits
apogee.apo25m.stars.160+56_MGA.2M10371263+5056524,apogee_apo25m_stars_160+56_MGA_2M10371263+5056524.fits
apogee.apo25m.stars.160+56_MGA.2M10373353+5053141,apogee_apo25m_stars_160+56_MGA_2M10373353+5053141.fits
apogee.apo25m.stars.159+58_MGA.2M10495403+5043440,apogee_apo25m_stars_159+58_MGA_2M10495403+5043440.fits
apogee.apo25m.stars.159+58_MGA.2M10571971+4834003,apogee_apo25m_stars_159+58_MGA_2M10571971+4834003.fits
apogee.apo25m.stars.160+61_MGA.2M11030714+4838233,apogee_apo25m_stars_160+61_MGA_2M11030714+4838233.fits
apogee.apo25m.stars.159+58_MGA.2M10570447+5124071,apogee_apo25m_stars_159+58_MGA_2M10570447+5124071.fits
apogee.apo25m.stars.159+58_MGA.2M10583265+4934419,apogee_apo25m_stars_159+58_MGA_2M10583265+4934419.fits
apogee.apo25m.stars.157+60_MGA.2M11021679+5033340,apogee_apo25m_stars_157+60_MGA_2M11021679+5033340.fits
apogee.apo25m.stars.159+58_MGA.2M11021679+5033340,apogee_apo25m_stars_159+58_MGA_2M11021679+5033340.fits
apogee.apo25m.stars.154+59_MGA.2M11041930+5030311,apogee_apo25m_stars_154+59_MGA_2M11041930+5030311.fits
apogee.apo25m.stars.157+60_MGA.2M11041930+5030311,apogee_apo25m_stars_157+60_MGA_2M11041930+5030311.fits
apogee.apo25m.stars.157+60_MGA.2M11065977+4823418,apogee_apo25m_stars_157+60_MGA_2M11065977+4823418.fits
apogee.apo25m.stars.160+61_MGA.2M11020187+4744026,apogee_apo25m_stars_160+61_MGA_2M11020187+4744026.fits
apogee.apo25m.stars.160+61_MGA.2M11020390+4814563,apogee_apo25m_stars_160+61_MGA_2M11020390+4814563.fits
apogee.apo25m.stars.159+58_MGA.2M11041930+5030311,apogee_apo25m_stars_159+58_MGA_2M11041930+5030311.fits
apogee.apo25m.stars.157+60_MGA.2M11061282+5019489,apogee_apo25m_stars_157+60_MGA_2M11061282+5019489.fits
apogee.apo25m.stars.159+58_MGA.2M11061282+5019489,apogee_apo25m_stars_159+58_MGA_2M11061282+5019489.fits
apogee.apo25m.stars.162+60_MGA.2M11020390+4814563,apogee_apo25m_stars_162+60_MGA_2M11020390+4814563.fits
apogee.apo25m.stars.160+61_MGA.2M11030714+4838233,apogee_apo25m_stars_160+61_MGA_2M11030714+4838233.fits
apogee.apo25m.stars.165+61_MGA.2M11043089+4700335,apogee_apo25m_stars_165+61_MGA_2M11043089+4700335.fits
apogee.apo25m.stars.159-58_MGA.2M02010157-0049048,apogee_apo25m_stars_159-58_MGA_2M02010157-0049048.fits
apogee.apo25m.stars.159-58_MGA.2M02015055-0040001,apogee_apo25m_stars_159-58_MGA_2M02015055-0040001.fits
apogee.apo25m.stars.156-59_MGA.2M02022151-0021447,apogee_apo25m_stars_156-59_MGA_2M02022151-0021447.fits
apogee.apo25m.stars.160+61_MGA.2M11054798+4709116,apogee_apo25m_stars_160+61_MGA_2M11054798+4709116.fits
apogee.apo25m.stars.157+60_MGA.2M11065977+4823418,apogee_apo25m_stars_157+60_MGA_2M11065977+4823418.fits
apogee.apo25m.stars.160+61_MGA.2M11085483+4635365,apogee_apo25m_stars_160+61_MGA_2M11085483+4635365.fits
apogee.apo25m.stars.156-59_MGA.2M02023179-0014522,apogee_apo25m_stars_156-59_MGA_2M02023179-0014522.fits
apogee.apo25m.stars.157-58_MGA.2M02023179-0014522,apogee_apo25m_stars_157-58_MGA_2M02023179-0014522.fits
apogee.apo25m.stars.159-58_MGA.2M02030443-0054522,apogee_apo25m_stars_159-58_MGA_2M02030443-0054522.fits
apogee.apo25m.stars.160-60.2M02030443-0054522,apogee_apo25m_stars_160-60_2M02030443-0054522.fits
apogee.apo25m.stars.157-58_MGA.2M02033164-0003335,apogee_apo25m_stars_157-58_MGA_2M02033164-0003335.fits
apogee.apo25m.stars.159-58_MGA.2M02033164-0003335,apogee_apo25m_stars_159-58_MGA_2M02033164-0003335.fits
apogee.apo25m.stars.165+62_MGA.2M11085483+4635365,apogee_apo25m_stars_165+62_MGA_2M11085483+4635365.fits
apogee.apo25m.stars.160+61_MGA.2M11102264+4905019,apogee_apo25m_stars_160+61_MGA_2M11102264+4905019.fits
apogee.apo25m.stars.160+61_MGA.2M11122040+4706017,apogee_apo25m_stars_160+61_MGA_2M11122040+4706017.fits
apogee.apo25m.stars.159-58_MGA.2M02042488+0003317,apogee_apo25m_stars_159-58_MGA_2M02042488+0003317.fits
apogee.apo25m.stars.157-58_MGA.2M02043343-0019084,apogee_apo25m_stars_157-58_MGA_2M02043343-0019084.fits
apogee.apo25m.stars.159-58_MGA.2M02043343-0019084,apogee_apo25m_stars_159-58_MGA_2M02043343-0019084.fits
apogee.apo25m.stars.158+63_MGA.2M11133057+4757205,apogee_apo25m_stars_158+63_MGA_2M11133057+4757205.fits
apogee.apo25m.stars.160+61_MGA.2M11133057+4757205,apogee_apo25m_stars_160+61_MGA_2M11133057+4757205.fits
apogee.apo25m.stars.158+63_MGA.2M11150099+4834237,apogee_apo25m_stars_158+63_MGA_2M11150099+4834237.fits
apogee.apo25m.stars.161-57.2M02053548+0015426,apogee_apo25m_stars_161-57_2M02053548+0015426.fits
apogee.apo25m.stars.159-58_MGA.2M02060375-0032205,apogee_apo25m_stars_159-58_MGA_2M02060375-0032205.fits
apogee.apo25m.stars.159-58_MGA.2M02071265-0027496,apogee_apo25m_stars_159-58_MGA_2M02071265-0027496.fits
apogee.apo25m.stars.160+56_MGA.2M10390294+4918351,apogee_apo25m_stars_160+56_MGA_2M10390294+4918351.fits
apogee.apo25m.stars.160+56_MGA.2M10422403+5055004,apogee_apo25m_stars_160+56_MGA_2M10422403+5055004.fits
apogee.apo25m.stars.162+64_MGA.2M11144357+4410355,apogee_apo25m_stars_162+64_MGA_2M11144357+4410355.fits
apogee.apo25m.stars.162+36_MGA.2M08301357+5708078,apogee_apo25m_stars_162+36_MGA_2M08301357+5708078.fits
apogee.apo25m.stars.162+36_MGA.2M08360562+5551327,apogee_apo25m_stars_162+36_MGA_2M08360562+5551327.fits
apogee.apo25m.stars.163+36_MGA.2M08360562+5551327,apogee_apo25m_stars_163+36_MGA_2M08360562+5551327.fits
apogee.apo25m.stars.155+65_MGA.2M11373123+4709455,apogee_apo25m_stars_155+65_MGA_2M11373123+4709455.fits
apogee.apo25m.stars.161+00.2M04512206+4343481,apogee_apo25m_stars_161+00_2M04512206+4343481.fits
apogee.apo25m.stars.161+04.2M05112779+4700301,apogee_apo25m_stars_161+04_2M05112779+4700301.fits
apogee.apo25m.stars.162+64_MGA.2M11174478+4559359,apogee_apo25m_stars_162+64_MGA_2M11174478+4559359.fits
apogee.apo25m.stars.162+64_MGA.2M11180991+4444550,apogee_apo25m_stars_162+64_MGA_2M11180991+4444550.fits
apogee.apo25m.stars.162+64_MGA.2M11184337+4434210,apogee_apo25m_stars_162+64_MGA_2M11184337+4434210.fits
apogee.apo25m.stars.159-58_MGA.2M02031515-0011537,apogee_apo25m_stars_159-58_MGA_2M02031515-0011537.fits
apogee.apo25m.stars.160-45.2M02303493+1054104,apogee_apo25m_stars_160-45_2M02303493+1054104.fits
apogee.apo25m.stars.160-45.2M02330853+0942442,apogee_apo25m_stars_160-45_2M02330853+0942442.fits
apogee.apo25m.stars.162+36_MGA.2M08363670+5533517,apogee_apo25m_stars_162+36_MGA_2M08363670+5533517.fits
apogee.apo25m.stars.162+36_MGA.2M08411139+5507277,apogee_apo25m_stars_162+36_MGA_2M08411139+5507277.fits
apogee.apo25m.stars.162+40_MGA.2M08503765+5417578,apogee_apo25m_stars_162+40_MGA_2M08503765+5417578.fits
apogee.apo25m.stars.158-04.2M04133776+4507442,apogee_apo25m_stars_158-04_2M04133776+4507442.fits
apogee.apo25m.stars.158-04.2M04203797+4458573,apogee_apo25m_stars_158-04_2M04203797+4458573.fits
apogee.apo25m.stars.159-58_MGA.2M02060375-0032205,apogee_apo25m_stars_159-58_MGA_2M02060375-0032205.fits
apogee.apo25m.stars.162+64_MGA.2M11194701+4605323,apogee_apo25m_stars_162+64_MGA_2M11194701+4605323.fits
apogee.apo25m.stars.162+64_MGA.2M11203785+4517210,apogee_apo25m_stars_162+64_MGA_2M11203785+4517210.fits
apogee.apo25m.stars.162+64_MGA.2M11210787+4500228,apogee_apo25m_stars_162+64_MGA_2M11210787+4500228.fits
apogee.apo25m.stars.162+40_MGA.2M08522728+5617270,apogee_apo25m_stars_162+40_MGA_2M08522728+5617270.fits
apogee.apo25m.stars.162+40_MGA.2M08525893+5613241,apogee_apo25m_stars_162+40_MGA_2M08525893+5613241.fits
apogee.apo25m.stars.162+40_MGA.2M08535881+5538046,apogee_apo25m_stars_162+40_MGA_2M08535881+5538046.fits
apogee.apo25m.stars.160+61_MGA.2M11150099+4834237,apogee_apo25m_stars_160+61_MGA_2M11150099+4834237.fits
apogee.apo25m.stars.163+78_MGA.2M12121321+3513161,apogee_apo25m_stars_163+78_MGA_2M12121321+3513161.fits
apogee.apo25m.stars.163+78_MGA.2M12163309+3722186,apogee_apo25m_stars_163+78_MGA_2M12163309+3722186.fits
apogee.apo25m.stars.162+64_MGA.2M11211390+4554195,apogee_apo25m_stars_162+64_MGA_2M11211390+4554195.fits
apogee.apo25m.stars.162+64_MGA.2M11214212+4404018,apogee_apo25m_stars_162+64_MGA_2M11214212+4404018.fits
apogee.apo25m.stars.158+63_MGA.2M11223553+4637059,apogee_apo25m_stars_158+63_MGA_2M11223553+4637059.fits
apogee.apo25m.stars.159-58_MGA.2M02070083-0009222,apogee_apo25m_stars_159-58_MGA_2M02070083-0009222.fits
apogee.apo25m.stars.161-57.2M02073359+0048015,apogee_apo25m_stars_161-57_2M02073359+0048015.fits
apogee.apo25m.stars.161-57.2M02075975-0053040,apogee_apo25m_stars_161-57_2M02075975-0053040.fits
apogee.apo25m.stars.160-45.2M02351389+0948422,apogee_apo25m_stars_160-45_2M02351389+0948422.fits
apogee.apo25m.stars.160-45.2M02365283+1140062,apogee_apo25m_stars_160-45_2M02365283+1140062.fits
apogee.apo25m.stars.160-45.2M02384313+1114435,apogee_apo25m_stars_160-45_2M02384313+1114435.fits
apogee.apo25m.stars.162+40_MGA.2M08544576+5511116,apogee_apo25m_stars_162+40_MGA_2M08544576+5511116.fits
apogee.apo25m.stars.162+40_MGA.2M08554313+5537502,apogee_apo25m_stars_162+40_MGA_2M08554313+5537502.fits
apogee.apo25m.stars.162+40_MGA.2M08575478+5631490,apogee_apo25m_stars_162+40_MGA_2M08575478+5631490.fits
apogee.apo25m.stars.163+78_MGA.2M12185716+3545192,apogee_apo25m_stars_163+78_MGA_2M12185716+3545192.fits
apogee.apo25m.stars.163+78_MGA.2M12191916+3528092,apogee_apo25m_stars_163+78_MGA_2M12191916+3528092.fits
