apstar_id,target_id,alt_id,file,apogee_id,telescope,location_id,field,ra,dec,glon,glat,apogee_target1,apogee_target2,apogee2_target1,apogee2_target2,apogee2_target3,apogee2_target4,min_h,max_h,min_jk,max_jk,survey,extratarg,nvisits,snr,starflag,andflag,vhelio_avg,vscatter,verr,rv_teff,rv_logg,rv_feh,rv_alpha,rv_carb,rv_ccfwhm,rv_autofwhm,rv_flag,n_components,gaiaedr3_source_id,gaiaedr3_parallax,gaiaedr3_parallax_error,gaiaedr3_pmra,gaiaedr3_pmra_error,gaiaedr3_pmdec,gaiaedr3_pmdec_error,gaiaedr3_phot_g_mean_mag,gaiaedr3_phot_bp_mean_mag,gaiaedr3_phot_rp_mean_mag,gaiaedr3_dr2_radial_velocity,gaiaedr3_dr2_radial_velocity_error,gaiaedr3_r_med_geo,gaiaedr3_r_lo_geo,gaiaedr3_r_hi_geo,gaiaedr3_r_med_photogeo,gaiaedr3_r_lo_photogeo,gaiaedr3_r_hi_photogeo,htmID,apogee_id1,target_id1,apstar_id1,aspcap_id,teff,teff_err,teff_flag,teff_spec,logg,logg_err,logg_flag,logg_spec,vmicro,vmacro,vsini,m_h,m_h_err,m_h_flag,alpha_m,alpha_m_err,alpha_m_flag,aspcap_chi2,aspcap_grid,aspcapflag,frac_badpix,frac_lowsnr,frac_sigsky,fparam_teff,fparam_logg,fparam_logvmicro,fparam_m_h,fparam_c_m,fparam_n_m,fparam_alpha_m,param_c_m,param_c_m_flag,param_n_m,param_n_m_flag,c_fe,c_fe_err,c_fe_flag,ci_fe,ci_fe_err,ci_fe_flag,n_fe,n_fe_err,n_fe_flag,o_fe,o_fe_err,o_fe_flag,na_fe,na_fe_err,na_fe_flag,mg_fe,mg_fe_err,mg_fe_flag,al_fe,al_fe_err,al_fe_flag,si_fe,si_fe_err,si_fe_flag,p_fe,p_fe_err,p_fe_flag,s_fe,s_fe_err,s_fe_flag,k_fe,k_fe_err,k_fe_flag,ca_fe,ca_fe_err,ca_fe_flag,ti_fe,ti_fe_err,ti_fe_flag,tiii_fe,tiii_fe_err,tiii_fe_flag,v_fe,v_fe_err,v_fe_flag,cr_fe,cr_fe_err,cr_fe_flag,mn_fe,mn_fe_err,mn_fe_flag,fe_h,fe_h_err,fe_h_flag,co_fe,co_fe_err,co_fe_flag,ni_fe,ni_fe_err,ni_fe_flag,cu_fe,cu_fe_err,cu_fe_flag,ce_fe,ce_fe_err,ce_fe_flag,felem_c_m,felem_c_m_err,felem_ci_m,felem_ci_m_err,felem_n_m,felem_n_m_err,felem_o_m,felem_o_m_err,felem_na_h,felem_na_h_err,felem_mg_m,felem_mg_m_err,felem_al_h,felem_al_h_err,felem_si_m,felem_si_m_err,felem_p_m,felem_p_m_err,felem_s_m,felem_s_m_err,felem_k_h,felem_k_h_err,felem_ca_m,felem_ca_m_err,felem_ti_m,felem_ti_m_err,felem_tiii_m,felem_tiii_m_err,felem_v_h,felem_v_h_err,felem_cr_h,felem_cr_h_err,felem_mn_h,felem_mn_h_err,felem_fe_h,felem_fe_h_err,felem_co_h,felem_co_h_err,felem_ni_h,felem_ni_h_err,felem_cu_h,felem_cu_h_err,felem_ge_h,felem_ge_h_err,felem_rb_h,felem_rb_h_err,felem_ce_h,felem_ce_h_err,felem_nd_h,felem_nd_h_err,felem_yb_h,felem_yb_h_err
apogee.apo25m.stars.000+08.2M17125087-2403459,apo25m.000+08.2M17125087-2403459,none,apStar-dr17-2M17125087-2403459.fits,2M17125087-2403459,apo25m,4359,000+08,258.211962,-24.062773,0.0500605120479065,8.79977246990733,-2147483584,-2147483136,-2147483584,-2147483136,0,0,-9999.99,9999.99,-9999.99,9999.99,apogee2-manga%2Capogee%2Capogee2,5,13,296.492,0,0,-43.83533,0.4116448,0.07873933,6276.878,4.60375,-0.5937865,0,0,37.24007,18.59572,0,1,4114126705918432896,1.57613,0.0187462,3.854261,0.0179489,-1.796924,0.0128409,12.3774,12.7362,11.8505,-9999,-9999,625.1092,619.0192,631.0643,624.0072,616.0342,630.7822,11703985555179,2M17125087-2403459,apo25m.000+08.2M17125087-2403459,apogee.apo25m.stars.000+08.2M17125087-2403459,apogee.apo25m.synspec.000+08.2M17125087-2403459,6298.077,37.34724,0,6471.6,4.065951,0.01914829,0,4.0446,1.900553,0,18.83649,0.15677,0.004467885,32,-0.0365467,0.007794606,0,2.072574,Fd_a,0,0,0.003593293,0.003593293,6471.6,4.0446,0.27888,0.15677,-0.071302,0.34196,-0.040192,-0.071302,0,0.34196,32,-0.08084899,0.04452635,0,-0.04260499,0.02964655,0,0.28786,0.1037447,32,0.09063391,0.1111948,0,0.0272436,0.1350402,0,-0.09677149,0.01079203,0,0.06188601,0.01182845,0,0.053279,0.01169799,0,-9999,0.1164607,2,0.03384151,0.03601297,0,0.1129229,0.03937311,0,-0.04981999,0.01017205,0,-0.5528811,0.08522516,256,-9999,-9999,64,0.1256806,0.1450591,0,-0.9264917,0.05715208,0,0.01998852,0.008748583,0,0.15639,0.004195183,0,-9999,-9999,64,0.004950002,0.008443593,0,-9999,0.04901142,2,-9999,-9999,2,-0.081229,0.008435224,-0.042985,0.008188651,0.28748,0.1036484,0.085561,0.003298333,0.10517,0.002053412,-0.16444,0.003880077,0.20585,0.001948358,-0.020244,0.003537796,0.26487,0.001892538,0.060529,0.003352909,0.17449,0.001979672,0.019084,0.003446012,-0.50633,0.004776819,-0.23624,0.004052777,0.31694,0.001844722,-0.60756,0.002910326,0.023696,0.002143875,0.15639,0.001998349,-0.11446,0.002303411,0.15899,0.001995645,0.10569,0.002052852,-9999,-9999,0.34229,0.001821949,0.33268,0.001830546,-9999,-9999,0.33268,0.001830546
apogee.apo25m.stars.000+12.2M17023928-2129262,apo25m.000+12.2M17023928-2129262,none,apStar-dr17-2M17023928-2129262.fits,2M17023928-2129262,apo25m,4459,000+12,255.663701,-21.490623,0.792312405733412,12.2059886263971,-2147483584,-2147483136,-2147483584,-2147483136,0,0,-9999.99,9999.99,-9999.99,9999.99,apogee2-manga%2Capogee,5,16,379.472,0,0,-39.96963,0.2422646,0.07885224,6280.97,4.5581,-0.7047428,0,0,39.07493,18.27144,0,1,4127623756564013056,1.689064,0.0188723,-7.410921,0.0203753,-2.514797,0.0140945,12.3828,12.7466,11.8357,-40.8304,1.88342,585.0316,579.3568,591.4831,583.8868,578.7133,589.287,11811987590048,2M17023928-2129262,apo25m.000+12.2M17023928-2129262,apogee.apo25m.stars.000+12.2M17023928-2129262,apogee.apo25m.synspec.000+12.2M17023928-2129262,6296.543,39.58755,0,6461.3,4.057451,0.02090429,0,3.9896,1.718621,0,19.98481,0.053747,0.004758887,32,-0.0022984,0.008456797,0,1.942853,Fd_a,0,0,0.003460208,0.003460208,6461.3,3.9896,0.23518,0.053747,0.020924,0.17648,-0.0059437,0.020924,0,0.17648,32,0.003626097,0.04967398,0,0.044151,0.03198283,0,-0.406818,0.6361153,288,0.0600419,0.1210967,0,-0.7041414,0.1568626,0,-0.0622495,0.01133113,0,0.043678,0.01230517,0,0.087795,0.01221207,0,-9999,0.1263684,2,0.0536385,0.03878111,0,0.0751489,0.0419916,0,-0.118276,0.01112351,0,-0.302629,0.09223045,0,-9999,-9999,320,-0.1349944,0.158067,0,-0.5763967,0.06452216,0,0.04678951,0.01010094,0,0.058185,0.004626134,0,-9999,-9999,64,-0.036643,0.009402949,0,-9999,0.06111284,2,-9999,-9999,2,0.0080641,0.008504529,0.048589,0.008222773,-0.40238,0.6360975,0.059787,0.003542316,-0.72442,0.003120481,-0.1251,0.004004372,0.089437,0.002110308,0.01909,0.003639368,0.35715,0.001843258,0.085144,0.003483389,0.038511,0.002168502,-0.044554,0.003797631,-0.25126,0.004339816,-0.57579,0.005334416,-0.04194,0.002260133,-0.35567,0.002653149,-0.047708,0.002266892,0.058185,0.002145973,-0.45971,0.00278801,0.019192,0.002190525,-0.024697,0.002240156,-9999,-9999,0.17242,0.002020099,0.43753,0.001774627,-9999,-9999,0.43753,0.001774627
apogee.apo25m.stars.000+16.2M16455992-1945311,apo25m.000+16.2M16455992-1945311,none,apStar-dr17-2M16455992-1945311.fits,2M16455992-1945311,apo25m,4372,000+16,251.499682,-19.758654,359.816408237275,16.3642300382965,-2147483584,-2147483136,0,0,0,0,-9999.99,9999.99,-9999.99,9999.99,apogee,21,3,400.7924,0,0,-27.22584,0.4262788,0.03104843,6334.195,4.627703,-0.2526695,0,0,24.88175,18.39833,0,1,4130492421058269440,6.33824,0.0264141,-9.055481,0.0310404,-17.02363,0.0220816,10.3844,10.7859,9.80226,-27.811,0.426906,157.0151,156.4448,157.5314,156.9565,156.205,157.5521,11757382094919,2M16455992-1945311,apo25m.000+16.2M16455992-1945311,apogee.apo25m.stars.000+16.2M16455992-1945311,apogee.apo25m.synspec.000+16.2M16455992-1945311,6200.323,34.01731,0,6361.8,4.296364,0.0184212,0,4.3838,1.150745,0,8.084627,0.18563,0.003851755,0,-0.0376637,0.007255926,0,2.376402,Fd_b,0,0,0.0002661698,0.0002661698,6361.8,4.3838,0.060979,0.18563,-0.049573,0.52657,-0.041309,-0.049573,0,0.52657,32,-0.066934,0.03925685,0,-0.046426,0.0282489,0,0.43775,0.02784342,32,0.0671349,0.09308191,0,-0.0008763969,0.1210464,0,-0.1013915,0.01041165,0,0.06995599,0.0118591,0,0.07081981,0.01124937,0,-9999,0.1061136,2,-0.0848445,0.03539405,0,0.0132329,0.03693406,0,-0.046483,0.009570397,0,-0.185131,0.07637279,0,-9999,-9999,64,-0.1757924,0.1296817,0,-0.1040917,0.05227435,0,0.09809251,0.008485792,0,0.18461,0.004155308,0,-9999,-9999,64,0.04129001,0.008243244,0,-9999,0.04509497,2,-9999,-9999,2,-0.067954,0.007186654,-0.047446,0.007054148,0.43673,0.02757571,0.061422,0.002623585,0.10527,0.001606456,-0.1697,0.0030099,0.24214,0.001508609,-0.0033432,0.002730494,-0.124,0.001797387,-0.058797,0.002822889,0.10302,0.001608167,0.021781,0.002688513,-0.13922,0.002956518,-0.33113,0.003311344,0.043687,0.001654479,0.24306,0.001508012,0.13002,0.001587514,0.18461,0.001547353,0.14925,0.001573023,0.22355,0.001520756,0.46733,0.001376735,-9999,-9999,0.23194,0.001515256,0.41596,0.001403602,-9999,-9999,0.41596,0.001403602
apogee.apo25m.stars.000+30.2M15583523-1044295,apo25m.000+30.2M15583523-1044295,none,apStar-dr17-2M15583523-1044295.fits,2M15583523-1044295,apo25m,4520,000+30,239.646808,-10.741541,359.505373611852,30.9119097563745,-2147483584,-2147483136,0,0,0,0,-9999.99,9999.99,-9999.99,9999.99,apogee,5,4,244.1394,0,0,-3.132496,0.4980706,0.04411815,6573.362,4.421657,-0.3250934,0,0,22.91109,17.03867,0,1,4346200831302544000,1.751653,0.0355869,-4.086801,0.0393046,-3.781935,0.0282136,11.9918,12.3433,11.4672,0.271465,0.977204,561.1747,552.6548,571.3807,558.6827,546.9427,572.8015,11679216345864,2M15583523-1044295,apo25m.000+30.2M15583523-1044295,apogee.apo25m.stars.000+30.2M15583523-1044295,apogee.apo25m.synspec.000+30.2M15583523-1044295,6442.612,42.59384,0,6634.9,4.128496,0.0200783,0,4.1388,1.718581,0,7.609568,0.12559,0.004534645,32,-0.0136997,0.008586042,0,2.320972,Fd_b,0,0,0.001863189,0.001863189,6634.9,4.1388,0.23517,0.12559,-0.08384,0.39301,-0.017345,-0.08384,0,0.39301,32,-0.091139,0.05288903,0,-0.03831401,0.03144135,0,-0.4729,1.898426,288,0.0641119,0.1431879,0,-0.2962264,0.1561004,0,-0.08312151,0.01097994,0,0.134556,0.01173173,0,0.106468,0.01201774,0,-9999,0.1324092,2,-0.003748506,0.03654642,0,0.08876289,0.04296454,0,-0.09290501,0.01063764,0,-0.344871,0.09928548,0,-9999,-9999,64,-0.2023665,0.1695409,0,-0.3872817,0.06432783,0,0.01039851,0.009006714,0,0.12464,0.004208816,0,-9999,-9999,64,-0.01134,0.008644487,0,-9999,0.05408411,2,-9999,-9999,2,-0.092089,0.007821956,-0.039264,0.007536843,-0.47385,1.89842,0.058469,0.003237592,-0.25005,0.002309719,-0.15136,0.003660191,0.24677,0.001762016,0.032375,0.003288769,-0.065768,0.002089067,0.022369,0.003308625,0.11858,0.00188767,-0.024571,0.003403234,-0.29889,0.003977813,-0.24442,0.003859275,-0.042857,0.002063056,-0.1001,0.002129202,-0.017644,0.00203519,0.12464,0.001881303,0.012145,0.002002973,0.11095,0.001895732,-0.05277,0.002074247,-9999,-9999,0.00045013,0.002015589,0.28212,0.001729827,-9999,-9999,0.28212,0.001729827
apogee.apo25m.stars.000+30.2M15594124-1047565,apo25m.000+30.2M15594124-1047565,none,apStar-dr17-2M15594124-1047565.fits,2M15594124-1047565,apo25m,4520,000+30,239.921837,-10.799045,359.660309932037,30.6698532887101,-2147483584,-2147483136,0,0,0,0,-9999.99,9999.99,-9999.99,9999.99,apogee,5,4,713.2979,0,0,-49.42101,0.07893471,0.02797434,6186.416,4.368875,-0.6346821,0,0,22.44506,18.27642,0,1,4346172347079372160,6.867578,0.0170098,-43.31472,0.0190673,6.459454,0.0162839,9.6758,9.97058,9.20748,-49.7637,0.488831,144.8713,144.4453,145.3155,144.9654,144.5638,145.2655,11679159191270,2M15594124-1047565,apo25m.000+30.2M15594124-1047565,apogee.apo25m.stars.000+30.2M15594124-1047565,apogee.apo25m.synspec.000+30.2M15594124-1047565,6145.681,41.05993,0,6265.9,4.25314,0.02572466,0,4.2436,1.026812,0,4.501839,-0.21471,0.005655002,0,0.0169623,0.009722934,0,1.065214,Fd_b,0,0,0,0,6265.9,4.2436,0.011491,-0.21471,-0.0039404,0.034695,0.013317,-0.0039404,0,0.034695,32,-0.013292,0.0573945,0,-0.00117828,0.03758824,0,-0.2337,0.2890501,288,0.1117329,0.1201843,0,-0.3201764,0.2095242,0,0.008323506,0.01284989,0,0.087576,0.01392113,0,0.098726,0.01349434,0,-9999,0.140751,2,0.002572492,0.04740774,0,0.1326829,0.04636611,0,-0.03675599,0.01381226,0,-0.228631,0.09945991,0,-9999,-9999,64,0.08252354,0.1733244,0,-0.2301017,0.08148814,0,-0.06583749,0.01490633,0,-0.21327,0.00613014,0,-9999,-9999,64,-0.01518001,0.01256129,0,-9999,0.1051756,2,-9999,-9999,2,-0.011852,0.009540441,0.00026172,0.009436101,-0.23226,0.2889948,0.10848,0.003161202,-0.61191,0.002412924,-0.057525,0.003479511,-0.13812,0.001821318,0.027023,0.003314363,-0.29654,0.002000825,0.03108,0.003306509,-0.17541,0.001862149,0.033968,0.003300909,-0.18026,0.003729879,-0.22676,0.003839531,-0.095877,0.00177657,-0.28083,0.001981893,-0.43179,0.00217419,-0.21327,0.001904521,0.015042,0.001669042,-0.2308,0.001924136,-0.71566,0.002551176,-9999,-9999,0.1444,0.001558685,0.077376,0.001614218,-9999,-9999,0.077376,0.001614218
apogee.apo25m.stars.000+30.2M16015093-1053506,apo25m.000+30.2M16015093-1053506,none,apStar-dr17-2M16015093-1053506.fits,2M16015093-1053506,apo25m,4520,000+30,240.462221,-10.897413,359.974497293327,30.2029848911297,-2147483584,-2147483136,0,0,0,0,-9999.99,9999.99,-9999.99,9999.99,apogee,5,4,306.2111,0,0,-46.2774,0.08913966,0.03867214,6212.664,4.568713,-0.4559708,0,0,25.24702,18.59498,0,1,4343157176960415744,3.617316,0.0188102,-18.39906,0.0217813,-9.255232,0.0139866,11.7156,12.1159,11.1357,-46.2236,0.864136,273.4409,271.9909,274.8565,273.2737,271.8965,274.6462,11668216819141,2M16015093-1053506,apo25m.000+30.2M16015093-1053506,apogee.apo25m.stars.000+30.2M16015093-1053506,apogee.apo25m.synspec.000+30.2M16015093-1053506,6130.048,35.82129,0,6265.8,4.313282,0.0213582,0,4.3242,1.079988,0,8.245557,0.00051928,0.004641183,0,-0.0264167,0.008123699,0,2.038168,Fd_b,0,0,0.0005323396,0.0005323396,6265.8,4.3242,0.033419,0.00051928,-0.041232,0.075823,-0.030062,-0.041232,0,0.075823,32,-0.08971472,0.04482438,0,-0.04112172,0.03188399,0,-0.09653272,0.106224,288,0.1233902,0.09763405,0,-0.5380384,0.151253,0,-0.07160421,0.01146362,0,0.0184825,0.01285178,0,0.04893828,0.01217617,0,-9999,0.1170916,2,-0.001665219,0.04061501,0,-0.0449491,0.04017515,0,-0.02681272,0.0112898,0,-0.4479537,0.08291472,0,-9999,-9999,320,-0.07824145,0.1424329,0,-0.2451237,0.06258107,0,0.01077051,0.01106043,0,0.001442,0.005014607,0,-9999,-9999,64,0.0045692,0.01004397,0,-9999,0.06605612,2,-9999,-9999,2,-0.088792,0.008818333,-0.040199,0.008447899,-0.09561,0.1061226,0.11962,0.00281048,-0.61506,0.002362901,-0.13797,0.003243455,0.0074985,0.001692483,-0.023282,0.003048426,-0.38232,0.002093347,0.026325,0.00296454,-0.13833,0.001830055,0.043394,0.00293566,-0.4001,0.003789987,-0.69346,0.004507549,-0.04193,0.001735915,-0.08114,0.00177302,-0.14047,0.001832239,0.001442,0.001697587,0.0070572,0.001692867,0.0036612,0.0016957,0.15895,0.001569713,-9999,-9999,0.25816,0.001499933,0.18837,0.00154787,-9999,-9999,0.18837,0.00154787
apogee.apo25m.stars.000+30.2M16024746-1037567,apo25m.000+30.2M16024746-1037567,none,apStar-dr17-2M16024746-1037567.fits,2M16024746-1037567,apo25m,4520,000+30,240.697786,-10.632425,0.381527039089548,30.1983039304054,-2147483584,-2147483136,0,0,0,0,-9999.99,9999.99,-9999.99,9999.99,apogee,5,4,611.9949,0,0,-11.13085,0.1831493,0.03151311,6235.408,4.539992,-0.5543314,0,0,25.25861,18.64343,0,1,4343543071183164032,6.760693,0.0189091,-24.77548,0.0228841,-16.13961,0.0120352,9.97252,10.2726,9.49934,-11.1539,0.376487,147.2301,146.8722,147.6372,147.219,146.7622,147.5942,11667899474885,2M16024746-1037567,apo25m.000+30.2M16024746-1037567,apogee.apo25m.stars.000+30.2M16024746-1037567,apogee.apo25m.synspec.000+30.2M16024746-1037567,6314.984,41.6353,0,6477.3,4.45907,0.022105,0,4.4659,1.019469,0,8.40756,-0.0085561,0.004512919,0,-0.0294867,0.008970146,0,1.447205,Fd_b,0,0,0,0,6477.3,4.4659,0.008374,-0.0085561,-0.055691,0.056943,-0.033132,-0.055691,0,0.056943,32,-0.0760631,0.05402975,0,-0.0502991,0.03358462,0,-0.4675911,1.461616,288,0.0672298,0.1314182,0,-0.7626014,0.1740361,0,-0.0941526,0.01149975,0,-0.008516999,0.01256883,0,0.0773995,0.01239553,0,-9999,0.1346152,2,-0.02786509,0.04046569,0,-0.06944211,0.04405612,0,-0.006320097,0.01159835,0,-0.2997821,0.09840132,0,-9999,-9999,64,-0.1072444,0.1694086,0,-0.3280367,0.07019354,0,-0.03527249,0.01099704,0,-0.006835,0.004890707,0,-9999,-9999,64,-0.034411,0.01002312,0,-9999,0.07013389,2,-9999,-9999,2,-0.074342,0.00856703,-0.048578,0.008377947,-0.46587,1.461609,0.064258,0.00304245,-0.8479,0.00280323,-0.15972,0.003448623,-0.027778,0.001845616,0.0059776,0.003145791,-0.055729,0.001875073,0.00092351,0.003154758,-0.1711,0.002006141,0.064685,0.003041677,-0.25113,0.003653765,-0.29597,0.00375686,-0.07921,0.001900737,-0.17233,0.002007585,-0.19479,0.002033937,-0.006835,0.001824527,0.09922,0.001721221,-0.043596,0.001862122,0.37615,0.001495894,-9999,-9999,0.06931,0.001750171,0.12291,0.001698735,-9999,-9999,0.12291,0.001698735
apogee.apo25m.stars.000+30.2M16055250-1000033,apo25m.000+30.2M16055250-1000033,none,apStar-dr17-2M16055250-1000033.fits,2M16055250-1000033,apo25m,4520,000+30,241.468787,-10.000918,1.50399959228143,30.0213465760827,-2147481456,0,0,0,0,0,7,12.2,0.5,9999.99,apogee,0,4,228.6151,0,0,8.301659,0.03653958,0.03796436,5571.958,3.973794,-0.4672594,0,0,22.00713,18.15928,0,1,4343685561017720832,1.145956,0.0150765,-8.136722,0.0168704,-17.66144,0.0103177,12.2729,12.8427,11.5495,8.44301,0.643058,860.0149,848.8469,871.3499,860.1348,849.6077,871.6268,11668450256265,2M16055250-1000033,apo25m.000+30.2M16055250-1000033,apogee.apo25m.stars.000+30.2M16055250-1000033,apogee.apo25m.synspec.000+30.2M16055250-1000033,5177.072,11.91508,0,5141.9,3.332362,0.02610043,16777216,3.3507,1.084017,0,3.241156,-0.36329,0.006389897,0,0.175155,0.007204931,0,2.866751,GKd_a,0,0,0.001730104,0.001597019,5141.9,3.3507,0.035036,-0.36329,0.033585,0.15548,0.14848,0.033585,0,0.15548,0,0.01759401,0.0200258,0,0.03732601,0.02967733,0,0.13775,0.023478,0,0.260693,0.03223091,0,-0.184618,0.09303544,0,0.247153,0.01276154,0,0.246266,0.0188175,0,0.1191106,0.01516247,0,-9999,0.1707359,2,0.139252,0.04004294,0,0.171239,0.04100023,0,0.135345,0.01612729,0,0.07692316,0.0264069,0,0.410219,0.1064866,0,0.007061988,0.1223745,0,-0.07312602,0.05523529,0,-0.109078,0.01688128,0,-0.36581,0.007047977,0,-0.009669989,0.08702666,0,0.09179252,0.01332665,0,-9999,0.009629965,2,-0.35186,0.1034637,2,0.015074,0.005295564,0.034806,0.005124256,0.13523,0.006537278,0.20151,0.002595342,-0.56983,0.001728757,0.18111,0.002609061,0.021775,0.00141248,0.12199,0.002651641,-0.38972,0.001612607,0.11295,0.002659586,-0.26433,0.001540422,0.15083,0.002629315,0.07483,0.002698648,0.44945,0.00238252,-0.40371,0.001620987,-0.44135,0.001643502,-0.59179,0.001745423,-0.36581,0.001598312,-0.42355,0.001632881,-0.31741,0.001569745,-0.82883,0.00192637,-9999,-9999,-0.66201,0.001799,-0.061739,0.001447066,-9999,-9999,-0.061739,0.001447066
apogee.apo25m.stars.000+45.2M15130498-0018556,apo25m.000+45.2M15130498-0018556,none,apStar-dr17-2M15130498-0018556.fits,2M15130498-0018556,apo25m,4207,000+45,228.270769,-0.31545,359.915151247909,46.2887428092042,-2147483584,-2147483136,0,0,0,0,-9999.99,9999.99,-9999.99,9999.99,apogee,5,3,324.408,0,0,-9.162888,0.1519191,0.04093701,6326.272,4.247204,-0.6734957,0,0,22.34739,17.14654,0,1,4418898100586072192,2.7964,0.0202737,10.52033,0.0220084,14.54245,0.0188632,10.9337,11.1872,10.5231,-9.60989,2.54271,353.4828,350.9358,356.2375,352.5225,350.0698,354.912,11616071876183,2M15130498-0018556,apo25m.000+45.2M15130498-0018556,apogee.apo25m.stars.000+45.2M15130498-0018556,apogee.apo25m.synspec.000+45.2M15130498-0018556,6261.898,45.29107,0,6398.3,4.013795,0.02642507,0,3.9543,1.62069,0,6.343077,-0.22658,0.005588314,0,0.0302043,0.0103989,0,1.943524,Fd_a,0,0,0.01131222,0.01131222,6398.3,3.9543,0.2097,-0.22658,0.018555,0.14954,0.026559,0.018555,0,0.14954,32,-0.0004143864,0.06497565,0,0.035969,0.03901132,0,0.37047,0.1537083,32,0.1932629,0.1456181,0,-0.2257564,0.2309133,0,-0.00656949,0.01290855,0,0.109876,0.01376006,0,0.124631,0.01367208,0,-9999,0.1544063,2,0.04422851,0.04750844,0,0.1062729,0.04932426,0,0.09711599,0.01412797,0,-0.6335011,0.1112908,256,-9999,-9999,64,0.1415396,0.194296,0,-0.1111617,0.08822659,0,-0.04235747,0.01498079,0,-0.22461,0.006069843,0,-9999,-9999,64,-0.01221,0.01262589,0,-9999,0.1106645,2,-9999,-9999,2,0.0015556,0.009899394,0.037939,0.009580187,0.37244,0.1536066,0.19054,0.003448188,-0.52883,0.002632755,-0.071888,0.004015844,-0.12716,0.002073982,0.053458,0.003735238,-0.27014,0.002261526,0.073266,0.003692425,-0.21316,0.002186024,0.16837,0.003493709,-0.5846,0.005409621,-0.10183,0.004083748,-0.048201,0.00197717,-0.17323,0.002133378,-0.41965,0.002474126,-0.22461,0.002201091,0.05171,0.001865288,-0.23917,0.002220203,-0.67154,0.00283919,-9999,-9999,0.020038,0.001899921,-0.15344,0.002107629,-9999,-9999,-0.15344,0.002107629
apogee.apo25m.stars.000+45.2M15130930-0124056,apo25m.000+45.2M15130930-0124056,none,apStar-dr17-2M15130930-0124056.fits,2M15130930-0124056,apo25m,4207,000+45,228.288759,-1.401575,358.774856900427,45.5466360257416,-2147483584,-2147483136,0,0,0,0,-9999.99,9999.99,-9999.99,9999.99,apogee,5,3,720.1641,0,0,-26.42144,0.1956652,0.04033638,6369.685,4.14986,-0.8045842,0,0,26.13417,16.79915,0,1,4418197746038471936,4.570998,0.0192752,22.66671,0.0232637,-6.385778,0.0214477,9.47229,9.76966,8.99525,-26.3795,0.779848,217.3902,216.3367,218.2571,217.0829,216.1033,218.1191,11617263116662,2M15130930-0124056,apo25m.000+45.2M15130930-0124056,apogee.apo25m.stars.000+45.2M15130930-0124056,apogee.apo25m.synspec.000+45.2M15130930-0124056,6159.18,45.58435,0,6267.9,3.716907,0.02961731,0,3.5612,1.803641,0,11.68961,-0.37747,0.006564104,0,0.0427183,0.01114748,0,1.221563,Fd_b,0,0,0.002262444,0.002262444,6267.9,3.5612,0.25615,-0.37747,0.076332,0.034867,0.039073,0.076332,0,0.034867,32,0.08731204,0.06930514,0,0.11337,0.04258894,0,-0.14342,0.5145805,288,0.2011829,0.1410044,0,-1.137326,0.2683872,0,-0.007251471,0.01403765,0,0.09171599,0.01478504,0,0.151928,0.01462178,0,-9999,0.1619619,2,0.1151325,0.05328603,0,0.02488291,0.05171427,0,-0.08432996,0.0160904,0,-0.375851,0.1143004,0,-9999,-9999,64,-0.09583944,0.2013628,0,-0.1285317,0.09958762,0,-0.2585575,0.01867682,0,-0.37751,0.007133549,0,-9999,-9999,64,-0.05500999,0.01487438,0,-9999,0.1495654,2,-9999,-9999,2,0.087272,0.01014544,0.11333,0.009929451,-0.14346,0.5145386,0.19645,0.003943602,-1.5933,0.004737932,-0.07458,0.004653064,-0.29822,0.002437232,0.078745,0.004240872,-0.7886,0.003233728,0.14216,0.004080196,-0.44745,0.002674565,-0.015086,0.004489098,-0.32896,0.00540287,-0.30377,0.005324566,-0.43848,0.002659962,-0.3435,0.00250697,-0.78875,0.003233883,-0.37751,0.002560976,-1.6648,0.00496538,-0.43487,0.002654091,-0.63171,0.002977667,-9999,-9999,-0.93522,0.003473615,-0.21821,0.002320323,-9999,-9999,-0.21821,0.002320323
apogee.apo25m.stars.000+45.2M15154939-0011215,apo25m.000+45.2M15154939-0011215,none,apStar-dr17-2M15154939-0011215.fits,2M15154939-0011215,apo25m,4207,000+45,228.95583,-0.18933,0.705048998930209,45.8587040593097,-2147483584,-2147483136,0,0,0,0,-9999.99,9999.99,-9999.99,9999.99,apogee,5,3,219.1807,0,0,18.21512,0.8805168,0.05085059,6143.804,4.451996,-0.5633769,0,0,25.98127,18.62113,0,1,4418913145855163648,1.832224,0.0174179,2.375235,0.0198343,-20.05592,0.0161234,11.8676,12.1569,11.4126,20.1818,2.06915,532.3411,527.9778,536.5369,531.8969,527.0673,537.8507,11616203116537,2M15154939-0011215,apo25m.000+45.2M15154939-0011215,apogee.apo25m.stars.000+45.2M15154939-0011215,apogee.apo25m.synspec.000+45.2M15154939-0011215,5997.397,35.44891,0,6100.1,4.032726,0.02406896,0,4.0832,1.413123,0,9.997007,-0.16179,0.005542574,0,0.0005512999,0.008658595,0,2.745364,Fd_b,0,0,0.02089433,0.02089433,6100.1,4.0832,0.15018,-0.16179,0.0050231,0.40517,-0.003094,0.0050231,0,0.40517,32,0.027532,0.04706127,0,0.005965307,0.03485496,0,0.42347,0.03496598,32,0.003809497,0.09112184,0,-0.2602764,0.1751259,0,0.004523501,0.01251919,0,0.122103,0.01392723,0,0.050604,0.0130346,0,-9999,0.1213294,2,-0.0312475,0.04600653,0,-0.0726071,0.04183719,0,0.06592601,0.01296538,0,0.160769,0.08367957,0,-9999,-9999,64,-0.1390295,0.1451024,0,-0.1276617,0.07040714,0,-0.01552747,0.01405224,0,-0.1621,0.005989923,0,-9999,-9999,64,-0.01602,0.01199694,0,-9999,0.09089344,2,-9999,-9999,2,0.027222,0.009832751,0.0056553,0.01003245,0.42316,0.0345239,-0.0011934,0.003433511,-0.50084,0.002338995,-0.063075,0.003552042,-0.052423,0.001810525,-0.022849,0.003475342,0.049495,0.001718051,-0.00449,0.003439913,-0.32953,0.002116696,0.1349,0.00318088,0.20739,0.003056926,-0.24772,0.003944743,-0.26626,0.002040196,-0.12722,0.00188677,-0.33031,0.002117687,-0.1621,0.001924604,-0.029267,0.001788379,-0.18047,0.001944865,-0.084879,0.001842743,-9999,-9999,-0.32132,0.002106443,0.035463,0.00173026,-9999,-9999,0.035463,0.00173026
apogee.apo25m.stars.000+45.2M15173444-0041344,apo25m.000+45.2M15173444-0041344,none,apStar-dr17-2M15173444-0041344.fits,2M15173444-0041344,apo25m,4207,000+45,229.393526,-0.692903,0.575791393302211,45.1976818069987,-2147481456,0,0,0,0,0,7,12.2,0.5,9999.99,apogee,0,3,435.7872,0,0,-28.49427,0.01610654,0.02382646,5180.508,3.527989,-0.4705299,0,0,20.97864,17.42484,0,1,4418647373279613568,1.379251,0.021303,0.4753364,0.0200958,-9.641473,0.0165394,11.3931,11.8894,10.7357,-28.3103,0.655006,703.0895,692.9334,713.962,704.2025,693.4064,714.4468,11616729735398,2M15173444-0041344,apo25m.000+45.2M15173444-0041344,apogee.apo25m.stars.000+45.2M15173444-0041344,apogee.apo25m.synspec.000+45.2M15173444-0041344,4956.895,9.908754,0,4894.7,3.029606,0.02493379,33554432,3.0662,1.17714,0,3.24788,-0.29695,0.006432065,0,0.0816,0.006579484,0,2.955834,GKd_b,0,0,0.007718925,0.007718925,4894.7,3.0662,0.070828,-0.29695,-0.037784,0.14803,0.054925,-0.037784,0,0.14803,0,-0.04718,0.01617249,0,-0.08689901,0.02661115,0,0.14348,0.01943124,0,0.145394,0.02296866,0,-0.239748,0.07629599,0,0.108874,0.01215141,0,0.103466,0.01893681,0,0.06781161,0.01435904,0,-9999,0.1502467,2,0.05982399,0.03831881,0,0.131159,0.03897222,0,0.073871,0.01500883,0,0.002365768,0.02301315,0,-0.002025008,0.08999115,0,0.05301198,0.09624291,0,-0.060386,0.0460236,0,-0.03959799,0.01582813,0,-0.29844,0.007304151,0,0.09512,0.06708674,0,0.06385252,0.0125876,0,-9999,0.006231259,258,-0.09540999,0.08100471,2,-0.04867,0.002678096,-0.088389,0.003003198,0.14199,0.003318433,0.087241,0.001997824,-0.55759,0.001477735,0.043861,0.001981616,-0.053655,0.00130292,0.071721,0.001993088,-0.30711,0.001380616,0.034552,0.001976689,-0.23704,0.001358087,0.090386,0.001998775,0.0013026,0.001955249,0.038236,0.001978712,-0.29039,0.001374882,-0.36124,0.001399571,-0.45494,0.001434259,-0.29844,0.001377607,-0.25139,0.001362424,-0.27798,0.001370803,0.7519,0.001112385,-9999,-9999,-0.33819,0.001391474,-0.14733,0.001331052,-9999,-9999,-0.14733,0.001331052
apogee.apo25m.stars.000+45.2M15174199-0049255,apo25m.000+45.2M15174199-0049255,none,apStar-dr17-2M15174199-0049255.fits,2M15174199-0049255,apo25m,4207,000+45,229.424986,-0.823773,0.465800887610499,45.0876924991334,-2147483584,-2147483136,0,0,0,0,-9999.99,9999.99,-9999.99,9999.99,apogee,5,3,353.9253,0,0,-32.507,0.05873877,0.04460673,6360.119,4.327803,-0.6939325,0,0,26.80582,17.28531,0,1,4418610440856158848,2.615592,0.0168528,-15.16402,0.0186472,5.428811,0.0153257,11.0161,11.2627,10.6106,-33.1124,1.42771,376.71,374.6684,378.9221,377.0707,375.1823,379.6347,11616805393514,2M15174199-0049255,apo25m.000+45.2M15174199-0049255,apogee.apo25m.stars.000+45.2M15174199-0049255,apogee.apo25m.synspec.000+45.2M15174199-0049255,6326.995,45.62363,0,6479.3,4.016617,0.02500094,0,3.9449,1.929612,0,12.2857,-0.15072,0.005140301,0,0.0110309,0.0101091,0,2.017623,Fd_b,0,0,0.01184456,0.01184456,6479.3,3.9449,0.28547,-0.15072,0.019408,0.16681,0.0073856,0.019408,0,0.16681,32,-0.004191205,0.06372298,0,0.038468,0.03745415,0,0.42251,0.1382838,32,0.2243429,0.1511521,0,-1.659997,0.2160857,0,-0.0433415,0.01238731,0,0.074819,0.0132471,0,0.107382,0.0132495,0,-9999,0.1521983,2,0.06087451,0.04481243,0,0.0305129,0.04846871,0,-0.04072399,0.01325392,0,-0.668371,0.1111318,256,-9999,-9999,64,-0.02928944,0.1931526,0,-0.3350617,0.08364477,0,-0.1305175,0.01339078,0,-0.14674,0.005582881,0,-9999,-9999,65,0.01270001,0.0116175,0,-9999,0.09539261,2,-9999,-9999,2,-0.00021121,0.009184606,0.042448,0.008853531,0.42649,0.1381883,0.22363,0.003459335,-1.8852,0.005916671,-0.10665,0.004226228,-0.084347,0.002195905,0.038219,0.003879175,-1.1431,0.003618563,0.091922,0.003756062,-0.21105,0.00237272,0.03254,0.0038923,-0.61746,0.005719178,-0.056362,0.0041039,-0.14116,0.002273851,-0.31926,0.002527469,-0.42994,0.002693919,-0.14674,0.00228171,-2.4987,0.008014985,-0.13639,0.002267157,-0.69486,0.003083667,-9999,-9999,-0.11778,0.002241272,0.093847,0.001974386,-9999,-9999,0.093847,0.001974386
apogee.apo25m.stars.000+45.2M15174577-0102443,apo25m.000+45.2M15174577-0102443,none,apStar-dr17-2M15174577-0102443.fits,2M15174577-0102443,apo25m,4207,000+45,229.440737,-1.04566,0.24513024886096,44.9291327309128,-2147483584,-2147483136,0,0,0,0,-9999.99,9999.99,-9999.99,9999.99,apogee,5,3,277.4556,0,0,-39.16502,0.1228167,0.04448628,6151.926,4.44815,-0.6832361,0,0,24.47222,18.55374,0,1,4415600424695815168,3.350111,0.0177708,-7.595359,0.0182849,6.522567,0.0164257,11.3761,11.6641,10.9219,-38.6849,0.652648,294.5815,293.1452,295.9937,294.6477,293.3502,295.909,11616811754722,2M15174577-0102443,apo25m.000+45.2M15174577-0102443,apogee.apo25m.stars.000+45.2M15174577-0102443,apogee.apo25m.synspec.000+45.2M15174577-0102443,6124.563,40.74118,0,6240.4,4.263536,0.02598204,0,4.2648,1.101012,0,7.650503,-0.22993,0.005759763,0,0.0220873,0.009739165,0,2.719318,Fd_b,0,0,0.01809955,0.01809955,6240.4,4.2648,0.041792,-0.22993,0.017813,0.073306,0.018442,0.017813,0,0.073306,32,0.014018,0.05717931,0,0.03072199,0.03782368,0,-0.48832,1.231192,288,0.2732129,0.1177972,0,-1.408926,0.2111608,0,0.01208951,0.01296048,0,0.105936,0.01404338,0,0.09440099,0.01357609,0,-9999,0.1403476,2,0.002932489,0.04798838,0,0.1018329,0.04635416,0,-0.04584299,0.01398043,0,-0.03767501,0.09878163,0,-9999,-9999,64,-0.1102894,0.1722809,0,-0.3036117,0.08199219,0,-0.07022749,0.01525792,0,-0.22681,0.006242997,0,-9999,-9999,65,-0.01722001,0.01277926,0,-9999,0.1081656,2,-9999,-9999,2,0.017138,0.009737094,0.033842,0.009594634,-0.4852,1.231178,0.27164,0.002976323,-1.7142,0.004363256,-0.052079,0.003567212,-0.1333,0.001884728,0.024378,0.003414235,-0.50326,0.002350468,0.03312,0.00339691,-0.2198,0.00198381,0.026561,0.003409839,0.012376,0.003438168,-0.036972,0.00353723,-0.30223,0.002083099,-0.36788,0.002168963,-0.44972,0.002278837,-0.22681,0.001991909,-2.4965,0.007094646,-0.24638,0.002014746,-0.71133,0.002636361,-9999,-9999,-0.54214,0.002403602,-0.050984,0.001796246,-9999,-9999,-0.050984,0.001796246
apogee.apo25m.stars.000+45.2M15185169-0009502,apo25m.000+45.2M15185169-0009502,none,apStar-dr17-2M15185169-0009502.fits,2M15185169-0009502,apo25m,4207,000+45,229.715406,-0.163945,1.44293508636584,45.3011412571344,-2147483584,-2147483136,0,0,0,0,-9999.99,9999.99,-9999.99,9999.99,apogee,21,3,328.5468,0,0,28.94547,0.08668207,0.04710158,6274.991,4.534736,-0.6068513,0,0,29.69603,18.43978,0,1,4418808078071357440,2.903637,0.0191815,16.32232,0.0194751,-24.82987,0.0192012,11.063,11.3247,10.6396,-9999,-9999,340.1138,337.6951,342.1584,339.9716,337.6942,342.3036,11615852461140,2M15185169-0009502,apo25m.000+45.2M15185169-0009502,apogee.apo25m.stars.000+45.2M15185169-0009502,apogee.apo25m.synspec.000+45.2M15185169-0009502,6337.235,41.01575,0,6507.5,4.269946,0.02113624,0,4.2247,1.471804,0,13.79431,0.047683,0.004682093,32,-0.0129117,0.008671383,0,1.923712,Fd_a,0,0,0.01277615,0.01277615,6507.5,4.2247,0.16785,0.047683,-0.061678,0.02351,-0.016557,-0.061678,0,0.02351,32,-0.091506,0.05197971,0,-0.048125,0.03243827,0,-0.447631,1.278328,288,0.09533289,0.1297275,0,-0.3359804,0.1627472,0,-0.0557925,0.01133469,0,0.034545,0.01226405,0,0.084612,0.01225661,0,-9999,0.1307327,2,-0.0321556,0.03885537,0,-0.0183211,0.04296261,0,0.005039997,0.01120119,0,-0.072797,0.09607349,0,-9999,-9999,64,0.00159955,0.1647826,0,0.0779243,0.06649254,0,-0.01425149,0.01014552,0,0.049474,0.004618481,0,-9999,-9999,64,-0.039657,0.009438626,0,-9999,0.0624663,2,-9999,-9999,2,-0.089715,0.008816292,-0.046334,0.008503118,-0.44584,1.278319,0.092431,0.003284661,-0.36497,0.002533871,-0.12129,0.003740855,0.071593,0.002006091,0.01326,0.003448913,0.23999,0.001833985,-0.0032971,0.003484107,-0.06367,0.002157985,0.076115,0.00331768,-0.024075,0.003528881,-0.14813,0.003801842,0.085943,0.001990427,0.28994,0.001787988,-0.11746,0.002223106,0.049474,0.002030419,0.3242,0.001757356,0.007467,0.002077017,-0.14996,0.002263736,-9999,-9999,0.2055,0.001866467,-0.27058,0.002414519,-9999,-9999,-0.27058,0.002414519
apogee.apo25m.stars.000+60.2M14280006+0851041,apo25m.000+60.2M14280006+0851041,none,apStar-dr17-2M14280006+0851041.fits,2M14280006+0851041,apo25m,4436,000+60,217.000255,8.851157,358.772812208995,60.7671918804328,-2147483584,-2147483136,0,0,0,0,-9999.99,9999.99,-9999.99,9999.99,apogee,5,3,424.2816,0,0,-4.388721,0.06905697,0.02866748,6232.423,4.545544,-0.3579437,0,0,22.39917,18.29621,0,1,1175900752167227776,4.707888,0.0160428,-31.51567,0.0191267,-1.65736,0.0177429,10.615,10.8851,10.1863,-5.02473,0.716313,211.1003,210.5066,211.7389,211.038,210.3917,211.7299,14920456303677,2M14280006+0851041,apo25m.000+60.2M14280006+0851041,apogee.apo25m.stars.000+60.2M14280006+0851041,apogee.apo25m.synspec.000+60.2M14280006+0851041,6107.615,34.79454,0,6241.7,4.33074,0.02093107,0,4.3959,0.8122917,0,4.083476,0.020397,0.004576175,0,-0.0110357,0.007907113,0,2.899012,Fd_b,0,0,0.005323397,0.005323397,6241.7,4.3959,-0.090288,0.020397,-0.035614,0.29157,-0.014681,-0.035614,0,0.29157,32,-0.055788,0.04294389,0,-0.030904,0.03124292,0,-0.138456,0.09137746,288,0.1499569,0.09268539,0,-0.1728394,0.1446678,0,-0.0239485,0.01134729,0,0.101973,0.01279456,0,0.0734344,0.01204482,0,-9999,0.1134042,2,-0.0243127,0.04008571,0,-0.3338601,0.03925963,0,-0.026924,0.01105903,0,-0.347837,0.08002923,0,-9999,-9999,320,-0.04135445,0.1372671,0,-0.1910198,0.06035681,0,0.006039515,0.01078226,0,0.025063,0.004941253,0,-9999,-9999,64,0.032398,0.009851553,0,-9999,0.06298888,2,-9999,-9999,2,-0.051122,0.008242936,-0.026238,0.008054067,-0.13379,0.0912628,0.14993,0.002625338,-0.22624,0.001809724,-0.086571,0.002993627,0.11461,0.001518848,0.0049574,0.002849702,-0.093726,0.001684636,0.0074208,0.002845734,-0.40362,0.001995019,0.047026,0.002782193,-0.29624,0.003388067,-0.54657,0.003931666,0.018578,0.001590472,-0.0034151,0.001607514,-0.12158,0.001710322,0.025063,0.001585465,0.24344,0.001433457,0.055111,0.00156269,-0.51361,0.002112936,-9999,-9999,0.1194,0.001515388,0.033939,0.001578702,-9999,-9999,0.033939,0.001578702
apogee.apo25m.stars.000+60.2M14295448+0736464,apo25m.000+60.2M14295448+0736464,none,apStar-dr17-2M14295448+0736464.fits,2M14295448+0736464,apo25m,4436,000+60,217.47702,7.612892,357.572671832141,59.5840599280584,-2147483584,-2147483136,0,0,0,0,-9999.99,9999.99,-9999.99,9999.99,apogee,5,3,317.0011,0,0,-13.97507,0.05075082,0.03785034,6012.472,4.355061,-0.7619752,0,0,22.66697,18.76433,0,1,1172559954805859200,6.092327,0.544758,-22.42383,0.606169,-3.32254,0.523043,11.0754,11.3436,10.633,-18.0924,0.669635,168.7723,151.155,184.2373,175.9233,161.2578,193.1197,14919727218950,2M14295448+0736464,apo25m.000+60.2M14295448+0736464,apogee.apo25m.stars.000+60.2M14295448+0736464,apogee.apo25m.synspec.000+60.2M14295448+0736464,5998.979,40.20805,0,6084,4.24224,0.02895304,0,4.2875,0.8404135,0,3.337029,-0.37791,0.006777663,0,0.0477393,0.01029837,0,1.926149,Fd_c,0,0.006521161,0.01716795,0.01636944,6084,4.2875,-0.075507,-0.37791,0.039697,0.31155,0.044094,0.039697,0,0.31155,32,0.03283602,0.05950599,0,0.06568402,0.04098502,0,0.096028,0.1269564,32,0.3676729,0.1098156,0,-0.05684638,0.2405779,0,0.08084249,0.01409379,0,0.159426,0.01512072,0,0.10035,0.01450472,0,-9999,0.1444911,2,0.01181951,0.05378129,0,0.03550291,0.04799506,0,-0.01607999,0.0158537,0,-0.182441,0.09920727,0,-9999,-9999,64,-0.07658947,0.1744947,0,-0.1576017,0.09105299,0,-0.0940375,0.01898848,0,-0.37583,0.007347334,0,-9999,-9999,64,0.02616,0.01503086,0,-9999,0.1445539,2,-9999,-9999,2,0.034916,0.01085357,0.067764,0.0105366,0.098108,0.1267754,0.36506,0.002904979,-0.51114,0.002162152,0.015634,0.003499714,-0.22883,0.001806433,0.029287,0.003471167,-0.25031,0.001829125,0.040967,0.003447318,-0.43515,0.002061262,0.055284,0.003418187,-0.13343,0.003805391,-0.28217,0.00414548,-0.41755,0.00203794,-0.37089,0.001975981,-0.62255,0.002324199,-0.37583,0.001982498,-0.092237,0.001667033,-0.35202,0.001951282,-0.82634,0.002622118,-9999,-9999,-0.53888,0.002200773,-0.16209,0.001737297,-9999,-9999,-0.16209,0.001737297
apogee.apo25m.stars.000+60.2M14302956+0900559,apo25m.000+60.2M14302956+0900559,none,apStar-dr17-2M14302956+0900559.fits,2M14302956+0900559,apo25m,4436,000+60,217.623194,9.015545,359.852585643384,60.41420116491,-2147483584,-2147483136,0,0,0,0,-9999.99,9999.99,-9999.99,9999.99,apogee,5,3,374.0195,0,0,-17.67961,0.1239555,0.03184881,6159.229,4.519795,-0.4987901,0,0,23.67834,18.70716,0,1,1176099317095544064,4.164343,0.0223959,-3.13545,0.0242061,12.57075,0.0201683,10.9836,11.2449,10.5621,-17.7448,0.466876,237.741,236.5028,239.0165,238.2164,237.0262,239.4454,14920026216377,2M14302956+0900559,apo25m.000+60.2M14302956+0900559,apogee.apo25m.stars.000+60.2M14302956+0900559,apogee.apo25m.synspec.000+60.2M14302956+0900559,6089.491,36.31827,0,6212.7,4.299442,0.02271619,0,4.3598,1.111414,0,6.486344,-0.078515,0.005036208,0,-0.0275827,0.008480554,0,2.255589,Fd_b,0,0,0.009182858,0.009182858,6212.7,4.3598,0.045876,-0.078515,-0.06617,0.22803,-0.031228,-0.06617,0,0.22803,32,-0.074997,0.04696156,0,-0.05536199,0.03349102,0,-0.334388,0.2681629,288,0.1936349,0.09801682,0,-0.0754794,0.1651449,0,-0.05443949,0.01195707,0,0.037985,0.01332006,0,0.04634199,0.01259986,0,-9999,0.1212006,2,-0.009298503,0.04309852,0,-0.2468801,0.04143919,0,-0.005787,0.01210341,0,-0.449069,0.08507776,0,-9999,-9999,320,-0.08678245,0.1468564,0,-0.1192317,0.06717896,0,-0.03562049,0.0123983,0,-0.074337,0.005444071,0,-9999,-9999,64,-0.013638,0.01093523,0,-9999,0.07757004,2,-9999,-9999,2,-0.070819,0.009238561,-0.051184,0.009072266,-0.33021,0.2681156,0.19312,0.002711697,-0.22828,0.001833658,-0.11755,0.003207335,-0.048778,0.001655083,-0.022623,0.003053817,-0.13486,0.001737757,0.021947,0.00298109,-0.41604,0.002048365,0.067675,0.00290639,-0.39796,0.003781534,-0.55541,0.004162932,-0.12625,0.001729046,-0.031027,0.001639421,-0.26264,0.001869519,-0.074337,0.001678481,0.20428,0.00145688,-0.090325,0.001693606,0.42424,0.001334166,-9999,-9999,-0.026071,0.001635115,0.039304,0.001580981,-9999,-9999,0.039304,0.001580981
apogee.apo25m.stars.000+60.2M14313225+0921535,apo25m.000+60.2M14313225+0921535,none,apStar-dr17-2M14313225+0921535.fits,2M14313225+0921535,apo25m,4436,000+60,217.884392,9.364871,0.730076780677848,60.4458229191942,-2147483584,-2147483136,0,0,0,0,-9999.99,9999.99,-9999.99,9999.99,apogee,5,3,360.7985,0,0,7.38198,0.0306612,0.06203156,6070.188,4.521075,-0.8667492,0,0,42.93136,19.17485,0,1,1176135837201467520,2.229044,0.0372652,16.71855,0.0422544,-8.291042,0.03293,11.0308,11.2563,10.6555,9.20365,1.14107,440.9596,432.4146,447.9193,441.8617,435.5812,449.821,14917003091748,2M14313225+0921535,apo25m.000+60.2M14313225+0921535,apogee.apo25m.stars.000+60.2M14313225+0921535,apogee.apo25m.synspec.000+60.2M14313225+0921535,6195.759,39.49553,0,6334.6,3.920171,0.0230817,0,3.99,1.679693,0,21.86251,-0.079295,0.004935307,0,-0.0305217,0.008945824,0,1.968113,Fd_b,0,0,0.009848284,0.009848284,6334.6,3.99,0.22523,-0.079295,-0.058937,0.71391,-0.034167,-0.058937,0,0.71391,32,-0.09761599,0.05202311,0,-0.085419,0.03438878,0,0.568083,0.07428026,32,0.04576789,0.1158172,0,-0.1907584,0.1778524,0,-0.0649185,0.01194679,0,0.08014899,0.01312853,0,0.003767997,0.01269685,0,-9999,0.1308464,2,-0.0935185,0.04286938,0,-0.1448791,0.04357195,0,0.05758901,0.01223823,0,0.5728521,0.09354462,0,-9999,-9999,320,-0.06146644,0.1616386,0,0.2931263,0.07138331,0,0.05156052,0.01228127,0,-0.051548,0.005343892,0,-9999,-9999,64,-0.061882,0.01087174,0,-9999,0.07952634,2,-9999,-9999,2,-0.069869,0.01031261,-0.057672,0.01019068,0.59583,0.07411613,0.068822,0.003724379,-0.32077,0.002647584,-0.10446,0.004166173,0.016175,0.002195176,-0.041628,0.00400025,0.35282,0.00184125,-0.038704,0.003992618,-0.29125,0.002605302,0.15462,0.003517954,0.64753,0.002469879,0.94218,0.002100857,-0.078145,0.002311688,0.40412,0.00179836,-0.15267,0.002412488,-0.051548,0.002277674,-0.32138,0.002648471,-0.11578,0.002361779,-0.14098,0.00239633,-9999,-9999,0.0021343,0.002212013,-0.019064,0.002237521,-9999,-9999,-0.019064,0.002237521
apogee.apo25m.stars.000+60.2M14315592+0909538,apo25m.000+60.2M14315592+0909538,none,apStar-dr17-2M14315592+0909538.fits,2M14315592+0909538,apo25m,4436,000+60,217.983029,9.164954,0.549427264977737,60.2422194999829,-2147483584,-2147483136,0,0,0,0,-9999.99,9999.99,-9999.99,9999.99,apogee,5,3,306.3386,0,0,-22.78255,0.05737548,0.06610876,5798.604,4.969999,-0.6553617,0,0,42.16345,22.98307,0,1,1176114641538699520,2.032477,0.0179905,-10.873,0.0200726,12.64161,0.0211869,11.6428,11.9518,11.1696,-25.3605,1.89385,480.0196,475.6099,483.7619,480.1094,475.0616,483.5697,14916998431777,2M14315592+0909538,apo25m.000+60.2M14315592+0909538,apogee.apo25m.stars.000+60.2M14315592+0909538,apogee.apo25m.synspec.000+60.2M14315592+0909538,5757.958,27.62778,0,5834.1,4.07531,0.02123698,0,4.1055,1.564156,0,20.64905,-0.055544,0.005262714,0,0.0102053,0.007062062,0,3.258517,Fd_b,0,0,0.01424009,0.01424009,5834.1,4.1055,0.19428,-0.055544,0.06026,0.03753,0.00656,0.06026,0,0.03753,32,0.071493,0.03346803,0,0.082607,0.0303886,0,-0.04319701,0.03075152,288,0.1064959,0.05732044,0,-0.1489704,0.1271642,0,0.0820725,0.01186924,0,0.113919,0.01382699,0,0.09605929,0.0122031,0,-9999,0.09388284,2,0.0882185,0.04317727,0,-0.1827911,0.03497655,0,0.007890001,0.01150204,0,-0.391709,0.06231792,0,-9999,-9999,320,0.04048465,0.1070022,0,0.009028293,0.05425112,0,0.01208851,0.01241026,0,-0.083776,0.005657791,0,-9999,-9999,64,-0.001915,0.01089957,0,-9999,0.06867738,2,-9999,-9999,2,0.043261,0.009572095,0.054375,0.009470797,-0.071429,0.03029785,0.073571,0.002943026,-0.31121,0.001990879,-0.013448,0.003095513,0.017717,0.001699941,-0.0053157,0.003080941,0.17164,0.00159518,0.087054,0.002919966,-0.36139,0.002043844,0.048942,0.002985616,-0.37301,0.003825441,0.76537,0.001898657,-0.0084219,0.00171936,0.087794,0.001650333,-0.22437,0.001906017,-0.083776,0.001780449,-0.24086,0.001921224,-0.088041,0.001784068,-0.0057638,0.001717353,-9999,-9999,0.22289,0.001564193,0.12335,0.001626315,-9999,-9999,0.12335,0.001626315
apogee.apo25m.stars.000+60.2M14324650+0937465,apo25m.000+60.2M14324650+0937465,none,apStar-dr17-2M14324650+0937465.fits,2M14324650+0937465,apo25m,5663,000+60,218.193791,9.62959,1.53790780382865,60.381670928737,0,0,-2147268576,0,0,0,7,12.2,0.3,9999.99,apogee2-manga,0,6,383.2043,0,0,-10.11036,0.02056517,0.03011219,6177.706,4.45252,-0.1659352,0,0,21.97197,17.77284,0,1,1176235347299435648,2.048333,0.0182772,14.10831,0.0199716,-10.7285,0.0153121,11.6588,11.978,11.1775,-10.9602,1.44232,476.7562,472.5566,480.8544,477.5724,472.9214,481.5485,15195900826434,2M14324650+0937465,apo25m.000+60.2M14324650+0937465,apogee.apo25m.stars.000+60.2M14324650+0937465,apogee.apo25m.synspec.000+60.2M14324650+0937465,5800.789,26.68015,0,5893.1,4.016654,0.01930838,0,4.0247,1.223706,0,4.767383,0.063183,0.004671632,0,-0.0016305,0.006561166,0,3.084111,Fd_b,0,0,0.007852009,0.007852009,5893.1,4.0247,0.087677,0.063183,0.019673,0.14627,-0.0052758,0.019673,0,0.14627,32,-0.02034599,0.03065941,0,0.022686,0.02809262,0,0.021883,0.02129573,0,0.0499719,0.05536978,0,-0.1426264,0.1100629,0,0.01601651,0.01113159,0,0.182966,0.01313626,0,0.086546,0.01155729,0,-9999,0.08799704,2,-0.1100165,0.03953262,0,0.0326361,0.03310485,0,-0.06210399,0.0103366,0,-0.314248,0.05898582,0,-9999,-9999,320,0.01786055,0.1005531,0,-0.2049177,0.04827632,0,0.08071751,0.01047292,0,0.0637,0.005017248,0,-9999,-9999,64,0.05152,0.009603607,0,-9999,0.05373647,2,-9999,-9999,2,-0.019829,0.007412759,0.023203,0.007068239,0.0224,0.01818598,0.045796,0.002512668,-0.15739,0.001552192,-0.050755,0.002659568,0.23424,0.001323442,0.01392,0.002561191,-0.23711,0.001609441,-0.082432,0.002706418,0.0015132,0.001446237,0.007697,0.00257072,-0.2668,0.003025806,-0.57907,0.003634694,0.11643,0.001381557,0.021324,0.001434782,-0.008265,0.001451964,0.0637,0.001410638,0.35662,0.001270433,0.11287,0.001383474,-0.41159,0.001748628,-9999,-9999,0.094962,0.001393198,0.30467,0.00129213,-9999,-9999,0.30467,0.00129213
apogee.apo25m.stars.000+60.2M14341008+0738302,apo25m.000+60.2M14341008+0738302,none,apStar-dr17-2M14341008+0738302.fits,2M14341008+0738302,apo25m,4436,000+60,218.542023,7.641731,359.003961157353,58.8236790911742,-2147483584,-2147483136,0,0,0,0,-9999.99,9999.99,-9999.99,9999.99,apogee,5,3,277.0141,0,0,-2.929992,0.1423862,0.04510299,6172.625,4.589653,-0.5096275,0,0,28.04971,18.82632,0,1,1172340396077728256,2.433989,0.0386282,4.763202,0.0439902,-6.90325,0.0362816,11.0843,11.329,10.6872,0.607328,3.23823,401.1155,394.4457,408.2536,404.1473,398.6907,411.5209,14919412585440,2M14341008+0738302,apo25m.000+60.2M14341008+0738302,apogee.apo25m.stars.000+60.2M14341008+0738302,apogee.apo25m.synspec.000+60.2M14341008+0738302,6148.33,35.16465,0,6291.5,4.189564,0.02039863,0,4.2927,0.991724,0,12.4251,0.05744,0.004385467,0,-0.0317997,0.007833393,0,3.286548,Fd_c,0,0.0001330849,0.01330849,0.01304232,6291.5,4.2927,-0.0036092,0.05744,-0.043448,0.62465,-0.035445,-0.043448,0,0.62465,32,-0.083822,0.04289631,0,-0.026295,0.03069351,0,0.43701,0.03523254,32,0.1221729,0.09571078,0,0.2983736,0.1409161,0,-0.0686615,0.01112615,0,0.06925601,0.0125438,0,0.060734,0.01187595,0,-9999,0.1133302,2,-0.0618575,0.03893937,0,-0.2940771,0.03908847,0,-0.023443,0.01072684,0,0.117759,0.08060668,0,-9999,-9999,64,0.1318906,0.1379717,0,-0.3209717,0.05910143,0,0.03416352,0.01019834,0,0.05723,0.004735844,0,-9999,-9999,64,0.03097,0.009453887,0,-9999,0.05869742,2,-9999,-9999,2,-0.084032,0.008628905,-0.026505,0.00815046,0.4368,0.03495855,0.11727,0.002927508,0.27714,0.001644445,-0.13616,0.003388215,0.11406,0.00177144,-0.012619,0.003159905,0.07275,0.001807042,-0.035,0.003200937,-0.33167,0.002214904,0.045631,0.003053359,0.16448,0.002848298,-0.20314,0.003528031,0.22399,0.001683211,-0.1012,0.001969721,-0.061289,0.001929508,0.05723,0.001820659,0.098602,0.001784657,0.08585,0.001795661,0.11605,0.001769746,-9999,-9999,0.2296,0.001679077,0.10701,0.001777442,-9999,-9999,0.10701,0.001777442
apogee.apo25m.stars.000+60.2M14343585+0743077,apo25m.000+60.2M14343585+0743077,none,apStar-dr17-2M14343585+0743077.fits,2M14343585+0743077,apo25m,4436,000+60,218.649406,7.718812,359.251821250438,58.7955784232638,-2147481584,0,0,0,0,0,7,12.2,0.5,9999.99,apogee,0,3,291.4601,0,0,-28.74236,0.09572071,0.02458839,5083.492,3.725384,0.04243528,0,0,20.78253,17.50895,0,1,1172342423302292352,2.243516,0.0168369,-4.899415,0.0191566,-1.868715,0.0175573,11.7763,12.2688,11.1283,-29.1702,0.618909,438.1753,434.7813,440.8569,436.6025,433.385,440.0377,14918935689545,2M14343585+0743077,apo25m.000+60.2M14343585+0743077,apogee.apo25m.stars.000+60.2M14343585+0743077,apogee.apo25m.synspec.000+60.2M14343585+0743077,4920.25,8.597616,0,4891.5,3.585239,0.02009848,33554432,3.6657,0.7832132,0,3.037806,0.1718,0.005339022,0,0.028837,0.004691062,0,7.372419,GKd_c,0,0.0003992547,0.01051371,0.01011445,4891.5,3.6657,-0.10612,0.1718,0.029489,0.1457,0.002162,0.029489,0,0.1457,0,0.02715501,0.01085351,0,-0.02974999,0.01976992,0,0.14771,0.01390474,0,0.035758,0.0166991,0,0.08724202,0.04780308,0,0.06140901,0.009372254,0,0.04642101,0.01729376,0,0.006379604,0.01166316,0,-9999,0.1158124,2,-0.004171997,0.02605957,0,-0.002127007,0.03087312,0,0.006802008,0.01091116,0,0.06469019,0.01810908,0,-0.205251,0.07344247,0,0.138412,0.06971288,0,0.111584,0.02938596,0,0.004461005,0.01146962,0,0.16565,0.006432019,0,0.11136,0.04773994,0,0.0607125,0.009330331,0,-9999,-9999,259,-0.63117,0.07423805,2,0.021005,0.001160905,-0.0359,0.001392444,0.14156,0.001879016,-0.027055,0.001042017,0.23349,0.001158231,-0.008264,0.001069626,0.35339,0.001142235,0.005629,0.001090275,0.41102,0.001140526,-0.034104,0.00103194,0.093764,0.001166405,0.018657,0.001109414,0.058967,0.001164002,-0.16965,0.0009347834,0.2591,0.00115382,0.27482,0.001151086,0.053209,0.001169872,0.16565,0.001165247,0.22894,0.001158965,0.18297,0.001164603,0.99978,0.001066302,-9999,-9999,-0.40986,0.001323216,0.38299,0.001141184,-9999,-9999,0.38299,0.001141184
apogee.apo25m.stars.000+60.2M14344629+0846092,apo25m.000+60.2M14344629+0846092,none,apStar-dr17-2M14344629+0846092.fits,2M14344629+0846092,apo25m,5663,000+60,218.692915,8.769226,0.852718924869933,59.4515958529673,0,0,-2147268576,0,0,0,7,12.2,0.3,9999.99,apogee2-manga,0,6,286.8747,0,0,18.20206,0.06804399,0.04718493,6163.319,4.395929,-0.6549463,0,0,21.71291,17.62362,0,1,1173039101357330944,1.991675,0.0142072,8.172312,0.0181377,-3.930235,0.0141268,12.2234,12.4903,11.7965,17.2598,1.1867,495.7591,491.5692,500.2679,495.2314,491.3518,498.7197,14918892820924,2M14344629+0846092,apo25m.000+60.2M14344629+0846092,apogee.apo25m.stars.000+60.2M14344629+0846092,apogee.apo25m.synspec.000+60.2M14344629+0846092,6097.733,40.56636,0,6207.2,4.192766,0.02653164,0,4.1952,1.238146,0,5.051845,-0.25897,0.005949238,0,0.0353883,0.009835776,0,2.089008,Fd_c,0,0,0.01490551,0.01490551,6207.2,4.1952,0.092772,-0.25897,0.041154,0.13772,0.031743,0.041154,0,0.13772,32,0.03723,0.057507,0,0.05193099,0.03840283,0,-0.41582,0.6549392,288,0.1459929,0.1157874,0,-0.7250165,0.2163104,0,0.0494965,0.01317251,0,0.08192599,0.0142529,0,0.121612,0.01374682,0,-9999,0.1409311,2,0.02133949,0.04907941,0,-0.04365709,0.04662403,0,0.0008699894,0.01432605,0,-0.193291,0.09867218,0,-9999,-9999,64,-0.07132944,0.1723752,0,-0.2434517,0.08359341,0,0.0474425,0.01593059,0,-0.25572,0.006448328,0,-9999,-9999,64,0.04753,0.01319458,0,-9999,0.114445,2,-9999,-9999,2,0.04048,0.009566295,0.055181,0.009448227,-0.41257,0.6549122,0.14455,0.003264047,-1.0592,0.003018725,-0.014542,0.003568613,-0.18622,0.001861236,0.051719,0.003435695,-0.20601,0.001883587,0.051657,0.003435841,-0.3942,0.002117333,0.073404,0.003393523,-0.14311,0.003824134,0.1399,0.003272155,-0.29218,0.001984288,-0.33663,0.002040784,-0.36096,0.0020728,-0.25572,0.001940412,-0.052722,0.001718604,-0.21054,0.001888703,-0.71775,0.002570603,-9999,-9999,-0.18534,0.001860242,-0.10897,0.001776626,-9999,-9999,-0.10897,0.001776626
apogee.apo25m.stars.000+75.2M13391061+1912304,apo25m.000+75.2M13391061+1912304,none,apStar-dr17-2M13391061+1912304.fits,2M13391061+1912304,apo25m,4481,000+75,204.79423,19.208458,359.590326212646,76.481553009461,-2147483584,-2147483136,0,0,0,0,-9999.99,9999.99,-9999.99,9999.99,apogee,5,17,650.3666,0,0,-25.72996,0.1018522,0.04191956,6234.216,4.362378,-0.6128658,0,0,23.29777,18.02853,0,1,1248779578312117632,2.608073,0.0248912,17.92498,0.0247605,18.55821,0.0145736,11.0263,11.2871,10.6079,-25.2296,1.46743,378.0964,374.5523,381.3828,377.3995,374.1506,381.0775,15051868515647,2M13391061+1912304,apo25m.000+75.2M13391061+1912304,apogee.apo25m.stars.000+75.2M13391061+1912304,apogee.apo25m.synspec.000+75.2M13391061+1912304,6029.068,38.19582,0,6129.3,3.974231,0.02602646,0,3.9308,1.533981,0,7.242525,-0.24803,0.005969186,0,0.0313153,0.009423229,0,1.210473,Fd_b,0,0,0,0,6129.3,3.9308,0.18582,-0.24803,0.017484,0.060535,0.02767,0.017484,0,0.060535,32,0.01906799,0.05322993,0,0.03267999,0.03746221,0,-0.02676901,0.1225179,288,0.1564229,0.1030417,0,-0.008326381,0.2030666,0,0.01877749,0.01311142,0,0.130706,0.01432976,0,0.122428,0.01361923,0,-9999,0.1330079,2,0.0384765,0.04887931,0,0.04545291,0.04483967,0,-0.025657,0.01408928,0,-0.08337602,0.09205705,0,-9999,-9999,64,-0.1663595,0.1605916,0,-0.1968417,0.07938954,0,-0.04023749,0.01579707,0,-0.248,0.006462038,0,-9999,-9999,64,0.02584,0.01310086,0,-9999,0.1101247,2,-9999,-9999,2,0.019098,0.009740483,0.03271,0.009624188,-0.026739,0.1223724,0.15176,0.003181352,-0.33479,0.002028571,-0.048481,0.00358148,-0.12972,0.001798583,0.049315,0.003378905,-0.69598,0.00250697,0.065574,0.003346341,-0.29737,0.001983003,0.043657,0.003390575,-0.036415,0.003556262,-0.41837,0.004449719,-0.37949,0.002085162,-0.2823,0.001965248,-0.44092,0.002164394,-0.248,0.00192611,-0.18863,0.001861209,-0.22451,0.001900263,-0.29114,0.001975626,-9999,-9999,-0.28116,0.001963925,0.038495,0.001638933,-9999,-9999,0.038495,0.001638933
apogee.apo25m.stars.000+75.2M13404078+1912005,apo25m.000+75.2M13404078+1912005,none,apStar-dr17-2M13404078+1912005.fits,2M13404078+1912005,apo25m,4481,000+75,205.169951,19.200146,0.480998174561506,76.1956958649396,-2147483584,-2147483136,0,0,0,0,-9999.99,9999.99,-9999.99,9999.99,apogee,5,13,2314.083,0,0,8.518685,0.0791168,0.02863949,6180.771,4.462425,-0.5908945,0,0,23.4035,18.74241,0,1,1248049227713327872,16.17124,0.0268446,-92.07202,0.023417,-67.75244,0.0164522,7.52503,7.78842,7.09048,8.22316,0.212893,61.66652,61.57639,61.75471,61.69509,61.58495,61.79945,15051972451846,2M13404078+1912005,apo25m.000+75.2M13404078+1912005,apogee.apo25m.stars.000+75.2M13404078+1912005,apogee.apo25m.synspec.000+75.2M13404078+1912005,6001.708,36.61131,0,6100.9,4.103316,0.02513517,0,4.1077,0.9830149,0,6.374116,-0.21183,0.005802331,0,0.0092481,0.009031051,0,1.113574,Fd_a,0,0,0,0,6100.9,4.1077,-0.0074399,-0.21183,0.022938,0.14488,0.0056028,0.022938,0,0.14488,32,0.020632,0.04987529,0,0.04438199,0.0362215,0,-0.37636,0.3525389,288,-0.009488106,0.09573303,0,0.0286836,0.1889981,0,0.009088501,0.01286221,0,0.174517,0.01418713,0,0.06849541,0.01335903,0,-9999,0.1266947,2,-0.05403151,0.0476895,0,-0.1165971,0.04326844,0,0.01504399,0.01358835,0,-0.741941,0.08734794,256,-9999,-9999,320,-0.001959443,0.1519701,0,-0.0592217,0.07489245,0,-0.008967474,0.01506078,0,-0.21398,0.006275512,0,-9999,-9999,64,0.02555001,0.01263671,0,-9999,0.1012888,2,-9999,-9999,2,0.018482,0.009422526,0.042232,0.009225779,-0.37851,0.3524911,-0.016331,0.003327461,-0.26376,0.001901578,-0.06035,0.003413063,-0.051889,0.001691567,-0.0067976,0.003308927,-0.1012,0.001737297,-0.029114,0.003352462,-0.4254,0.002092319,0.082178,0.003138121,-0.69716,0.004981867,-0.51747,0.004483079,-0.18107,0.001816205,-0.11066,0.001746368,-0.37563,0.002031428,-0.21398,0.001849865,0.072254,0.001589465,-0.19078,0.001826116,-0.6465,0.002373605,-9999,-9999,-0.27198,0.001910497,-0.18397,0.001819176,-9999,-9999,-0.18397,0.001819176
apogee.apo25m.stars.000+75.2M13433083+1833274,apo25m.000+75.2M13433083+1833274,none,apStar-dr17-2M13433083+1833274.fits,2M13433083+1833274,apo25m,4481,000+75,205.878463,18.557615,0.0771475449506909,75.2724539662725,-2147483584,-2147483136,0,0,0,0,-9999.99,9999.99,-9999.99,9999.99,apogee,5,16,468.0461,0,0,-20.26718,0.1708617,0.0432388,6174.574,4.373443,-0.5249181,0,0,22.2486,18.03868,0,1,1247764793503700352,2.248805,0.013864,15.25611,0.0144965,-4.750808,0.00992454,11.9444,12.2031,11.5269,-9999,-9999,436.1507,433.2544,438.4709,435.8536,433.2268,439.3094,14930603017492,2M13433083+1833274,apo25m.000+75.2M13433083+1833274,apogee.apo25m.stars.000+75.2M13433083+1833274,apogee.apo25m.synspec.000+75.2M13433083+1833274,6056.527,36.78917,0,6169.3,4.191595,0.02394286,0,4.1866,1.156038,0,4.013378,-0.14567,0.005396576,0,0.0056502,0.008802601,0,1.578265,Fd_b,0,0,0.0001330849,0.0001330849,6169.3,4.1866,0.062972,-0.14567,-0.034488,0.026531,0.0020049,-0.034488,0,0.026531,32,-0.04200099,0.04892825,0,-0.01602399,0.034934,0,-0.2897,0.2225357,288,0.2415329,0.098576,0,-0.2889264,0.17813,0,0.004760504,0.01239917,0,0.110584,0.01372849,0,0.08265001,0.01298123,0,-9999,0.1249387,2,-0.04972249,0.04532444,0,0.02321289,0.04257424,0,-0.04288599,0.01284308,0,-0.495921,0.08707689,0,-9999,-9999,64,-0.02339944,0.1509252,0,-0.2566317,0.0714104,0,-0.03200749,0.01365947,0,-0.14552,0.005836178,0,-9999,-9999,64,0.00703001,0.01175331,0,-9999,0.08894648,2,-9999,-9999,2,-0.041851,0.009343019,-0.015874,0.00912228,-0.28955,0.2224702,0.23699,0.002745724,-0.51291,0.002146811,-0.062378,0.003253152,-0.047362,0.001642346,0.009657,0.003126723,-0.2759,0.001867887,-0.022505,0.003183551,-0.21713,0.001807042,0.026548,0.003096869,-0.44884,0.004072837,-0.16659,0.003444706,-0.13405,0.001723224,-0.23961,0.001829754,-0.33021,0.001928704,-0.14552,0.001734618,-0.045823,0.001641006,-0.14084,0.001729942,-0.67754,0.002353487,-9999,-9999,-0.31698,0.001913505,0.080928,0.001537693,-9999,-9999,0.080928,0.001537693
apogee.apo25m.stars.000+75.2M13451504+1835301,apo25m.000+75.2M13451504+1835301,none,apStar-dr17-2M13451504+1835301.fits,2M13451504+1835301,apo25m,4481,000+75,206.312683,18.591698,1.15792748007088,74.9665883631971,-2147483584,-2147483136,0,0,0,0,-9999.99,9999.99,-9999.99,9999.99,apogee,5,17,630.9796,0,0,18.43748,0.1257527,0.03824912,6260.891,4.430007,-0.4842451,0,0,23.78134,18.12871,0,1,1248131588006160000,2.106575,0.0196807,0.4409517,0.0203345,-20.31039,0.0133324,11.5387,11.8088,11.1084,19.61,0.889875,464.1343,460.9999,468.6961,463.6631,459.3152,468.1064,14930591377292,2M13451504+1835301,apo25m.000+75.2M13451504+1835301,apogee.apo25m.stars.000+75.2M13451504+1835301,apogee.apo25m.synspec.000+75.2M13451504+1835301,6060.899,35.60762,0,6179.5,4.031393,0.02271283,0,4.0254,1.437772,0,7.925561,-0.083162,0.005086685,0,-0.0028036,0.008392055,0,1.247789,Fd_b,0,0,0,0,6179.5,4.0254,0.15769,-0.083162,-0.0036958,0.22092,-0.0064489,-0.0036958,0,0.22092,32,-0.006614499,0.04592847,0,0.012393,0.03337498,0,0.0655,0.08875626,32,0.0947279,0.09410468,0,-0.1823854,0.1630391,0,-0.0383125,0.0119911,0,0.137299,0.01339686,0,0.100628,0.01260351,0,-9999,0.119193,2,0.0102025,0.04331215,0,-0.002046108,0.04100909,0,-0.031233,0.01212284,0,-0.321982,0.08324999,0,-9999,-9999,64,-0.03826345,0.1437053,0,-0.1306637,0.06647237,0,0.02078351,0.0125144,0,-0.085161,0.005496552,0,-9999,-9999,64,0.011224,0.01100804,0,-9999,0.07785897,2,-9999,-9999,2,-0.0086135,0.008671735,0.010394,0.008524788,0.063501,0.08861038,0.088036,0.00302,-0.34601,0.002040833,-0.1076,0.003391755,0.039712,0.001655083,0.025486,0.003136766,-0.050904,0.001732945,0.035271,0.003118253,-0.18203,0.001863411,0.036052,0.003116761,-0.27705,0.003761915,-0.2886,0.003788403,-0.088555,0.001768785,-0.053283,0.001735137,-0.21706,0.001899579,-0.085161,0.001765446,-0.15449,0.00183502,-0.076287,0.001756844,-0.44491,0.002158078,-9999,-9999,-0.74791,0.00252452,-0.044874,0.001727397,-9999,-9999,-0.044874,0.001727397
apogee.apo25m.stars.000+75.2M13452854+1936413,apo25m.000+75.2M13452854+1936413,none,apStar-dr17-2M13452854+1936413.fits,2M13452854+1936413,apo25m,4481,000+75,206.368952,19.611488,4.54183178129945,75.5143507646468,-2147483584,-2147483136,0,0,0,0,-9999.99,9999.99,-9999.99,9999.99,apogee,5,17,681.7355,0,0,-0.9043317,0.09239759,0.03072616,6181.619,4.589901,-0.1972093,0,0,22.82479,18.49629,0,1,1248405263321666560,4.311276,0.017012,-0.8943517,0.0159643,11.27769,0.0125309,10.8874,11.1719,10.4393,-0.498445,1.14585,230.2628,229.5008,231.2473,230.2612,229.2129,231.4553,14931003361402,2M13452854+1936413,apo25m.000+75.2M13452854+1936413,apogee.apo25m.stars.000+75.2M13452854+1936413,apogee.apo25m.synspec.000+75.2M13452854+1936413,5947.641,29.26869,0,6064.9,4.284267,0.01907032,0,4.3632,0.8030859,0,3.483213,0.10247,0.004375014,0,-0.0238077,0.00683962,0,2.034323,Fd_a,0,0,0,0,6064.9,4.3632,-0.095238,0.10247,-0.046593,0.27547,-0.027453,-0.046593,0,0.27547,32,-0.095399,0.0337587,0,-0.046993,0.02826441,0,0.040337,0.03141641,32,0.05680791,0.06731435,0,0.0287016,0.1149376,0,-0.0499915,0.0108864,0,0.090626,0.01267921,0,0.05844501,0.01146159,0,-9999,0.09469923,2,-0.0877775,0.03811439,0,-0.0682841,0.03458861,0,-0.033453,0.01009459,0,-0.509421,0.06513838,0,-9999,-9999,320,-0.05779045,0.1109451,0,-0.1422917,0.05004724,0,0.06700552,0.009771108,0,0.10569,0.004706816,0,-9999,-9999,64,0.02924,0.009133651,0,-9999,0.05100483,2,-9999,-9999,2,-0.092179,0.00794764,-0.043773,0.007529143,0.043557,0.03111029,0.055335,0.002477176,0.055928,0.001449,-0.11406,0.002718989,0.18389,0.001375536,-0.011478,0.002574005,-0.07135,0.001532645,-0.05749,0.002639602,-0.057417,0.001522629,0.039051,0.00250064,-0.45927,0.003318885,-0.6541,0.003719946,0.082769,0.001432655,0.12594,0.001407373,0.020013,0.001471258,0.10569,0.001419049,0.059618,0.00144672,0.13258,0.001403602,-0.43768,0.001836736,-9999,-9999,0.09896,0.001423025,0.16744,0.001384341,-9999,-9999,0.16744,0.001384341
apogee.apo25m.stars.000+75.2M13453115+1942175,apo25m.000+75.2M13453115+1942175,none,apStar-dr17-2M13453115+1942175.fits,2M13453115+1942175,apo25m,4481,000+75,206.379797,19.704865,4.87578036654867,75.5575497506907,-2147483584,-2147483136,0,0,0,0,-9999.99,9999.99,-9999.99,9999.99,apogee,5,17,695.9991,0,0,0.2284334,0.1001724,0.03249354,6227.313,4.521089,-0.2750935,0,0,23.52629,18.21554,0,1,1248410584786040064,3.17474,0.0170995,-27.04612,0.0173442,-10.7138,0.0118587,10.9445,11.232,10.4936,1.1877,0.767804,311.887,310.2532,313.644,311.8942,310.341,313.4805,14931002578162,2M13453115+1942175,apo25m.000+75.2M13453115+1942175,apogee.apo25m.stars.000+75.2M13453115+1942175,apogee.apo25m.synspec.000+75.2M13453115+1942175,5935.896,30.11532,0,6046,4.099826,0.02013111,0,4.1376,1.141561,0,6.437689,0.037088,0.004660774,0,-0.0134697,0.007164423,0,1.678302,Fd_b,0,0,0,0,6046,4.1376,0.057499,0.037088,-0.0092275,0.27494,-0.017115,-0.0092275,0,0.27494,32,-0.038859,0.03582339,0,-0.004647203,0.02959578,0,0.09290498,0.03557138,32,0.1064259,0.06987843,0,-0.0207394,0.1254689,0,-0.0287775,0.0112682,0,0.139681,0.01302067,0,0.07943809,0.01180766,0,-9999,0.09897067,2,-0.0348658,0.03998411,0,-0.0623721,0.0358502,0,-0.026947,0.01071605,0,-0.387648,0.06784235,0,-9999,-9999,64,0.03351555,0.1160338,0,-0.3126367,0.05372535,0,0.05366851,0.01071582,0,0.036345,0.005017978,0,-9999,-9999,64,0.035129,0.009785824,0,-9999,0.0585341,2,-9999,-9999,2,-0.039602,0.008000875,-0.0053902,0.007720168,0.092162,0.03526472,0.10099,0.002593415,-0.062858,0.001595306,-0.096809,0.00291,0.1636,0.00144513,0.0055521,0.002745651,-0.1339,0.001651575,-0.0085413,0.002768556,-0.12085,0.001640975,0.041594,0.002687266,-0.34146,0.003372091,-0.33983,0.003368976,0.10473,0.001481013,-0.11375,0.001635237,-0.062669,0.00159518,0.036345,0.001525352,-0.049092,0.001584961,0.069124,0.001503762,-0.44392,0.001928886,-9999,-9999,-0.028358,0.001569745,0.11588,0.001474042,-9999,-9999,0.11588,0.001474042
apogee.apo25m.stars.000+75.2M13471964+1837482,apo25m.000+75.2M13471964+1837482,none,apStar-dr17-2M13471964+1837482.fits,2M13471964+1837482,apo25m,4481,000+75,206.831854,18.630056,2.39080721206076,74.5940003622816,-2147481568,0,0,0,0,0,7,12.2,0.5,9999.99,apogee,0,3,490.1002,0,0,-56.88209,0.05945615,0.02283071,5157.824,3.666889,-0.2726215,0,0,21.16413,17.53986,0,1,1248088775772214400,1.80181,0.0145055,-24.33083,0.0143657,12.02973,0.0113225,11.3009,11.7799,10.6588,-57.6011,0.707787,543.8206,539.745,548.7358,543.7178,539.9811,547.2675,14931386551106,2M13471964+1837482,apo25m.000+75.2M13471964+1837482,apogee.apo25m.stars.000+75.2M13471964+1837482,apogee.apo25m.synspec.000+75.2M13471964+1837482,4921.383,9.254071,0,4868,3.304962,0.02302679,33554432,3.3351,0.9844369,0,3.041445,-0.12737,0.006033481,0,0.06251,0.005795758,0,3.729151,GKd_b,0,0,0.008251265,0.00811818,4868,3.3351,-0.0068121,-0.12737,-0.013623,0.12614,0.035835,-0.013623,0,0.12614,0,-0.02057101,0.01376108,0,-0.09149201,0.02373244,0,0.12277,0.01696505,0,0.08412699,0.01987064,0,0.022442,0.06354812,0,0.1161,0.01104469,0,0.05983699,0.01836151,0,0.01998059,0.01328531,0,-9999,0.1354614,2,0.03058489,0.03335693,0,-0.02866101,0.03575649,0,0.03566299,0.01332701,0,0.03911416,0.02088039,0,0.067029,0.08241501,0,0.06083199,0.083937,0,0.01607399,0.03864961,0,-0.011288,0.01405976,0,-0.13034,0.00701465,0,0.00226,0.05802952,0,0.0472125,0.01127811,0,-9999,0.003546378,258,0.007954992,0.0766229,2,-0.023541,0.001918124,-0.094462,0.002426891,0.1198,0.002628479,0.024494,0.001552707,-0.1273,0.00128082,0.049607,0.001582466,0.070816,0.001237942,0.02241,0.001550065,-0.49983,0.001380688,0.0038329,0.001525549,-0.22876,0.001299577,0.050698,0.001583635,0.036571,0.001567546,0.10581,0.001632575,-0.11447,0.001278241,-0.11668,0.001278671,-0.25853,0.001306484,-0.13034,0.001281405,-0.17615,0.001289806,-0.12652,0.001280664,0.9465,0.001055936,-9999,-9999,-0.066725,0.001267675,-0.017983,0.001255906,-9999,-9999,-0.017983,0.001255906
apogee.apo25m.stars.000+75.2M13474743+1932585,apo25m.000+75.2M13474743+1932585,none,apStar-dr17-2M13474743+1932585.fits,2M13474743+1932585,apo25m,4481,000+75,206.94763,19.549587,5.51915589441052,75.0251136908104,-2147483584,-2147483136,0,0,0,0,-9999.99,9999.99,-9999.99,9999.99,apogee,5,17,369.9973,0,0,7.064675,0.3402235,0.06201924,6231.643,4.35393,-0.6089886,0,0,23.69696,18.02341,0,1,1248296098137939328,1.731299,0.0215316,-7.986529,0.0217493,4.740991,0.0158975,12.0487,12.3134,11.6301,7.14475,1.20836,565.3168,559.079,571.1186,564.68,556.6547,571.3216,14931189860888,2M13474743+1932585,apo25m.000+75.2M13474743+1932585,apogee.apo25m.stars.000+75.2M13474743+1932585,apogee.apo25m.synspec.000+75.2M13474743+1932585,6106.522,39.17261,0,6223.3,4.061131,0.02497004,0,4.0547,1.168434,0,7.459848,-0.18644,0.005550625,0,0.0110823,0.009322695,0,1.667823,Fd_a,0,0,0.0003992547,0.0003992547,6223.3,4.0547,0.067604,-0.18644,0.017495,0.22278,0.007437,0.017495,0,0.22278,32,0.006164089,0.05362592,0,0.027842,0.03645423,0,0.01124099,0.1360434,32,0.1919429,0.1103555,0,-0.0650264,0.1956934,0,-0.0257325,0.01266383,0,0.08686601,0.01384703,0,0.09742399,0.01327958,0,-9999,0.1337937,2,0.0182845,0.0465502,0,-0.004317105,0.04471871,0,-0.014991,0.01340299,0,-0.274091,0.09396771,0,-9999,-9999,65,-0.06664945,0.1633874,0,-0.0259297,0.07708501,0,-0.1040275,0.01438637,0,-0.18321,0.006010918,0,-9999,-9999,64,-0.01653999,0.01222596,0,-9999,0.09814294,2,-9999,-9999,2,0.0093941,0.009429263,0.031072,0.009251324,0.014471,0.1359301,0.19048,0.003142165,-0.3267,0.002165756,-0.089791,0.003711065,-0.10877,0.001911151,0.027511,0.003462658,-0.26635,0.002091172,0.048582,0.003418772,-0.28235,0.002110427,0.057523,0.003400294,-0.22393,0.004022188,-0.73874,0.005443712,-0.21499,0.0020316,-0.046598,0.001845941,-0.43992,0.002314887,-0.18321,0.001995044,-0.011998,0.001811795,-0.2021,0.002016804,-0.34205,0.002185498,-9999,-9999,-0.1136,0.001916403,-0.14361,0.001949744,-9999,-9999,-0.14361,0.001949744
apogee.apo25m.stars.K2_C11_003+05_btx.2M17304958-2350297,apo25m.K2_C11_003+05_btx.2M17304958-2350297,none,apStar-dr17-2M17304958-2350297.fits,2M17304958-2350297,apo25m,5853,K2_C11_003+05_btx,262.706617,-23.841589,2.54890972489345,5.51735225076402,0,0,-2147483584,-2147483136,0,0,-9999.99,9999.99,-9999.99,9999.99,apogee2-manga,21,1,437.4761,0,0,-27.5659,0,0.1006754,6173.083,3.964518,-1.29943,0,0,640.8186,662.53,0,1,4110619195139312000,10.85134,0.0270372,-28.43133,0.032303,-10.55162,0.0215821,7.31953,7.47933,7.02348,-9999,-9999,91.81371,91.60672,92.02163,91.81296,91.58535,92.10268,11706190835227,2M17304958-2350297,apo25m.002+06.2M17304958-2350297,apogee.apo25m.stars.002+06.2M17304958-2350297,apogee.apo25m.synspec.002+06.2M17304958-2350297,6461.374,50.56789,0,6633.9,3.925519,0.02539169,0,3.7302,2.252371,0,47.43512,-0.14623,0.007057337,32,0.0167063,0.01076825,0,1.924155,Fd_b,0,0.009049774,0.009315943,0,6633.9,3.7302,0.35264,-0.14623,0.13774,0.036477,0.013061,0.13774,0,0.036477,32,0.09089,0.07232571,0,0.23196,0.03890131,0,0.92978,0.1132996,32,0.03992189,0.1859177,0,-1.219286,0.235426,0,0.002666503,0.0133134,0,-0.015614,0.01297955,0,0.07815,0.01425453,0,-9999,-9999,259,0.1606825,0.04461667,0,0.6598229,0.05146592,0,-0.210164,0.01428923,0,0.865869,0.1248856,256,-9999,-9999,65,-0.6050894,0.2170485,0,-0.7221117,0.08973382,0,0.2433335,0.01313055,0,-0.17375,0.005425096,0,-9999,-9999,64,-0.01110999,0.01146655,0,-9999,0.09729511,2,-9999,-9999,2,0.06337,0.01195993,0.20444,0.01067286,0.90226,0.1130796,0.007709,0.006015563,-1.4715,0.007180251,-0.092142,0.006472403,-0.20179,0.003810118,-0.022513,0.006147683,0.99983,0.002136516,0.16023,0.005380892,0.39125,0.002700352,-0.1684,0.006832203,0.88528,0.003101161,-0.74928,0.009090324,-0.74397,0.004943582,-0.73332,0.004922601,-0.083099,0.003559494,-0.17375,0.0037502,-0.53354,0.004499,-0.18721,0.003778889,0.025816,0.003341108,-9999,-9999,-0.28758,0.003991491,0.22294,0.00297276,-9999,-9999,0.22294,0.00297276
apogee.apo25m.stars.002+53_MGA.2M14545501+0600464,apo25m.002+53_MGA.2M14545501+0600464,none,apStar-dr17-2M14545501+0600464.fits,2M14545501+0600464,apo25m,2673,002+53_MGA,223.729245,6.012901,2.81368182827903,53.8496254981118,0,0,-2147483584,-2147483136,0,0,-9999.99,9999.99,-9999.99,9999.99,manga-apogee2,5,2,235.5771,0,0,-17.47817,0.05786267,0.03683348,6253.128,4.43783,-0.4444775,0,0,23.60531,17.76132,0,1,1160051807448964480,2.583414,0.0189078,-22.60679,0.0179355,9.048232,0.017753,10.919,11.1881,10.4899,-17.106,1.04342,382.4742,379.9458,384.8701,382.3866,379.8908,385.406,15189792097052,2M14545501+0600464,apo25m.002+53_MGA.2M14545501+0600464,apogee.apo25m.stars.002+53_MGA.2M14545501+0600464,apogee.apo25m.synspec.002+53_MGA.2M14545501+0600464,6016.604,38.93885,0,6131.7,4.042669,0.02609058,0,4.0182,1.289971,0,7.868102,-0.046504,0.006055616,0,-0.0017928,0.009861192,0,3.298147,Fd_a,0,0.007718925,0.03646526,0.02941176,6131.7,4.0182,0.11058,-0.046504,0.00051558,0.10671,-0.0054381,0.00051558,0,0.10671,32,-0.006120898,0.05195159,0,0.03444,0.04045357,0,-0.268732,0.1469478,288,0.0898169,0.1113171,0,0.0624266,0.1833783,0,-0.009961497,0.01425639,0,0.127689,0.01790289,0,0.06699599,0.015865,0,-9999,0.1462137,2,-0.001516499,0.05327574,0,0.0371349,0.04775174,0,-0.021617,0.01521613,0,-0.318553,0.09476891,0,-9999,-9999,320,0.01944855,0.1808954,0,0.0343803,0.07939719,0,0.002904516,0.01497636,0,-0.045532,0.00658644,0,-9999,-9999,64,0.005484998,0.01395312,0,-9999,0.08053576,2,-9999,-9999,2,-0.0051489,0.009342216,0.035412,0.009015986,-0.26776,0.146823,0.086096,0.003231408,-0.061569,0.00191374,-0.076278,0.00354288,0.069731,0.001795383,-0.005175,0.003406318,0.097137,0.001771948,0.026523,0.003344996,-0.10322,0.001955658,0.048639,0.003302423,-0.27065,0.003965728,-0.65355,0.004915994,0.008786,0.001848351,0.15139,0.001726963,-0.19531,0.002052706,-0.045532,0.001898104,0.48054,0.001511952,-0.042397,0.001895046,-0.54264,0.002456481,-9999,-9999,-0.0155,0.00186984,-0.11632,0.001969162,-9999,-9999,-0.11632,0.001969162
apogee.apo25m.stars.002+53_MGA.2M14552459+0412320,apo25m.002+53_MGA.2M14552459+0412320,none,apStar-dr17-2M14552459+0412320.fits,2M14552459+0412320,apo25m,2673,002+53_MGA,223.852485,4.208899,0.642879339555449,52.5923442199705,0,0,-2147383280,0,0,0,7,11.5,0.3,9999.99,manga-apogee2,0,2,416.5462,0,0,-13.31291,0.01528839,0.02464453,5927.165,4.716295,-0.171714,0,0,22.80975,19.0525,0,1,1158044786411520384,8.267809,0.0178018,-40.65331,0.0204036,6.227578,0.0182106,10.4088,10.7568,9.89801,-14.2231,0.485315,120.4425,120.22,120.6939,120.5746,120.297,120.842,15190689126557,2M14552459+0412320,apo25m.002+53_MGA.2M14552459+0412320,apogee.apo25m.stars.002+53_MGA.2M14552459+0412320,apogee.apo25m.synspec.002+53_MGA.2M14552459+0412320,5662.196,25.0788,0,5727.3,4.489826,0.02028665,0,4.5051,1.326569,0,4.266679,-0.018068,0.005178944,0,-0.0271137,0.006535377,0,3.439141,GKd_c,0,0.008384349,0.0308757,0.02222518,5727.3,4.5051,0.12273,-0.018068,-0.081953,0.10453,-0.030759,-0.081953,0,0.10453,32,-0.100952,0.02939207,0,-0.094345,0.02887865,0,0.058654,0.02375495,0,0.0483939,0.04785837,0,-0.5975074,0.1127116,0,-0.0424305,0.01165039,0,-0.008538999,0.01381352,0,0.017287,0.01191504,0,-9999,0.08507273,2,-0.004508501,0.042248,0,-0.0249681,0.03266209,0,0.029237,0.01102254,0,-0.16904,0.05561795,0,-9999,-9999,64,-0.04438145,0.09513329,0,-0.1479791,0.04917171,0,-0.02504849,0.01189144,0,-0.012789,0.005556493,0,-9999,-9999,64,-0.011048,0.01054437,0,-9999,0.06205928,2,-9999,-9999,2,-0.095673,0.008274902,-0.089066,0.008191642,0.063933,0.01549516,0.04898,0.002350617,-0.68876,0.001795411,-0.10444,0.002523945,-0.033754,0.001262458,-0.050577,0.002466739,0.081921,0.001206358,0.027838,0.002376173,-0.13258,0.001322384,0.1038,0.00228611,-0.11683,0.002538346,-0.063888,0.002480746,-0.022301,0.001256185,0.0017736,0.001243945,-0.19052,0.001360184,-0.012789,0.001251199,-0.60818,0.001712484,-0.026187,0.001258292,0.51668,0.001075593,-9999,-9999,0.070879,0.001211404,0.02586,0.001232355,-9999,-9999,0.02586,0.001232355
apogee.apo25m.stars.002+53_MGA.2M14570305+0526591,apo25m.002+53_MGA.2M14570305+0526591,none,apStar-dr17-2M14570305+0526591.fits,2M14570305+0526591,apo25m,2673,002+53_MGA,224.262744,5.449775,2.64805084860764,53.0820523825025,0,0,-2147383264,0,0,0,7,11.5,0.3,9999.99,manga-apogee2,0,2,338.0906,0,0,-14.27284,0.01769887,0.03232876,6212.888,4.250955,-0.6805282,0,0,22.75325,17.22043,0,1,1159959684694689280,2.27184,0.0145727,-19.37342,0.0165869,-8.481955,0.0143197,10.8648,11.1431,10.4201,-15.176,1.54787,434.1618,431.1786,436.7807,434.2366,431.404,437.1114,15189909988230,2M14570305+0526591,apo25m.002+53_MGA.2M14570305+0526591,apogee.apo25m.stars.002+53_MGA.2M14570305+0526591,apogee.apo25m.synspec.002+53_MGA.2M14570305+0526591,5973.929,38.56991,0,6058.4,3.740132,0.02792787,0,3.7144,1.609978,0,6.866097,-0.33991,0.006574165,0,0.0576683,0.009866906,0,1.796346,Fd_b,0,0.005323397,0.03327123,0.02834709,6058.4,3.7144,0.20682,-0.33991,0.1068,0.37522,0.054023,0.1068,0,0.37522,32,0.12405,0.05577086,0,0.13745,0.03959676,0,0.050042,0.1210505,32,0.2026029,0.1022402,0,-0.5165364,0.2236757,0,0.06686261,0.01380755,0,0.133616,0.01495515,0,0.159631,0.01421224,0,-9999,0.1376611,2,0.01801351,0.05239697,0,-0.05997711,0.0463106,0,-0.007555008,0.01526816,0,0.117159,0.09419354,0,-9999,-9999,64,-0.1375294,0.1652169,0,-0.5296918,0.08582348,0,-0.00147748,0.01805393,0,-0.34099,0.007120118,0,-9999,-9999,64,0.01035002,0.01446905,0,-9999,0.1325101,2,-9999,-9999,2,0.12297,0.009559393,0.13637,0.009451402,0.048962,0.1208718,0.19683,0.003295451,-0.93599,0.002866479,-0.0015059,0.003706481,-0.2198,0.001919297,0.085408,0.003515395,-0.20339,0.001901683,0.044001,0.003604303,-0.49579,0.002257942,0.060649,0.003568053,0.16301,0.003360655,-0.32943,0.004479397,-0.44365,0.002190845,-0.70814,0.002551059,-0.49515,0.0022571,-0.34099,0.002059514,-0.25688,0.001959745,-0.33299,0.002049585,-0.73001,0.002581337,-9999,-9999,-0.75441,0.002615836,-0.30176,0.002011616,-9999,-9999,-0.30176,0.002011616
apogee.apo25m.stars.002+53_MGA.2M14572976+0510112,apo25m.002+53_MGA.2M14572976+0510112,none,apStar-dr17-2M14572976+0510112.fits,2M14572976+0510112,apo25m,2673,002+53_MGA,224.374,5.169794,2.40693172172526,52.8183177073471,0,0,-2147483584,-2147483136,0,0,-9999.99,9999.99,-9999.99,9999.99,manga-apogee2,5,2,474.4292,0,0,-9.842625,0.2526893,0.03673412,6513.392,4.237714,-0.6998342,0,0,23.62364,15.88025,0,1,1158263005109800064,3.608516,0.0732925,9.545153,0.0893202,2.563737,0.0793389,9.90443,10.0969,9.5674,-10.4131,0.891139,275.6809,269.723,281.8539,275.1526,269.3452,280.6399,15190341118088,2M14572976+0510112,apo25m.002+53_MGA.2M14572976+0510112,apogee.apo25m.stars.002+53_MGA.2M14572976+0510112,apogee.apo25m.synspec.002+53_MGA.2M14572976+0510112,6535.066,55.12254,0,6714.4,3.995533,0.02676344,0,3.9045,2.110037,0,8.96995,-0.19543,0.005736201,32,0.0478453,0.01161749,0,2.128433,Fd_b,0,0.007852009,0.01770029,0.009449028,6714.4,3.9045,0.32429,-0.19543,0.054863,0.14212,0.0442,0.054863,0,0.14212,32,0.06537099,0.08172076,0,0.085359,0.04083209,0,1.0608,0.05281007,288,0.2491629,0.2175398,0,0.1493436,0.2661479,0,-0.008540496,0.01290625,0,0.042456,0.01309057,0,0.112818,0.01396424,0,-9999,0.1830583,2,0.03085651,0.04582354,0,0.1550629,0.05495263,0,0.140146,0.0143534,0,0.6070691,0.1384729,0,-9999,-9999,320,-0.2105094,0.2417346,0,0.3044883,0.09915064,0,0.1078425,0.0139598,0,-0.19093,0.005608085,0,-9999,-9999,64,-0.15208,0.01201528,0,-9999,0.1098817,2,-9999,-9999,2,0.069871,0.008376634,0.089859,0.008246332,1.0653,0.05249762,0.24897,0.003833145,-0.12005,0.002438729,-0.071329,0.004643598,-0.1609,0.002502698,0.044175,0.004339701,-0.086269,0.0023873,0.062424,0.004292901,-0.13069,0.002455239,0.21393,0.003916759,0.6585,0.002919229,-0.51651,0.006183365,-0.36657,0.002830071,0.2761,0.001903287,-0.23577,0.002621374,-0.19093,0.002550314,0.22741,0.001959949,-0.34536,0.002795675,0.044311,0.002199523,-9999,-9999,-0.34528,0.00279555,-0.14663,0.002480222,-9999,-9999,-0.14663,0.002480222
apogee.apo25m.stars.002+53_MGA.2M14580669+0449074,apo25m.002+53_MGA.2M14580669+0449074,none,apStar-dr17-2M14580669+0449074.fits,2M14580669+0449074,apo25m,2673,002+53_MGA,224.527879,4.818748,2.12399728827033,52.4758785240131,0,0,-2147383264,0,0,0,7,11.5,0.3,9999.99,manga-apogee2,0,2,402.9334,0,0,-47.32792,0.0126727,0.024019,5894.077,4.373832,0.1043824,0,0,21.6556,17.94961,0,1,1158185764417917824,3.537092,0.0176268,-59.76154,0.0171997,-22.63476,0.0159699,10.7582,11.1481,10.2025,-47.0567,0.477704,280.5693,279.1991,281.6548,280.1638,278.9449,281.6827,15190357649680,2M14580669+0449074,apo25m.002+53_MGA.2M14580669+0449074,apogee.apo25m.stars.002+53_MGA.2M14580669+0449074,apogee.apo25m.synspec.002+53_MGA.2M14580669+0449074,5411.166,18.00281,0,5458.5,3.857046,0.01603761,0,3.9409,0.7330776,0,3.081626,0.21488,0.004379583,0,0.0278947,0.004789569,0,5.576478,GKd_b,0,0.005855736,0.02076125,0.01490551,5458.5,3.9409,-0.13485,0.21488,-0.054966,0.072762,0.0012197,-0.054966,0,0.072762,0,-0.08842999,0.01817999,0,-0.07687099,0.0228481,0,0.04950601,0.01823198,0,0.09377801,0.02668243,0,0.034402,0.06744574,0,0.04665601,0.01032156,0,0.04183099,0.01308812,0,0.01583061,0.01048311,0,-9999,0.05896826,2,-0.08052799,0.0362034,0,0.01012899,0.0250687,0,0.002795011,0.008713953,0,0.06185117,0.03718137,0,-0.321361,0.1749331,0,0.074462,0.06236429,0,0.08822399,0.03239145,0,0.02586199,0.008812122,0,0.21243,0.004665114,0,0.10613,0.1690034,0,0.08147252,0.008399365,0,-9999,-9999,259,-0.03643,0.07957531,2,-0.09088,0.004292668,-0.079321,0.004192136,0.047056,0.004716672,0.034665,0.002018589,0.22743,0.001262577,-0.019317,0.002070121,0.39558,0.001220696,0.01878,0.002034011,0.46378,0.001205156,-0.10676,0.002146788,0.1528,0.001283004,0.01835,0.002034404,0.059828,0.00199379,-0.28206,0.002363811,0.24193,0.001258729,0.29824,0.001243945,0.12139,0.001291975,0.21243,0.001266531,0.27049,0.00125112,0.25051,0.001256423,0.98785,0.001147693,-9999,-9999,0.23166,0.001261467,0.47675,0.001202248,-9999,-9999,0.47675,0.001202248
apogee.apo25m.stars.002+53_MGA.2M14595907+0425046,apo25m.002+53_MGA.2M14595907+0425046,none,apStar-dr17-2M14595907+0425046.fits,2M14595907+0425046,apo25m,2673,002+53_MGA,224.996141,4.41796,2.1113293947262,51.8607229017218,0,0,-2147483584,-2147483136,0,0,-9999.99,9999.99,-9999.99,9999.99,manga-apogee2,5,2,547.5757,0,0,-1.445033,0.09968812,0.04558922,6088.814,4.473919,-0.9355018,0,0,31.31249,18.68151,0,1,1155146370681470720,7.245318,0.0376825,-11.06905,0.0394902,-44.72025,0.0328084,9.4031,9.63308,9.0108,-0.627089,0.391646,137.2429,136.6525,137.9782,137.5216,136.9944,138.1753,15191235375024,2M14595907+0425046,apo25m.002+53_MGA.2M14595907+0425046,apogee.apo25m.stars.002+53_MGA.2M14595907+0425046,apogee.apo25m.synspec.002+53_MGA.2M14595907+0425046,6212.07,45.19444,0,6335.8,4.102064,0.02771142,0,4.154,0.9009299,0,14.90047,-0.29065,0.005990891,0,0.0144093,0.01067741,0,1.601179,Fd_c,0,0.00758584,0.02289061,0.01490551,6335.8,4.154,-0.045309,-0.29065,0.1038,0.58746,0.010764,0.1038,0,0.58746,32,0.10847,0.06638255,0,0.13751,0.04042982,0,-0.37128,0.7901493,288,0.1465329,0.1422489,0,-0.1722864,0.2450916,0,0.003983468,0.01337301,0,-0.0006340146,0.01419857,0,0.111885,0.0140555,0,-9999,0.1568724,2,0.1152425,0.0498978,0,-0.1581471,0.0501793,0,-0.01065001,0.01492025,0,0.281149,0.1119387,0,-9999,-9999,64,0.2386425,0.1961705,0,0.1002323,0.09255906,0,-0.0177975,0.01646144,0,-0.29386,0.006507962,0,-9999,-9999,64,-0.05215999,0.01354107,0,-9999,0.1255937,2,-9999,-9999,2,0.10526,0.01001948,0.1343,0.009765245,-0.37449,0.7901266,0.13863,0.003707155,-0.54461,0.002867978,-0.066515,0.004217819,-0.30692,0.002509382,0.035532,0.003951962,0.17741,0.001910576,0.1391,0.003706076,-0.54683,0.002871341,0.055424,0.003902307,0.32487,0.003304996,0.47801,0.002995881,-0.020348,0.002126311,-0.031086,0.002139089,-0.46434,0.002747199,-0.29386,0.002490402,-1.2596,0.003760984,-0.34837,0.002571089,-0.59177,0.002939524,-9999,-9999,-0.1085,0.002236828,-0.2596,0.0024417,-9999,-9999,-0.2596,0.0024417
apogee.apo25m.stars.002+53_MGA.2M15005475+0420079,apo25m.002+53_MGA.2M15005475+0420079,none,apStar-dr17-2M15005475+0420079.fits,2M15005475+0420079,apo25m,2673,002+53_MGA,225.228145,4.335538,2.24890871858382,51.6303980781948,0,0,-2147483584,-2147483136,0,0,-9999.99,9999.99,-9999.99,9999.99,manga-apogee2,5,2,688.6444,0,0,-16.92236,0.02357099,0.02797669,6241.721,4.177588,-0.7557561,0,0,20.89682,16.88344,0,1,1155099843299990400,5.673831,0.0186818,31.97474,0.0243268,-35.596,0.0197909,8.85872,9.11329,8.43187,-17.1172,1.03422,175.2427,174.7151,175.7783,175.2798,174.7175,175.8686,15191122593814,2M15005475+0420079,apo25m.002+53_MGA.2M15005475+0420079,apogee.apo25m.stars.002+53_MGA.2M15005475+0420079,apogee.apo25m.synspec.002+53_MGA.2M15005475+0420079,6006.02,42.03241,0,6086.5,3.698757,0.0306968,0,3.631,1.5152,0,5.206789,-0.44522,0.007206587,0,0.0906243,0.01090536,0,1.521143,Fd_c,0,0.01264307,0.02488688,0.01211073,6086.5,3.631,0.18047,-0.44522,0.11575,0.26438,0.086979,0.11575,0,0.26438,32,0.1207,0.06441799,0,0.14176,0.0431748,0,0.03285202,0.1898814,32,0.09384692,0.1175828,0,-0.3812163,0.2667835,0,0.0862385,0.01463234,0,0.154886,0.01549881,0,0.191953,0.01501409,0,-9999,0.1532867,2,0.04525054,0.0564414,0,0.1712229,0.05024572,0,0.017488,0.0168887,0,-0.715421,0.1052168,256,-9999,-9999,64,0.07545054,0.1859003,0,0.1675183,0.09900913,0,-0.007257491,0.02084143,0,-0.4462,0.007820621,0,-9999,-9999,64,0.00199002,0.01611763,0,-9999,0.1672659,2,-9999,-9999,2,0.11972,0.00999915,0.14078,0.009821202,0.031872,0.1897446,0.088174,0.003808674,-0.90588,0.002916419,0.01797,0.003979322,-0.30374,0.002040931,0.11783,0.003741256,-1.3763,0.003525195,0.071338,0.003848116,-0.3698,0.002128004,0.085792,0.003814315,-0.66947,0.005954914,0.018852,0.003977059,-0.33588,0.002082499,-0.11614,0.001825212,-0.60614,0.002463006,-0.4462,0.002233204,-0.92313,0.002942363,-0.44656,0.002233697,-0.8277,0.002797231,-9999,-9999,-0.49836,0.002305558,-0.46213,0.002255083,-9999,-9999,-0.46213,0.002255083
apogee.apo25m.stars.002+53_MGA.2M15021003+0419493,apo25m.002+53_MGA.2M15021003+0419493,none,apStar-dr17-2M15021003+0419493.fits,2M15021003+0419493,apo25m,2673,002+53_MGA,225.54183,4.330375,2.56388764580863,51.3866138149152,0,0,-2147383280,0,0,0,7,11.5,0.3,9999.99,manga-apogee2,0,2,254.1517,0,0,-15.83478,0.03160552,0.02799995,6272.252,4.56461,-0.1824627,0,0,22.22939,17.76878,0,1,1156586524754584960,3.539585,0.0252848,-28.06125,0.0260727,-29.19038,0.0227584,11.0618,11.3437,10.6209,-16.4192,0.996542,279.5225,277.6552,281.1211,279.3225,276.9389,281.2021,15191165027691,2M15021003+0419493,apo25m.002+53_MGA.2M15021003+0419493,apogee.apo25m.stars.002+53_MGA.2M15021003+0419493,apogee.apo25m.synspec.002+53_MGA.2M15021003+0419493,6056.856,30.97993,0,6194.4,4.207821,0.01856145,0,4.2795,1.425509,0,5.702037,0.15256,0.004086399,0,-0.0320757,0.006937696,0,3.264375,Fd_c,0,0.007985095,0.03194038,0.0238222,6194.4,4.2795,0.15397,0.15256,-0.052315,0.41053,-0.035721,-0.052315,0,0.41053,32,-0.077738,0.0354792,0,-0.039168,0.02795829,0,0.30785,0.02773389,32,-0.0541061,0.07649831,0,-0.1662234,0.1151296,0,-0.0259285,0.01059762,0,0.057996,0.01225171,0,0.06509259,0.01129112,0,-9999,0.09835003,2,-0.0952915,0.03653826,0,-0.1676671,0.03526684,0,-0.0762265,0.009732893,0,-0.469841,0.0690043,0,-9999,-9999,320,-0.1399194,0.1172727,0,-0.3619477,0.0501497,0,0.05973051,0.009013781,0,0.15076,0.004400671,0,-9999,-9999,64,0.05885001,0.008609517,0,-9999,0.04691539,2,-9999,-9999,2,-0.079538,0.007694738,-0.040968,0.007409791,0.30605,0.02743119,-0.060599,0.002776959,-0.093927,0.001661505,-0.095017,0.00282627,0.19633,0.001456022,-0.0098504,0.002702221,-0.034863,0.00161397,-0.070024,0.002790358,-0.11173,0.001676574,-0.0087425,0.002700537,-0.42471,0.003385853,-0.50858,0.003562864,0.04571,0.001556278,-0.048646,0.001624685,0.057808,0.00154787,0.15076,0.001484621,-0.025574,0.001606923,0.20726,0.001449483,-0.38637,0.001922706,-9999,-9999,0.043071,0.00155814,0.4267,0.001334504,-9999,-9999,0.4267,0.001334504
apogee.apo25m.stars.002+53_MGA.2M15024737+0422101,apo25m.002+53_MGA.2M15024737+0422101,none,apStar-dr17-2M15024737+0422101.fits,2M15024737+0422101,apo25m,2673,002+53_MGA,225.697416,4.369486,2.77032898348234,51.2919286367297,0,0,-2147383280,0,0,0,7,11.5,0.3,9999.99,manga-apogee2,0,2,386.2512,0,0,8.566602,0.01544089,0.02318315,6211.245,4.522978,-0.08420853,0,0,21.09566,17.65474,0,1,1156587589907437312,4.111193,0.0184866,-8.712208,0.0176849,-25.73799,0.01611,10.2292,10.5593,9.73605,8.65511,0.473102,241.2094,240.1339,242.3614,241.2304,240.2374,242.3515,15191153763833,2M15024737+0422101,apo25m.002+53_MGA.2M15024737+0422101,apogee.apo25m.stars.002+53_MGA.2M15024737+0422101,apogee.apo25m.synspec.002+53_MGA.2M15024737+0422101,5732.167,24.73122,0,5817.5,3.997199,0.01850673,0,4.0116,0.9708765,0,3.873379,0.10128,0.004570078,0,-0.0174867,0.006151198,0,3.452948,Fd_c,0,0.0070535,0.02861325,0.02142667,5817.5,4.0116,-0.012836,0.10128,-0.01732,0.10937,-0.021132,-0.01732,0,0.10937,32,-0.05962601,0.02759301,0,-0.02601001,0.02685636,0,0.02679599,0.02043459,0,-0.0427411,0.0481797,0,0.07432459,0.09929913,0,-0.03749751,0.01091834,0,0.23268,0.01307091,0,0.0780767,0.0112988,0,-9999,0.08126055,2,-0.01874011,0.03860599,0,-0.1568931,0.03129679,0,0.02677099,0.009920047,0,-0.05409541,0.05388884,0,-9999,-9999,64,-0.2782555,0.09155274,0,-0.0309877,0.04439677,0,0.01450751,0.00999937,0,0.098906,0.004900292,0,-9999,-9999,64,0.026994,0.009268902,0,-9999,0.04878211,2,-9999,-9999,2,-0.062,0.007405674,-0.028384,0.007064701,0.024422,0.01439236,-0.049808,0.002552097,0.094767,0.001405347,-0.10716,0.002633135,0.31916,0.00131103,0.0025597,0.002476449,-0.239,0.001597811,0.0059534,0.002471477,-0.15281,0.001543146,0.093681,0.002345911,-0.0095384,0.002494033,-0.17759,0.00274259,-0.14448,0.001537856,0.23046,0.001345585,-0.039269,0.001474042,0.098906,0.001403353,-0.13745,0.001533395,0.12355,0.001391761,-0.41548,0.001723891,-9999,-9999,0.022573,0.00144118,0.21843,0.001350444,-9999,-9999,0.21843,0.001350444
apogee.apo25m.stars.049+62.2M14524668+3112198,apo25m.049+62.2M14524668+3112198,none,apStar-dr17-2M14524668+3112198.fits,2M14524668+3112198,apo25m,4220,049+62,223.194532,31.205502,49.0089205692256,63.2843738109639,-2147483584,-2147483136,0,0,0,0,-9999.99,9999.99,-9999.99,9999.99,apogee,5,3,887.9688,0,0,-18.6211,0.09168025,0.04858935,6353.422,4.122852,-0.9845977,0,0,34.9465,16.42019,0,1,1283143920884229376,6.344378,0.0198282,-21.50649,0.0103968,-18.06562,0.0191175,8.66793,8.85386,8.33355,-9999,-9999,157.0696,156.6733,157.5024,157.1214,156.6784,157.6534,15383292781815,2M14524668+3112198,apo25m.049+62.2M14524668+3112198,apogee.apo25m.stars.049+62.2M14524668+3112198,apogee.apo25m.synspec.049+62.2M14524668+3112198,6463.188,58.15838,0,6616.1,3.952679,0.03117041,0,3.8369,1.762828,0,16.13987,-0.38608,0.006596363,32,0.0398573,0.01305416,0,1.33869,Fd_b,0,0,0,0,6616.1,3.8369,0.24621,-0.38608,0.11276,0.091633,0.036212,0.11276,0,0.091633,32,0.09796998,0.09367508,0,0.13032,0.0462115,0,-0.45032,1.826758,288,0.2018929,0.2286348,0,-9999,-9999,1,-0.009047508,0.01418579,0,-0.04509401,0.0142195,0,0.111475,0.01510295,0,-9999,0.2026649,2,-0.1427625,0.05276391,0,-0.09172714,0.05993956,0,-0.02170199,0.01687459,0,0.05257899,0.1507405,0,-9999,-9999,64,-0.3213894,0.2663688,0,0.1634843,0.1193742,0,-0.4030075,0.01833923,0,-0.37025,0.006805371,0,-9999,-9999,64,-0.04398,0.01472635,0,-9999,0.1628241,2,-9999,-9999,2,0.1138,0.01047807,0.14615,0.01019559,-0.43449,1.826746,0.21303,0.004584212,-2.496,0.0100777,-0.060506,0.005415164,-0.42777,0.003315418,0.054162,0.00505094,-1.3472,0.004759412,-0.099865,0.005545088,-0.5568,0.003561039,0.063412,0.005022947,0.11534,0.004868367,-0.022237,0.005290463,-0.65677,0.003742726,-0.044224,0.002607336,-0.92594,0.004219834,-0.37025,0.003203436,0.05188,0.00245202,-0.41658,0.003293478,-0.83129,0.004051913,-9999,-9999,-0.32408,0.00311514,-0.19661,0.002877951,-9999,-9999,-0.19661,0.002877951
apogee.apo25m.stars.050+63_MGA.2M14524773+3027441,apo25m.050+63_MGA.2M14524773+3027441,none,apStar-dr17-2M14524773+3027441.fits,2M14524773+3027441,apo25m,2354,050+63_MGA,223.198884,30.462271,47.3556290465255,63.2842169201824,0,0,-2147483584,-2147483136,0,0,-9999.99,9999.99,-9999.99,9999.99,manga-apogee2,5,2,312.9706,0,0,-6.150572,0.05201945,0.02888669,6237.451,4.55013,-0.406484,0,0,22.88071,18.07215,0,1,1282331244357231232,4.601262,0.0204293,-32.57533,0.0208335,5.325819,0.0213054,10.6332,10.8938,10.2128,-6.50121,0.385196,216.4114,215.4746,217.3688,216.0623,215.2116,216.9286,15382818687623,2M14524773+3027441,apo25m.049+62.2M14524773+3027441,apogee.apo25m.stars.049+62.2M14524773+3027441,apogee.apo25m.synspec.049+62.2M14524773+3027441,6158.29,36.096,0,6300.3,4.357923,0.02098918,0,4.3873,0.8008829,0,6.531004,0.025693,0.004508337,0,-0.0127137,0.008074452,0,3.156531,Fd_c,0,0,0.01197764,0.01197764,6300.3,4.3873,-0.096431,0.025693,-0.077714,0.10916,-0.016359,-0.077714,0,0.10916,32,-0.085316,0.0448157,0,-0.07978401,0.03150633,0,-0.263811,0.1941838,288,0.0333189,0.09987863,0,-0.2750904,0.1486346,0,-0.0397285,0.01131076,0,-0.0210348,0.01267905,0,0.08140901,0.01205981,0,-9999,0.1170877,2,-0.0391788,0.03982073,0,0.005009901,0.04006676,0,-0.065787,0.011059,0,-0.340342,0.08336339,0,-9999,-9999,64,0.1791466,0.1430027,0,-0.05530569,0.06171338,0,0.01199852,0.01064915,0,0.034744,0.004871477,0,-9999,-9999,64,-0.0254675,0.009766291,0,-9999,0.06297115,2,-9999,-9999,2,-0.076265,0.008926758,-0.070733,0.008882961,-0.25476,0.1941314,0.037677,0.002931706,-0.31881,0.002039608,-0.097966,0.00315046,0.0012832,0.001723195,0.017317,0.00296503,-0.052538,0.00177065,-0.0030603,0.002998333,-0.055069,0.001772992,0.012548,0.00297276,-0.28436,0.003512834,-0.37285,0.003690799,0.24876,0.001533851,0.14198,0.001609907,-0.10594,0.001821565,0.034744,0.001695671,-0.019598,0.001740948,0.0069265,0.001718546,-0.54856,0.002296628,-9999,-9999,0.11696,0.001629448,0.19373,0.001571401,-9999,-9999,0.19373,0.001571401
apogee.apo25m.stars.049+62.2M14561946+3033353,apo25m.049+62.2M14561946+3033353,none,apStar-dr17-2M14561946+3033353.fits,2M14561946+3033353,apo25m,4220,049+62,224.081096,30.559828,47.5868256360237,62.5251998535175,-2147483584,-2147483136,0,0,0,0,-9999.99,9999.99,-9999.99,9999.99,apogee,5,3,274.0256,0,0,-8.983914,0.06225131,0.04209687,6472.234,4.357299,-0.6067767,0,0,22.55315,17.16706,0,1,1282303584763043584,2.339418,0.0233769,13.63361,0.0153066,-0.6163658,0.0235088,11.1333,11.338,10.7614,-9.37195,0.642298,420.0156,416.7266,423.9023,420.1411,416.6312,424.3288,15384446832384,2M14561946+3033353,apo25m.049+62.2M14561946+3033353,apogee.apo25m.stars.049+62.2M14561946+3033353,apogee.apo25m.synspec.049+62.2M14561946+3033353,6417.54,48.85474,0,6583.6,4.142621,0.02522984,0,4.066,1.548781,0,7.900235,-0.14613,0.005320808,32,0.0463663,0.01053547,0,2.620414,Fd_c,0,0.0007985095,0.01690178,0.01597019,6583.6,4.066,0.18999,-0.14613,0.0066095,0.031574,0.042721,0.0066095,0,0.031574,32,-0.004921064,0.06919021,0,0.01433201,0.03820314,0,0.88829,0.0645276,32,0.1109129,0.1735108,0,-0.8839564,0.2284103,0,-0.01487249,0.01246749,0,0.140631,0.01305843,0,0.127491,0.01342055,0,-9999,0.1617758,2,-0.001477495,0.04447473,0,0.2629719,0.05041854,0,0.04038601,0.0134369,0,0.03302501,0.1200218,0,-9999,-9999,64,-0.1660195,0.2086688,0,-0.5600216,0.08753788,0,-0.1338375,0.0131861,0,-0.14178,0.005467967,0,-9999,-9999,64,-0.1386,0.01149678,0,-9999,0.09634648,2,-9999,-9999,2,-0.00057107,0.008966605,0.018682,0.008822755,0.89264,0.06430785,0.11057,0.003749533,-1.1042,0.003549789,-0.077811,0.004156681,-0.013575,0.002132487,0.058698,0.003859145,-0.22965,0.002421673,0.02994,0.003921097,0.026369,0.002083795,0.11402,0.003742593,0.084306,0.003804471,-0.041022,0.004076518,-0.27293,0.002481673,-0.53926,0.002861276,-0.4283,0.00270531,-0.14178,0.002299739,0.2545,0.001827211,-0.28273,0.002495376,-0.13773,0.002294166,-9999,-9999,-0.6507,0.00301264,-0.082344,0.002219437,-9999,-9999,-0.082344,0.002219437
apogee.apo25m.stars.000+60.2M14341008+0738302,apo25m.000+60.2M14341008+0738302,none,apStar-dr17-2M14341008+0738302.fits,2M14341008+0738302,apo25m,4436,000+60,218.542023,7.641731,359.003961157353,58.8236790911742,-2147483584,-2147483136,0,0,0,0,-9999.99,9999.99,-9999.99,9999.99,apogee,5,3,277.0141,0,0,-2.929992,0.1423862,0.04510299,6172.625,4.589653,-0.5096275,0,0,28.04971,18.82632,0,1,1172340396077728256,2.433989,0.0386282,4.763202,0.0439902,-6.90325,0.0362816,11.0843,11.329,10.6872,0.607328,3.23823,401.1155,394.4457,408.2536,404.1473,398.6907,411.5209,14919412585440,2M14341008+0738302,apo25m.000+60.2M14341008+0738302,apogee.apo25m.stars.000+60.2M14341008+0738302,apogee.apo25m.synspec.000+60.2M14341008+0738302,6148.33,35.16465,0,6291.5,4.189564,0.02039863,0,4.2927,0.991724,0,12.4251,0.05744,0.004385467,0,-0.0317997,0.007833393,0,3.286548,Fd_c,0,0.0001330849,0.01330849,0.01304232,6291.5,4.2927,-0.0036092,0.05744,-0.043448,0.62465,-0.035445,-0.043448,0,0.62465,32,-0.083822,0.04289631,0,-0.026295,0.03069351,0,0.43701,0.03523254,32,0.1221729,0.09571078,0,0.2983736,0.1409161,0,-0.0686615,0.01112615,0,0.06925601,0.0125438,0,0.060734,0.01187595,0,-9999,0.1133302,2,-0.0618575,0.03893937,0,-0.2940771,0.03908847,0,-0.023443,0.01072684,0,0.117759,0.08060668,0,-9999,-9999,64,0.1318906,0.1379717,0,-0.3209717,0.05910143,0,0.03416352,0.01019834,0,0.05723,0.004735844,0,-9999,-9999,64,0.03097,0.009453887,0,-9999,0.05869742,2,-9999,-9999,2,-0.084032,0.008628905,-0.026505,0.00815046,0.4368,0.03495855,0.11727,0.002927508,0.27714,0.001644445,-0.13616,0.003388215,0.11406,0.00177144,-0.012619,0.003159905,0.07275,0.001807042,-0.035,0.003200937,-0.33167,0.002214904,0.045631,0.003053359,0.16448,0.002848298,-0.20314,0.003528031,0.22399,0.001683211,-0.1012,0.001969721,-0.061289,0.001929508,0.05723,0.001820659,0.098602,0.001784657,0.08585,0.001795661,0.11605,0.001769746,-9999,-9999,0.2296,0.001679077,0.10701,0.001777442,-9999,-9999,0.10701,0.001777442
apogee.apo25m.stars.000+60.2M14343585+0743077,apo25m.000+60.2M14343585+0743077,none,apStar-dr17-2M14343585+0743077.fits,2M14343585+0743077,apo25m,4436,000+60,218.649406,7.718812,359.251821250438,58.7955784232638,-2147481584,0,0,0,0,0,7,12.2,0.5,9999.99,apogee,0,3,291.4601,0,0,-28.74236,0.09572071,0.02458839,5083.492,3.725384,0.04243528,0,0,20.78253,17.50895,0,1,1172342423302292352,2.243516,0.0168369,-4.899415,0.0191566,-1.868715,0.0175573,11.7763,12.2688,11.1283,-29.1702,0.618909,438.1753,434.7813,440.8569,436.6025,433.385,440.0377,14918935689545,2M14343585+0743077,apo25m.000+60.2M14343585+0743077,apogee.apo25m.stars.000+60.2M14343585+0743077,apogee.apo25m.synspec.000+60.2M14343585+0743077,4920.25,8.597616,0,4891.5,3.585239,0.02009848,33554432,3.6657,0.7832132,0,3.037806,0.1718,0.005339022,0,0.028837,0.004691062,0,7.372419,GKd_c,0,0.0003992547,0.01051371,0.01011445,4891.5,3.6657,-0.10612,0.1718,0.029489,0.1457,0.002162,0.029489,0,0.1457,0,0.02715501,0.01085351,0,-0.02974999,0.01976992,0,0.14771,0.01390474,0,0.035758,0.0166991,0,0.08724202,0.04780308,0,0.06140901,0.009372254,0,0.04642101,0.01729376,0,0.006379604,0.01166316,0,-9999,0.1158124,2,-0.004171997,0.02605957,0,-0.002127007,0.03087312,0,0.006802008,0.01091116,0,0.06469019,0.01810908,0,-0.205251,0.07344247,0,0.138412,0.06971288,0,0.111584,0.02938596,0,0.004461005,0.01146962,0,0.16565,0.006432019,0,0.11136,0.04773994,0,0.0607125,0.009330331,0,-9999,-9999,259,-0.63117,0.07423805,2,0.021005,0.001160905,-0.0359,0.001392444,0.14156,0.001879016,-0.027055,0.001042017,0.23349,0.001158231,-0.008264,0.001069626,0.35339,0.001142235,0.005629,0.001090275,0.41102,0.001140526,-0.034104,0.00103194,0.093764,0.001166405,0.018657,0.001109414,0.058967,0.001164002,-0.16965,0.0009347834,0.2591,0.00115382,0.27482,0.001151086,0.053209,0.001169872,0.16565,0.001165247,0.22894,0.001158965,0.18297,0.001164603,0.99978,0.001066302,-9999,-9999,-0.40986,0.001323216,0.38299,0.001141184,-9999,-9999,0.38299,0.001141184
apogee.apo25m.stars.000+60.2M14344629+0846092,apo25m.000+60.2M14344629+0846092,none,apStar-dr17-2M14344629+0846092.fits,2M14344629+0846092,apo25m,5663,000+60,218.692915,8.769226,0.852718924869933,59.4515958529673,0,0,-2147268576,0,0,0,7,12.2,0.3,9999.99,apogee2-manga,0,6,286.8747,0,0,18.20206,0.06804399,0.04718493,6163.319,4.395929,-0.6549463,0,0,21.71291,17.62362,0,1,1173039101357330944,1.991675,0.0142072,8.172312,0.0181377,-3.930235,0.0141268,12.2234,12.4903,11.7965,17.2598,1.1867,495.7591,491.5692,500.2679,495.2314,491.3518,498.7197,14918892820924,2M14344629+0846092,apo25m.000+60.2M14344629+0846092,apogee.apo25m.stars.000+60.2M14344629+0846092,apogee.apo25m.synspec.000+60.2M14344629+0846092,6097.733,40.56636,0,6207.2,4.192766,0.02653164,0,4.1952,1.238146,0,5.051845,-0.25897,0.005949238,0,0.0353883,0.009835776,0,2.089008,Fd_c,0,0,0.01490551,0.01490551,6207.2,4.1952,0.092772,-0.25897,0.041154,0.13772,0.031743,0.041154,0,0.13772,32,0.03723,0.057507,0,0.05193099,0.03840283,0,-0.41582,0.6549392,288,0.1459929,0.1157874,0,-0.7250165,0.2163104,0,0.0494965,0.01317251,0,0.08192599,0.0142529,0,0.121612,0.01374682,0,-9999,0.1409311,2,0.02133949,0.04907941,0,-0.04365709,0.04662403,0,0.0008699894,0.01432605,0,-0.193291,0.09867218,0,-9999,-9999,64,-0.07132944,0.1723752,0,-0.2434517,0.08359341,0,0.0474425,0.01593059,0,-0.25572,0.006448328,0,-9999,-9999,64,0.04753,0.01319458,0,-9999,0.114445,2,-9999,-9999,2,0.04048,0.009566295,0.055181,0.009448227,-0.41257,0.6549122,0.14455,0.003264047,-1.0592,0.003018725,-0.014542,0.003568613,-0.18622,0.001861236,0.051719,0.003435695,-0.20601,0.001883587,0.051657,0.003435841,-0.3942,0.002117333,0.073404,0.003393523,-0.14311,0.003824134,0.1399,0.003272155,-0.29218,0.001984288,-0.33663,0.002040784,-0.36096,0.0020728,-0.25572,0.001940412,-0.052722,0.001718604,-0.21054,0.001888703,-0.71775,0.002570603,-9999,-9999,-0.18534,0.001860242,-0.10897,0.001776626,-9999,-9999,-0.10897,0.001776626
apogee.apo25m.stars.000+75.2M13391061+1912304,apo25m.000+75.2M13391061+1912304,none,apStar-dr17-2M13391061+1912304.fits,2M13391061+1912304,apo25m,4481,000+75,204.79423,19.208458,359.590326212646,76.481553009461,-2147483584,-2147483136,0,0,0,0,-9999.99,9999.99,-9999.99,9999.99,apogee,5,17,650.3666,0,0,-25.72996,0.1018522,0.04191956,6234.216,4.362378,-0.6128658,0,0,23.29777,18.02853,0,1,1248779578312117632,2.608073,0.0248912,17.92498,0.0247605,18.55821,0.0145736,11.0263,11.2871,10.6079,-25.2296,1.46743,378.0964,374.5523,381.3828,377.3995,374.1506,381.0775,15051868515647,2M13391061+1912304,apo25m.000+75.2M13391061+1912304,apogee.apo25m.stars.000+75.2M13391061+1912304,apogee.apo25m.synspec.000+75.2M13391061+1912304,6029.068,38.19582,0,6129.3,3.974231,0.02602646,0,3.9308,1.533981,0,7.242525,-0.24803,0.005969186,0,0.0313153,0.009423229,0,1.210473,Fd_b,0,0,0,0,6129.3,3.9308,0.18582,-0.24803,0.017484,0.060535,0.02767,0.017484,0,0.060535,32,0.01906799,0.05322993,0,0.03267999,0.03746221,0,-0.02676901,0.1225179,288,0.1564229,0.1030417,0,-0.008326381,0.2030666,0,0.01877749,0.01311142,0,0.130706,0.01432976,0,0.122428,0.01361923,0,-9999,0.1330079,2,0.0384765,0.04887931,0,0.04545291,0.04483967,0,-0.025657,0.01408928,0,-0.08337602,0.09205705,0,-9999,-9999,64,-0.1663595,0.1605916,0,-0.1968417,0.07938954,0,-0.04023749,0.01579707,0,-0.248,0.006462038,0,-9999,-9999,64,0.02584,0.01310086,0,-9999,0.1101247,2,-9999,-9999,2,0.019098,0.009740483,0.03271,0.009624188,-0.026739,0.1223724,0.15176,0.003181352,-0.33479,0.002028571,-0.048481,0.00358148,-0.12972,0.001798583,0.049315,0.003378905,-0.69598,0.00250697,0.065574,0.003346341,-0.29737,0.001983003,0.043657,0.003390575,-0.036415,0.003556262,-0.41837,0.004449719,-0.37949,0.002085162,-0.2823,0.001965248,-0.44092,0.002164394,-0.248,0.00192611,-0.18863,0.001861209,-0.22451,0.001900263,-0.29114,0.001975626,-9999,-9999,-0.28116,0.001963925,0.038495,0.001638933,-9999,-9999,0.038495,0.001638933
apogee.apo25m.stars.000+75.2M13404078+1912005,apo25m.000+75.2M13404078+1912005,none,apStar-dr17-2M13404078+1912005.fits,2M13404078+1912005,apo25m,4481,000+75,205.169951,19.200146,0.480998174561506,76.1956958649396,-2147483584,-2147483136,0,0,0,0,-9999.99,9999.99,-9999.99,9999.99,apogee,5,13,2314.083,0,0,8.518685,0.0791168,0.02863949,6180.771,4.462425,-0.5908945,0,0,23.4035,18.74241,0,1,1248049227713327872,16.17124,0.0268446,-92.07202,0.023417,-67.75244,0.0164522,7.52503,7.78842,7.09048,8.22316,0.212893,61.66652,61.57639,61.75471,61.69509,61.58495,61.79945,15051972451846,2M13404078+1912005,apo25m.000+75.2M13404078+1912005,apogee.apo25m.stars.000+75.2M13404078+1912005,apogee.apo25m.synspec.000+75.2M13404078+1912005,6001.708,36.61131,0,6100.9,4.103316,0.02513517,0,4.1077,0.9830149,0,6.374116,-0.21183,0.005802331,0,0.0092481,0.009031051,0,1.113574,Fd_a,0,0,0,0,6100.9,4.1077,-0.0074399,-0.21183,0.022938,0.14488,0.0056028,0.022938,0,0.14488,32,0.020632,0.04987529,0,0.04438199,0.0362215,0,-0.37636,0.3525389,288,-0.009488106,0.09573303,0,0.0286836,0.1889981,0,0.009088501,0.01286221,0,0.174517,0.01418713,0,0.06849541,0.01335903,0,-9999,0.1266947,2,-0.05403151,0.0476895,0,-0.1165971,0.04326844,0,0.01504399,0.01358835,0,-0.741941,0.08734794,256,-9999,-9999,320,-0.001959443,0.1519701,0,-0.0592217,0.07489245,0,-0.008967474,0.01506078,0,-0.21398,0.006275512,0,-9999,-9999,64,0.02555001,0.01263671,0,-9999,0.1012888,2,-9999,-9999,2,0.018482,0.009422526,0.042232,0.009225779,-0.37851,0.3524911,-0.016331,0.003327461,-0.26376,0.001901578,-0.06035,0.003413063,-0.051889,0.001691567,-0.0067976,0.003308927,-0.1012,0.001737297,-0.029114,0.003352462,-0.4254,0.002092319,0.082178,0.003138121,-0.69716,0.004981867,-0.51747,0.004483079,-0.18107,0.001816205,-0.11066,0.001746368,-0.37563,0.002031428,-0.21398,0.001849865,0.072254,0.001589465,-0.19078,0.001826116,-0.6465,0.002373605,-9999,-9999,-0.27198,0.001910497,-0.18397,0.001819176,-9999,-9999,-0.18397,0.001819176
apogee.apo25m.stars.000+75.2M13433083+1833274,apo25m.000+75.2M13433083+1833274,none,apStar-dr17-2M13433083+1833274.fits,2M13433083+1833274,apo25m,4481,000+75,205.878463,18.557615,0.0771475449506909,75.2724539662725,-2147483584,-2147483136,0,0,0,0,-9999.99,9999.99,-9999.99,9999.99,apogee,5,16,468.0461,0,0,-20.26718,0.1708617,0.0432388,6174.574,4.373443,-0.5249181,0,0,22.2486,18.03868,0,1,1247764793503700352,2.248805,0.013864,15.25611,0.0144965,-4.750808,0.00992454,11.9444,12.2031,11.5269,-9999,-9999,436.1507,433.2544,438.4709,435.8536,433.2268,439.3094,14930603017492,2M13433083+1833274,apo25m.000+75.2M13433083+1833274,apogee.apo25m.stars.000+75.2M13433083+1833274,apogee.apo25m.synspec.000+75.2M13433083+1833274,6056.527,36.78917,0,6169.3,4.191595,0.02394286,0,4.1866,1.156038,0,4.013378,-0.14567,0.005396576,0,0.0056502,0.008802601,0,1.578265,Fd_b,0,0,0.0001330849,0.0001330849,6169.3,4.1866,0.062972,-0.14567,-0.034488,0.026531,0.0020049,-0.034488,0,0.026531,32,-0.04200099,0.04892825,0,-0.01602399,0.034934,0,-0.2897,0.2225357,288,0.2415329,0.098576,0,-0.2889264,0.17813,0,0.004760504,0.01239917,0,0.110584,0.01372849,0,0.08265001,0.01298123,0,-9999,0.1249387,2,-0.04972249,0.04532444,0,0.02321289,0.04257424,0,-0.04288599,0.01284308,0,-0.495921,0.08707689,0,-9999,-9999,64,-0.02339944,0.1509252,0,-0.2566317,0.0714104,0,-0.03200749,0.01365947,0,-0.14552,0.005836178,0,-9999,-9999,64,0.00703001,0.01175331,0,-9999,0.08894648,2,-9999,-9999,2,-0.041851,0.009343019,-0.015874,0.00912228,-0.28955,0.2224702,0.23699,0.002745724,-0.51291,0.002146811,-0.062378,0.003253152,-0.047362,0.001642346,0.009657,0.003126723,-0.2759,0.001867887,-0.022505,0.003183551,-0.21713,0.001807042,0.026548,0.003096869,-0.44884,0.004072837,-0.16659,0.003444706,-0.13405,0.001723224,-0.23961,0.001829754,-0.33021,0.001928704,-0.14552,0.001734618,-0.045823,0.001641006,-0.14084,0.001729942,-0.67754,0.002353487,-9999,-9999,-0.31698,0.001913505,0.080928,0.001537693,-9999,-9999,0.080928,0.001537693
apogee.apo25m.stars.003+02.2M17422861-2546393,apo25m.003+02.2M17422861-2546393,none,apStar-dr17-2M17422861-2546393.fits,2M17422861-2546393,apo25m,5130,003+02,265.619228,-25.777592,2.32632477494393,2.24823842840527,0,0,-2147483584,-2147483136,0,0,-9999.99,9999.99,-9999.99,9999.99,apogee2,5,1,373.6245,0,0,-10.59809,0,0.02472452,6205.644,4.557549,-0.25768,0,0,22.44455,18.26401,0,1,4067882204581104384,8.603294,0.0251144,11.00714,0.0232933,24.49305,0.0148029,9.33267,9.60603,8.89242,-9999,-9999,115.7664,115.4985,116.1193,115.8165,115.4142,116.1212,11715212688288,2M17422861-2546393,apo25m.003+02.2M17422861-2546393,apogee.apo25m.stars.003+02.2M17422861-2546393,apogee.apo25m.synspec.003+02.2M17422861-2546393,5976.025,30.32183,0,6095.6,4.249131,0.01952219,0,4.2925,0.7739983,0,5.957307,0.079827,0.004443397,0,-0.0303157,0.007063355,0,3.455652,Fd_c,0,0.02129359,0.02595156,0.009848284,6095.6,4.2925,-0.11126,0.079827,-0.065825,0.14898,-0.033961,-0.065825,0,0.14898,32,-0.099997,0.03553685,0,-0.067987,0.02894533,0,0.021076,0.03928669,32,0.0538049,0.07173438,0,-0.9579894,0.1211512,0,-0.0692475,0.01101326,0,0.05740301,0.01273881,0,0.07549769,0.0116065,0,-9999,0.09841353,2,-0.0649855,0.03868213,0,-0.04477511,0.03555592,0,-0.053044,0.01033602,0,-0.256917,0.0679886,0,-9999,-9999,64,0.04161755,0.1160073,0,-0.2416034,0.05223657,0,0.04995351,0.01005594,0,0.082803,0.004784034,0,-9999,-9999,64,0.012182,0.009335494,0,-9999,0.05387679,2,-9999,-9999,2,-0.097021,0.008370245,-0.065011,0.008111596,0.024052,0.0390346,0.052088,0.002601384,-0.95365,0.002413752,-0.13356,0.002880451,0.12778,0.001466765,0.0053307,0.002672321,-0.22774,0.001727078,-0.034942,0.002733203,-0.056795,0.001589214,0.019216,0.002651189,-0.20701,0.003006426,-0.3237,0.003216831,0.15929,0.001448068,0.0037413,0.001546124,-0.019926,0.001562306,0.082803,0.001494523,0.0064461,0.001544344,0.092635,0.001488355,-0.46734,0.00194805,-9999,-9999,0.13762,0.001460856,0.34408,0.001352516,-9999,-9999,0.34408,0.001352516
apogee.apo25m.stars.010+51_MGA.2M15124900+0723586,apo25m.010+51_MGA.2M15124900+0723586,none,apStar-dr17-2M15124900+0723586.fits,2M15124900+0723586,apo25m,2730,010+51_MGA,228.20418,7.399637,9.03150938482595,51.1354815897717,0,0,-2147483584,-2147483136,0,0,-9999.99,9999.99,-9999.99,9999.99,manga-apogee2,21,2,818.1965,0,0,-19.93457,0.1005283,0.03997725,6303.11,4.392549,-0.6827234,0,0,28.7356,16.84523,0,1,1163440089969099264,4.607875,0.0181531,-26.89834,0.0167288,4.069238,0.018193,8.61523,8.85868,8.20748,-20.0839,0.336761,215.3098,214.388,216.3433,215.4808,214.7701,216.4239,15202118854752,2M15124900+0723586,apo25m.010+51_MGA.2M15124900+0723586,apogee.apo25m.stars.010+51_MGA.2M15124900+0723586,apogee.apo25m.synspec.010+51_MGA.2M15124900+0723586,6154.927,38.68801,0,6286.1,3.794417,0.0233365,0,3.7034,1.796842,0,14.89018,-0.099037,0.005067644,0,-0.0171187,0.008905552,0,1.748759,Fd_c,0,0.007718925,0.01384083,0.005722651,6286.1,3.7034,0.25451,-0.099037,0.029797,0.51314,-0.020764,0.029797,0,0.51314,32,0.03308401,0.05110848,0,0.06028,0.03455405,0,-0.14524,0.2314923,288,0.02254291,0.1104926,0,-0.4672994,0.1780058,0,-0.0961415,0.01207801,0,0.007442996,0.0133031,0,0.080965,0.01277897,0,-9999,0.1291141,2,0.03360151,0.04358381,0,-0.0140201,0.04328452,0,-0.091061,0.01241491,0,-0.367481,0.09161779,0,-9999,-9999,64,0.1246086,0.1584574,0,0.0310593,0.07141467,0,-0.02648048,0.01267526,0,-0.096357,0.005485228,0,-9999,-9999,64,-0.022553,0.0111264,0,-9999,0.08222926,2,-9999,-9999,2,0.035764,0.009340022,0.06296,0.009131703,-0.14256,0.2314368,0.02053,0.00372505,-0.64212,0.002863826,-0.16075,0.004192851,-0.10134,0.002136305,0.010502,0.003750067,0.17085,0.001844505,0.063349,0.003620773,-0.2052,0.002265811,-0.019097,0.003824918,-0.31787,0.004630227,-0.068387,0.003952341,0.063121,0.00195333,0.097244,0.001917655,-0.27552,0.002355165,-0.096357,0.002130282,0.21848,0.001800667,-0.12126,0.002160648,-0.061076,0.002088373,-9999,-9999,-0.36136,0.002470992,-0.06202,0.002089474,-9999,-9999,-0.06202,0.002089474
apogee.apo25m.stars.010+51_MGA.2M15140317+0700416,apo25m.010+51_MGA.2M15140317+0700416,none,apStar-dr17-2M15140317+0700416.fits,2M15140317+0700416,apo25m,2730,010+51_MGA,228.513242,7.011577,8.80597472591303,50.6618007350827,0,0,-2147383264,0,0,0,7,11.5,0.3,9999.99,manga-apogee2,0,2,368.7087,0,0,-24.9898,0.03791631,0.024954,6268.08,4.565493,-0.1569081,0,0,21.50317,17.67819,0,1,1163364601623866752,3.852669,0.105801,7.393535,0.110959,-23.26784,0.0951541,10.612,10.9161,10.1464,-24.3373,0.573664,258.4468,252.4101,265.5399,255.3448,249.8482,261.1516,15202153865846,2M15140317+0700416,apo25m.010+51_MGA.2M15140317+0700416,apogee.apo25m.stars.010+51_MGA.2M15140317+0700416,apogee.apo25m.synspec.010+51_MGA.2M15140317+0700416,5918.629,28.59038,0,6031.7,4.088712,0.01897189,0,4.1609,1.126191,0,4.967982,0.10364,0.00439533,0,-0.0088517,0.006735458,0,3.032983,Fd_c,0,0.008783604,0.03992547,0.03074261,6031.7,4.1609,0.051612,0.10364,-0.025512,0.42416,-0.012497,-0.025512,0,0.42416,0,-0.04242801,0.0328025,0,-0.014108,0.02804194,0,0.365554,0.02009474,0,-0.0221191,0.06427147,0,0.1598476,0.1124772,0,-0.0200335,0.01088269,0,0.18732,0.01272481,0,0.0775786,0.01143164,0,-9999,0.09266876,2,-0.003041506,0.03814348,0,0.0235089,0.03409731,0,0.007311992,0.01005738,0,-0.116607,0.06342853,0,-9999,-9999,64,-0.07956345,0.1079903,0,-0.1234977,0.04916884,0,0.08318051,0.009783378,0,0.095416,0.004726459,0,-9999,-9999,64,0.084764,0.009139048,0,-9999,0.0505553,2,-9999,-9999,2,-0.050652,0.007023461,-0.022332,0.006781961,0.35733,0.01497631,-0.035036,0.002705919,0.1768,0.001415733,-0.095546,0.0027985,0.27031,0.001369562,-0.0037884,0.002656934,-0.18616,0.001646815,0.015802,0.002626081,0.024102,0.001502698,0.068372,0.002544366,-0.0779,0.002771534,-0.3052,0.003170962,0.050722,0.00148701,0.13446,0.00143861,0.025914,0.001501632,0.095416,0.001460787,-0.017819,0.001527907,0.17783,0.001415168,-0.41878,0.001833057,-9999,-9999,-0.0005703,0.001517366,0.21574,0.001395815,-9999,-9999,0.21574,0.001395815
apogee.apo25m.stars.049+62.2M14570205+3116277,apo25m.049+62.2M14570205+3116277,none,apStar-dr17-2M14570205+3116277.fits,2M14570205+3116277,apo25m,4220,049+62,224.258572,31.27438,49.132113153589,62.3737530166061,-2147483584,-2147483136,0,0,0,0,-9999.99,9999.99,-9999.99,9999.99,apogee,5,3,230.21,0,0,-32.59133,0.03029479,0.0330927,6227.788,4.50589,-0.1664948,0,0,21.95509,18.16276,0,1,1288345091925372800,1.983798,0.0165542,-21.49539,0.0098393,2.55439,0.0147883,12.1154,12.4077,11.6651,-31.8391,0.905925,498.0422,493.4782,501.8542,497.7487,493.8925,501.5643,15383623695929,2M14570205+3116277,apo25m.049+62.2M14570205+3116277,apogee.apo25m.stars.049+62.2M14570205+3116277,apogee.apo25m.synspec.049+62.2M14570205+3116277,5988.316,29.69341,0,6114.1,4.193401,0.01869146,0,4.2593,1.17617,0,3.578574,0.13283,0.004218927,0,-0.0103707,0.00681199,0,3.042146,Fd_b,0,0,0.02422145,0.02408837,6114.1,4.2593,0.07047,0.13283,-0.075316,0.31432,-0.014016,-0.075316,0,0.31432,32,-0.12244,0.03395646,0,-0.078037,0.02790438,0,0.23516,0.03099015,32,0.07157889,0.06989552,0,0.1875136,0.1130547,0,-0.0179885,0.01071172,0,0.162596,0.01246252,0,0.07997189,0.01133521,0,-9999,0.09514413,2,-0.0954185,0.03720361,0,0.01521891,0.03458292,0,-0.0661843,0.009850014,0,-0.327801,0.06594554,0,-9999,-9999,64,-0.06600944,0.1121436,0,-0.3164467,0.04939505,0,0.03903852,0.009328468,0,0.13204,0.004539813,0,-9999,-9999,64,0.03806001,0.008826336,0,-9999,0.04821573,2,-9999,-9999,2,-0.12323,0.00845831,-0.078827,0.008102222,0.23437,0.03070163,0.066096,0.002609195,0.24109,0.001431398,-0.086067,0.002831272,0.28221,0.001409504,0.0060389,0.00269811,-0.13949,0.001690769,-0.069141,0.002807383,0.052436,0.00154732,0.0023097,0.002703664,-0.28166,0.003153966,-0.47733,0.003512976,0.1009,0.001515091,-0.021865,0.001598124,0.018396,0.001570318,0.13204,0.001495125,0.44213,0.001333904,0.16775,0.00147316,-0.44178,0.001961148,-9999,-9999,0.043975,0.001553029,0.40274,0.001350926,-9999,-9999,0.40274,0.001350926
apogee.apo25m.stars.050+63_MGA.2M14570819+3051296,apo25m.050+63_MGA.2M14570819+3051296,none,apStar-dr17-2M14570819+3051296.fits,2M14570819+3051296,apo25m,2354,050+63_MGA,224.284138,30.858232,48.2348335054581,62.3530824153044,0,0,-2147483584,-2147483136,0,0,-9999.99,9999.99,-9999.99,9999.99,manga-apogee2,5,2,296.636,0,0,-42.45696,0.08423848,0.02845292,6230.121,4.543049,-0.3740892,0,0,23.35246,18.30959,0,1,1288316092306165376,3.466472,0.014158,-32.07353,0.00766237,-3.559156,0.0122902,10.8419,11.1175,10.3991,-42.4714,0.268746,286.9087,285.7968,287.9973,286.4398,285.4343,287.6021,15383570547394,2M14570819+3051296,apo25m.049+62.2M14570819+3051296,apogee.apo25m.stars.049+62.2M14570819+3051296,apogee.apo25m.synspec.049+62.2M14570819+3051296,6028.151,32.96463,0,6149.3,4.089341,0.02095024,0,4.1344,1.539111,0,6.958731,0.0059283,0.00471161,0,-0.0007071001,0.007689438,0,2.429014,Fd_c,0,0.0001330849,0.01077988,0.008916689,6149.3,4.1344,0.18727,0.0059283,-0.036505,0.3565,-0.0043524,-0.036505,0,0.3565,32,-0.0329726,0.04043918,0,-0.0279936,0.03097815,0,0.2241294,0.06170494,32,0.0477853,0.08287531,0,-0.1949753,0.1399167,0,0.001823902,0.01144312,0,0.07670511,0.01300835,0,0.07271309,0.01205826,0,-9999,0.1083954,2,-0.0975161,0.04068576,0,0.069749,0.038175,0,-0.0149096,0.01112472,0,-0.4153016,0.07543284,0,-9999,-9999,64,-0.2577983,0.1294066,0,-0.0814486,0.05871696,0,0.02604362,0.0110892,0,0.0072589,0.005082244,0,-9999,-9999,64,0.0314561,0.0100512,0,-9999,0.06385554,2,-9999,-9999,2,-0.031642,0.008538091,-0.026663,0.008499941,0.22546,0.06152479,0.044423,0.003032491,-0.26618,0.001990452,-0.064134,0.00321854,0.071538,0.001681963,0.00090069,0.003107652,-0.20407,0.001928678,-0.069118,0.003226918,-0.017815,0.001753169,0.055705,0.003013154,-0.36704,0.003805391,-0.4514,0.003983968,-0.21567,0.001940103,0.088352,0.001668982,-0.11938,0.0018454,0.0072589,0.001732657,0.096744,0.001662528,0.036365,0.001709503,-0.48523,0.002233361,-9999,-9999,-0.24784,0.001971801,0.18891,0.001595274,-9999,-9999,0.18891,0.001595274
apogee.apo25m.stars.053+32_MGA.2M17202858+3118508,apo25m.053+32_MGA.2M17202858+3118508,none,apStar-dr17-2M17202858+3118508.fits,2M17202858+3118508,apo25m,2004,053+32_MGA,260.119113,31.314112,54.5322297983482,32.0666776871835,0,0,-2147483584,-2147483136,0,0,-9999.99,9999.99,-9999.99,9999.99,manga-apogee2,21,4,277.9142,0,0,-25.64621,0.1341846,0.04666398,6292.575,4.407007,-0.6614237,0,0,25.98904,17.52952,0,1,4599863386508784512,3.696798,0.0154697,-17.89732,0.0159351,3.03448,0.0162497,10.0811,10.3201,9.68868,-9999,-9999,268.683,267.6741,269.9121,268.8319,267.9156,269.998,14430926145163,2M17202858+3118508,apo25m.053+32_MGA.2M17202858+3118508,apogee.apo25m.stars.053+32_MGA.2M17202858+3118508,apogee.apo25m.synspec.053+32_MGA.2M17202858+3118508,6220.014,42.18794,0,6355.7,4.059682,0.02482682,0,4,1.646683,0,10.73495,-0.16057,0.005298381,0,0.0243023,0.009661628,0,2.077543,Fd_a,0,0.002661698,0.009981368,0.007186585,6355.7,4,0.21661,-0.16057,0.0084319,0.079375,0.020657,0.0084319,0,0.079375,32,-0.002700523,0.05812687,0,0.01619601,0.03675747,0,-0.45168,0.8163198,288,0.1471629,0.1289213,0,-9999,-9999,1,0.009336516,0.01246886,0,0.107475,0.01349631,0,0.09992701,0.01321364,0,-9999,0.1421148,2,0.004187509,0.04540104,0,0.0695429,0.04639148,0,-0.03840899,0.01323093,0,0.270759,0.1018425,0,-9999,-9999,64,-0.1243794,0.1769622,0,-0.1085817,0.07968468,0,-0.01674749,0.01372113,0,-0.15835,0.005745798,0,-9999,-9999,64,0.007520005,0.01181623,0,-9999,0.09517734,2,-9999,-9999,2,-0.00048053,0.009353288,0.018416,0.009200326,-0.44946,0.8163027,0.14469,0.003458034,-2.48,0.00798699,-0.055732,0.003889216,-0.063301,0.002028423,0.029004,0.003700946,0.092244,0.001857068,0.033475,0.003691206,-0.18363,0.002178876,0.033095,0.003692018,0.31991,0.003110868,0.16492,0.003417455,-0.24786,0.002261614,-0.10439,0.002077835,-0.32778,0.002368417,-0.15835,0.002146206,0.43874,0.001559776,-0.15318,0.002139556,-0.70882,0.002903946,-9999,-9999,0.048824,0.001903523,0.13329,0.00181469,-9999,-9999,0.13329,0.00181469
apogee.apo25m.stars.000+75.2M13451504+1835301,apo25m.000+75.2M13451504+1835301,none,apStar-dr17-2M13451504+1835301.fits,2M13451504+1835301,apo25m,4481,000+75,206.312683,18.591698,1.15792748007088,74.9665883631971,-2147483584,-2147483136,0,0,0,0,-9999.99,9999.99,-9999.99,9999.99,apogee,5,17,630.9796,0,0,18.43748,0.1257527,0.03824912,6260.891,4.430007,-0.4842451,0,0,23.78134,18.12871,0,1,1248131588006160000,2.106575,0.0196807,0.4409517,0.0203345,-20.31039,0.0133324,11.5387,11.8088,11.1084,19.61,0.889875,464.1343,460.9999,468.6961,463.6631,459.3152,468.1064,14930591377292,2M13451504+1835301,apo25m.000+75.2M13451504+1835301,apogee.apo25m.stars.000+75.2M13451504+1835301,apogee.apo25m.synspec.000+75.2M13451504+1835301,6060.899,35.60762,0,6179.5,4.031393,0.02271283,0,4.0254,1.437772,0,7.925561,-0.083162,0.005086685,0,-0.0028036,0.008392055,0,1.247789,Fd_b,0,0,0,0,6179.5,4.0254,0.15769,-0.083162,-0.0036958,0.22092,-0.0064489,-0.0036958,0,0.22092,32,-0.006614499,0.04592847,0,0.012393,0.03337498,0,0.0655,0.08875626,32,0.0947279,0.09410468,0,-0.1823854,0.1630391,0,-0.0383125,0.0119911,0,0.137299,0.01339686,0,0.100628,0.01260351,0,-9999,0.119193,2,0.0102025,0.04331215,0,-0.002046108,0.04100909,0,-0.031233,0.01212284,0,-0.321982,0.08324999,0,-9999,-9999,64,-0.03826345,0.1437053,0,-0.1306637,0.06647237,0,0.02078351,0.0125144,0,-0.085161,0.005496552,0,-9999,-9999,64,0.011224,0.01100804,0,-9999,0.07785897,2,-9999,-9999,2,-0.0086135,0.008671735,0.010394,0.008524788,0.063501,0.08861038,0.088036,0.00302,-0.34601,0.002040833,-0.1076,0.003391755,0.039712,0.001655083,0.025486,0.003136766,-0.050904,0.001732945,0.035271,0.003118253,-0.18203,0.001863411,0.036052,0.003116761,-0.27705,0.003761915,-0.2886,0.003788403,-0.088555,0.001768785,-0.053283,0.001735137,-0.21706,0.001899579,-0.085161,0.001765446,-0.15449,0.00183502,-0.076287,0.001756844,-0.44491,0.002158078,-9999,-9999,-0.74791,0.00252452,-0.044874,0.001727397,-9999,-9999,-0.044874,0.001727397
apogee.apo25m.stars.000+75.2M13452854+1936413,apo25m.000+75.2M13452854+1936413,none,apStar-dr17-2M13452854+1936413.fits,2M13452854+1936413,apo25m,4481,000+75,206.368952,19.611488,4.54183178129945,75.5143507646468,-2147483584,-2147483136,0,0,0,0,-9999.99,9999.99,-9999.99,9999.99,apogee,5,17,681.7355,0,0,-0.9043317,0.09239759,0.03072616,6181.619,4.589901,-0.1972093,0,0,22.82479,18.49629,0,1,1248405263321666560,4.311276,0.017012,-0.8943517,0.0159643,11.27769,0.0125309,10.8874,11.1719,10.4393,-0.498445,1.14585,230.2628,229.5008,231.2473,230.2612,229.2129,231.4553,14931003361402,2M13452854+1936413,apo25m.000+75.2M13452854+1936413,apogee.apo25m.stars.000+75.2M13452854+1936413,apogee.apo25m.synspec.000+75.2M13452854+1936413,5947.641,29.26869,0,6064.9,4.284267,0.01907032,0,4.3632,0.8030859,0,3.483213,0.10247,0.004375014,0,-0.0238077,0.00683962,0,2.034323,Fd_a,0,0,0,0,6064.9,4.3632,-0.095238,0.10247,-0.046593,0.27547,-0.027453,-0.046593,0,0.27547,32,-0.095399,0.0337587,0,-0.046993,0.02826441,0,0.040337,0.03141641,32,0.05680791,0.06731435,0,0.0287016,0.1149376,0,-0.0499915,0.0108864,0,0.090626,0.01267921,0,0.05844501,0.01146159,0,-9999,0.09469923,2,-0.0877775,0.03811439,0,-0.0682841,0.03458861,0,-0.033453,0.01009459,0,-0.509421,0.06513838,0,-9999,-9999,320,-0.05779045,0.1109451,0,-0.1422917,0.05004724,0,0.06700552,0.009771108,0,0.10569,0.004706816,0,-9999,-9999,64,0.02924,0.009133651,0,-9999,0.05100483,2,-9999,-9999,2,-0.092179,0.00794764,-0.043773,0.007529143,0.043557,0.03111029,0.055335,0.002477176,0.055928,0.001449,-0.11406,0.002718989,0.18389,0.001375536,-0.011478,0.002574005,-0.07135,0.001532645,-0.05749,0.002639602,-0.057417,0.001522629,0.039051,0.00250064,-0.45927,0.003318885,-0.6541,0.003719946,0.082769,0.001432655,0.12594,0.001407373,0.020013,0.001471258,0.10569,0.001419049,0.059618,0.00144672,0.13258,0.001403602,-0.43768,0.001836736,-9999,-9999,0.09896,0.001423025,0.16744,0.001384341,-9999,-9999,0.16744,0.001384341
apogee.apo25m.stars.000+75.2M13453115+1942175,apo25m.000+75.2M13453115+1942175,none,apStar-dr17-2M13453115+1942175.fits,2M13453115+1942175,apo25m,4481,000+75,206.379797,19.704865,4.87578036654867,75.5575497506907,-2147483584,-2147483136,0,0,0,0,-9999.99,9999.99,-9999.99,9999.99,apogee,5,17,695.9991,0,0,0.2284334,0.1001724,0.03249354,6227.313,4.521089,-0.2750935,0,0,23.52629,18.21554,0,1,1248410584786040064,3.17474,0.0170995,-27.04612,0.0173442,-10.7138,0.0118587,10.9445,11.232,10.4936,1.1877,0.767804,311.887,310.2532,313.644,311.8942,310.341,313.4805,14931002578162,2M13453115+1942175,apo25m.000+75.2M13453115+1942175,apogee.apo25m.stars.000+75.2M13453115+1942175,apogee.apo25m.synspec.000+75.2M13453115+1942175,5935.896,30.11532,0,6046,4.099826,0.02013111,0,4.1376,1.141561,0,6.437689,0.037088,0.004660774,0,-0.0134697,0.007164423,0,1.678302,Fd_b,0,0,0,0,6046,4.1376,0.057499,0.037088,-0.0092275,0.27494,-0.017115,-0.0092275,0,0.27494,32,-0.038859,0.03582339,0,-0.004647203,0.02959578,0,0.09290498,0.03557138,32,0.1064259,0.06987843,0,-0.0207394,0.1254689,0,-0.0287775,0.0112682,0,0.139681,0.01302067,0,0.07943809,0.01180766,0,-9999,0.09897067,2,-0.0348658,0.03998411,0,-0.0623721,0.0358502,0,-0.026947,0.01071605,0,-0.387648,0.06784235,0,-9999,-9999,64,0.03351555,0.1160338,0,-0.3126367,0.05372535,0,0.05366851,0.01071582,0,0.036345,0.005017978,0,-9999,-9999,64,0.035129,0.009785824,0,-9999,0.0585341,2,-9999,-9999,2,-0.039602,0.008000875,-0.0053902,0.007720168,0.092162,0.03526472,0.10099,0.002593415,-0.062858,0.001595306,-0.096809,0.00291,0.1636,0.00144513,0.0055521,0.002745651,-0.1339,0.001651575,-0.0085413,0.002768556,-0.12085,0.001640975,0.041594,0.002687266,-0.34146,0.003372091,-0.33983,0.003368976,0.10473,0.001481013,-0.11375,0.001635237,-0.062669,0.00159518,0.036345,0.001525352,-0.049092,0.001584961,0.069124,0.001503762,-0.44392,0.001928886,-9999,-9999,-0.028358,0.001569745,0.11588,0.001474042,-9999,-9999,0.11588,0.001474042
apogee.apo25m.stars.013+49_MGA.2M15264771+0843277,apo25m.013+49_MGA.2M15264771+0843277,none,apStar-dr17-2M15264771+0843277.fits,2M15264771+0843277,apo25m,2727,013+49_MGA,231.698798,8.724386,13.7153386349245,48.9697125216376,0,0,-2147483584,-2147483136,0,0,-9999.99,9999.99,-9999.99,9999.99,manga-apogee2,5,3,746.5578,0,0,-1.407006,0.01508727,0.02874549,6241.282,4.202413,-0.753458,0,0,21.56217,16.65086,0,1,1165376982781129088,4.536011,0.0156698,-4.012656,0.0167285,-21.84395,0.0137801,9.38258,9.63799,8.95883,-1.272,0.33946,219.1522,218.4106,219.8041,218.9086,218.2791,219.547,14443467264936,2M15264771+0843277,apo25m.013+49_MGA.2M15264771+0843277,apogee.apo25m.stars.013+49_MGA.2M15264771+0843277,apogee.apo25m.synspec.013+49_MGA.2M15264771+0843277,5962.095,40.15434,0,6037.7,3.67417,0.03000071,0,3.5968,1.38048,0,7.031695,-0.42576,0.007138619,0,0.0896223,0.01050539,0,1.822049,Fd_c,0,0.005057226,0.01024754,0.003726377,6037.7,3.5968,0.14003,-0.42576,0.14286,0.050973,0.085977,0.14286,0,0.050973,32,0.14169,0.06049703,0,0.16782,0.0421037,0,-0.4615,0.6856536,288,0.2738229,0.1079863,0,-0.0584864,0.2515833,0,0.07567778,0.01449042,0,0.174246,0.01547847,0,0.203853,0.01483609,0,-9999,0.1462456,2,0.0472115,0.05578949,0,-0.1266471,0.04862256,0,0.05231598,0.01651927,0,0.09593898,0.09967777,0,-9999,-9999,64,0.07211053,0.1758023,0,-0.1511817,0.09438939,0,-0.05184749,0.02037259,0,-0.42845,0.007739429,0,-9999,-9999,64,-0.02167001,0.01583698,0,-9999,0.1588938,2,-9999,-9999,2,0.139,0.009944093,0.16513,0.009719825,-0.46419,0.6856165,0.26644,0.003371202,-0.5654,0.002389205,0.0056993,0.003949557,-0.26663,0.001998449,0.12802,0.003664287,-0.48587,0.002279759,0.071589,0.003790778,-0.64992,0.002511712,0.11891,0.003684155,0.14018,0.003637994,-0.12992,0.004288123,-0.32147,0.002064582,-0.41709,0.002188835,-0.63298,0.002486886,-0.42845,0.002203883,-1.0012,0.003017284,-0.45247,0.002235554,-0.714,0.002604669,-9999,-9999,-0.5681,0.002393011,-0.48691,0.00228114,-9999,-9999,-0.48691,0.00228114
apogee.apo25m.stars.013+49_MGA.2M15284798+0832109,apo25m.013+49_MGA.2M15284798+0832109,none,apStar-dr17-2M15284798+0832109.fits,2M15284798+0832109,apo25m,2727,013+49_MGA,232.199946,8.536373,13.8680698612768,48.4494386628121,0,0,-2147483584,-2147483136,0,0,-9999.99,9999.99,-9999.99,9999.99,manga-apogee2,5,3,225.9461,0,0,-31.51563,0.07840279,0.05369841,6188.044,4.66539,-0.5762393,0,0,31.90268,18.45455,0,1,1165309328456248704,2.006811,0.0478111,-16.98657,0.0502171,5.160028,0.0424951,11.3931,11.6348,10.9763,-31.5998,0.529229,486.6468,476.2732,500.6734,487.6929,478.4931,498.6382,14443650830979,2M15284798+0832109,apo25m.013+49_MGA.2M15284798+0832109,apogee.apo25m.stars.013+49_MGA.2M15284798+0832109,apogee.apo25m.synspec.013+49_MGA.2M15284798+0832109,6151.183,35.23727,0,6294.8,3.950683,0.02040168,0,4.0362,1.88947,0,15.76522,0.057746,0.004381751,0,-0.0553907,0.007842584,0,3.016199,Fd_c,0,0.005855736,0.03886079,0.03220655,6294.8,4.0362,0.27634,0.057746,-0.028661,0.78484,-0.059036,-0.028661,0,0.78484,32,-0.03124,0.04299913,0,-0.014822,0.03070787,0,0.66492,0.03158939,32,-0.1079771,0.0961138,0,-0.0906424,0.1411292,0,-0.0788315,0.01112413,0,0.19338,0.01253736,0,-0.003458999,0.01187681,0,-9999,0.1135337,2,0.0234865,0.03892461,0,0.0242489,0.03913308,0,0.024385,0.01072678,0,0.267139,0.08079166,0,-9999,-9999,65,-0.08876044,0.1382891,0,-0.8988577,0.05917487,0,-0.02431349,0.0101911,0,0.055316,0.00473202,0,-9999,-9999,64,-0.029312,0.009449191,0,-9999,0.0586955,2,-9999,-9999,2,-0.03367,0.00846091,-0.017252,0.008320637,0.66249,0.03128402,-0.1151,0.003554574,-0.11379,0.002109336,-0.14855,0.003625327,0.23627,0.001776457,-0.079032,0.003479799,0.22222,0.001787792,0.048124,0.003221335,-0.015258,0.002007013,0.091239,0.003137467,0.31164,0.00272793,-0.74544,0.005144803,0.001425,0.001990829,-0.681,0.00279453,-0.12168,0.002117971,0.055316,0.001938608,0.22096,0.001788826,0.023654,0.001969315,0.54503,0.001560865,-9999,-9999,0.033379,0.001959847,0.18084,0.001822581,-9999,-9999,0.18084,0.001822581
apogee.apo25m.stars.319+88_MGA.2M12501852+2609340,apo25m.319+88_MGA.2M12501852+2609340,none,apStar-dr17-2M12501852+2609340.fits,2M12501852+2609340,apo25m,2647,319+88_MGA,192.57719,26.159466,288.2698518808,88.9987840540919,0,0,-2147383264,0,0,0,7,11.5,0.3,9999.99,manga-apogee2,0,1,665.9795,0,0,-8.12931,0,0.02392682,6277.402,4.4814,0.07771471,0,0,22.43692,17.65923,0,1,3961485079994112896,4.284999,0.0241512,12.57609,0.0210726,2.820728,0.026428,9.44067,9.76368,8.95038,7.20238,4.47414,231.9093,230.656,232.9748,231.3725,230.3189,232.4957,15032753334743,2M12501852+2609340,apo25m.014+89_MGA.2M12501852+2609340,apogee.apo25m.stars.014+89_MGA.2M12501852+2609340,apogee.apo25m.synspec.014+89_MGA.2M12501852+2609340,5767.214,22.72921,0,5873.8,3.868667,0.01576196,0,3.9554,1.077668,0,6.11843,0.29521,0.003787922,0,-0.0121927,0.005360918,0,3.79184,Fd_d,0,0.00758584,0.04072398,0.03300506,5873.8,3.9554,0.032485,0.29521,0.010699,0.32233,-0.015838,0.010699,0,0.32233,0,-0.03099999,0.02313996,0,-0.01607999,0.02342636,0,0.28635,0.01609724,0,0.08619389,0.04312369,0,0.06642362,0.07657322,0,-0.02079049,0.009862439,0,0.192376,0.01207985,0,0.130456,0.01034755,0,-9999,0.07130403,2,-0.04846549,0.0334934,0,0.07083288,0.02814457,0,-0.0613368,0.008306949,0,-0.332251,0.0477666,0,-9999,-9999,64,0.0001105368,0.08016477,0,-0.1674417,0.03597902,0,0.1045125,0.007604606,0,0.28957,0.004052691,0,-9999,-9999,64,0.04076001,0.007554034,0,-9999,0.03242755,2,-9999,-9999,2,-0.03664,0.005140914,-0.02172,0.005025734,0.28071,0.007214153,0.075861,0.002266054,0.27753,0.001390216,-0.093719,0.002513464,0.46952,0.001326273,0.051673,0.002300696,-0.025934,0.001511655,-0.027038,0.002416754,0.26558,0.001394704,0.0023072,0.002373268,-0.29096,0.002841954,-0.10776,0.002534147,0.32455,0.001372953,0.28467,0.001387552,0.2414,0.001403781,0.28957,0.001385749,0.32635,0.001372334,0.32798,0.001371751,-0.19325,0.001589371,-9999,-9999,0.19715,0.001420493,0.49093,0.001319886,-9999,-9999,0.49093,0.001319886
apogee.apo25m.stars.010+51_MGA.2M15153082+0830238,apo25m.010+51_MGA.2M15153082+0830238,none,apStar-dr17-2M15153082+0830238.fits,2M15153082+0830238,apo25m,2730,010+51_MGA,228.878426,8.506634,11.0905480053963,51.2033626163854,0,0,-2147383280,0,0,0,7,11.5,0.3,9999.99,manga-apogee2,0,2,400.9817,0,0,-34.60032,0.01544349,0.02937866,6422.182,4.209901,-0.5578398,0,0,21.97293,16.20728,0,1,1166636473350296448,2.23965,0.0159497,-14.32175,0.0179043,4.044273,0.016234,10.5396,10.7926,10.1274,-34.5402,1.17506,441.2865,438.293,445.2375,440.8983,437.3734,443.9801,15194269525629,2M15153082+0830238,apo25m.010+51_MGA.2M15153082+0830238,apogee.apo25m.stars.010+51_MGA.2M15153082+0830238,apogee.apo25m.synspec.010+51_MGA.2M15153082+0830238,6149.872,41.02628,0,6271.3,3.786534,0.02558418,0,3.6522,1.889252,0,6.878757,-0.20759,0.005612946,0,0.0259363,0.009687938,0,1.819743,Fd_b,0,0.007852009,0.03752995,0.02994411,6271.3,3.6522,0.27629,-0.20759,0.031782,0.011062,0.022291,0.031782,0,0.011062,32,0.02994801,0.05718378,0,0.04045001,0.03742691,0,-0.35876,0.7236654,288,0.2388629,0.1202431,0,-9999,-9999,1,-0.06441148,0.01279985,0,0.128784,0.01387528,0,0.161701,0.01345175,0,-9999,0.1403681,2,0.03495951,0.04715345,0,0.1216229,0.0462485,0,-0.010177,0.01372673,0,-9999,-9999,1,-9999,-9999,64,-0.1229094,0.1729307,0,-0.1783117,0.08099382,0,-0.0528975,0.014753,0,-0.20226,0.006084335,0,-9999,-9999,64,-0.03401999,0.01246503,0,-9999,0.1036763,2,-9999,-9999,2,0.035278,0.008813342,0.04578,0.008737334,-0.35343,0.7236435,0.2395,0.003381863,-2.4871,0.007928051,-0.12637,0.00424747,-0.085902,0.001947768,0.093888,0.003715508,-0.26691,0.00217175,0.067357,0.003776771,-0.17546,0.002056502,0.064437,0.003783517,-0.74965,0.003942968,0.090251,0.003723842,-0.2903,0.002202181,-0.21803,0.002110047,-0.40784,0.002365692,-0.20226,0.002090263,-0.69773,0.0027881,-0.23863,0.002135814,0.13348,0.001718924,-9999,-9999,-0.67815,0.002757553,0.15675,0.001697263,-9999,-9999,0.15675,0.001697263
apogee.apo25m.stars.010+51_MGA.2M15164969+0816035,apo25m.010+51_MGA.2M15164969+0816035,none,apStar-dr17-2M15164969+0816035.fits,2M15164969+0816035,apo25m,2730,010+51_MGA,229.20706,8.267639,11.0577838304036,50.8003794003488,0,0,-2147383264,0,0,0,7,11.5,0.3,9999.99,manga-apogee2,0,2,460.8725,0,0,-13.80777,0.01530412,0.02346443,6207.838,4.537912,-0.1618801,0,0,22.33106,18.01861,0,1,1163615668232067584,4.801246,0.0174259,-28.07479,0.0191608,0.7700372,0.0189134,10.4199,10.7206,9.95726,-15.1461,0.880745,207.1056,206.3627,208.1872,206.9045,206.2063,207.6706,15194499812914,2M15164969+0816035,apo25m.010+51_MGA.2M15164969+0816035,apogee.apo25m.stars.010+51_MGA.2M15164969+0816035,apogee.apo25m.synspec.010+51_MGA.2M15164969+0816035,5950.367,28.97203,0,6069.8,4.206218,0.01873304,0,4.2842,1.070659,0,3.322997,0.12383,0.004286447,0,-0.0138567,0.006733014,0,2.65204,Fd_a,0,0.006388076,0.03300506,0.0264839,6069.8,4.2842,0.029651,0.12383,-0.031095,0.36672,-0.017502,-0.031095,0,0.36672,32,-0.04797,0.03307548,0,-0.008900002,0.02783516,0,0.24435,0.02339901,32,0.0345339,0.06638219,0,0.0926036,0.1116072,0,-0.004151493,0.01076535,0,0.136076,0.01257156,0,0.066923,0.01135079,0,-9999,0.09327005,2,-0.0823765,0.03752508,0,-0.0608321,0.03416841,0,-0.031287,0.009898488,0,-0.530421,0.06421546,0,-9999,-9999,64,-0.02715944,0.1092227,0,-0.3155017,0.04887051,0,0.09718452,0.009481937,0,0.11989,0.004610334,0,-9999,-9999,64,0.07137,0.008930774,0,-9999,0.04874951,2,-9999,-9999,2,-0.05191,0.007622467,-0.01284,0.007288141,0.24041,0.02300304,0.025901,0.00249988,0.13403,0.001415733,-0.07538,0.002644787,0.24354,0.001358308,-0.01016,0.002552273,0.084082,0.001444888,-0.059249,0.002622499,-0.035765,0.001518387,0.034057,0.002488031,-0.48743,0.003354102,-0.056066,0.002618053,0.1276,0.001419401,-0.03307,0.001516608,0.064392,0.00145664,0.11989,0.001423798,0.030301,0.001477126,0.18891,0.001385749,-0.37729,0.001780534,-9999,-9999,0.01265,0.001487817,0.24801,0.001356134,-9999,-9999,0.24801,0.001356134
apogee.apo25m.stars.010+51_MGA.2M15182700+0845234,apo25m.010+51_MGA.2M15182700+0845234,none,apStar-dr17-2M15182700+0845234.fits,2M15182700+0845234,apo25m,2730,010+51_MGA,229.61253,8.756525,12.0514832725781,50.7311257379594,0,0,-2147483584,-2147483136,0,0,-9999.99,9999.99,-9999.99,9999.99,manga-apogee2,5,2,645.011,0,0,-16.51219,0.04766404,0.02686251,6392.673,4.243097,-0.1984912,0,0,21.56174,16.88812,0,1,1167031090649905792,4.331425,0.0188472,-18.27716,0.0213506,15.4608,0.0194896,9.2508,9.52309,8.81096,-16.4356,0.384784,229.4898,228.5551,230.4789,229.0863,228.2425,230.0276,15194290311610,2M15182700+0845234,apo25m.010+51_MGA.2M15182700+0845234,apogee.apo25m.stars.010+51_MGA.2M15182700+0845234,apogee.apo25m.synspec.010+51_MGA.2M15182700+0845234,6085.938,33.78669,0,6218.6,3.875726,0.02048724,0,3.8257,1.953215,0,5.068624,0.041845,0.004504804,0,-0.0249817,0.007689541,0,2.051304,Fd_a,0,0.00758584,0.01863189,0.01117913,6218.6,3.8257,0.29075,0.041845,-0.061717,0.29859,-0.028627,-0.061717,0,0.29859,32,-0.058156,0.04110311,0,-0.0325,0.03058454,0,-0.106337,0.09717713,288,0.1006079,0.08797463,0,-0.2196784,0.1381233,0,-0.0541385,0.0112229,0,0.127604,0.01272862,0,0.08544999,0.01190692,0,-9999,0.1097538,2,-0.1041475,0.03951682,0,-0.07873911,0.03834051,0,-0.008533999,0.01081816,0,-9999,-9999,1,-9999,-9999,64,-0.06518145,0.1322026,0,-0.3294437,0.05812807,0,0.03107251,0.01048731,0,0.042842,0.004861068,0,-9999,-9999,64,0.0005919971,0.009646533,0,-9999,0.05987201,2,-9999,-9999,2,-0.057159,0.00777946,-0.031503,0.007617152,-0.10534,0.09707265,0.096912,0.002812099,-0.2553,0.001870775,-0.12043,0.003210763,0.15802,0.001504792,0.013304,0.002962516,-0.18967,0.001805852,-0.076083,0.003128786,-0.13072,0.001747827,0.061747,0.002874161,-0.74246,0.004501444,-0.15176,0.003269404,0.01253,0.001619938,-0.12406,0.001741379,-0.078768,0.001698764,0.042842,0.001595118,0.097073,0.00155158,0.041084,0.001596559,-0.51834,0.002154159,-9999,-9999,0.0038753,0.001627053,0.17099,0.001495293,-9999,-9999,0.17099,0.001495293
apogee.apo25m.stars.010+51_MGA.2M15200187+0712097,apo25m.010+51_MGA.2M15200187+0712097,none,apStar-dr17-2M15200187+0712097.fits,2M15200187+0712097,apo25m,2730,010+51_MGA,230.00782,7.2027,10.363498504937,49.5489812276919,0,0,-2147383264,0,0,0,7,11.5,0.3,9999.99,manga-apogee2,0,2,255.1719,0,0,-35.3287,0.02760783,0.03431041,6246.635,4.5617,-0.3816493,0,0,22.93659,17.95293,0,1,1163254272503914240,3.57678,0.0179941,-25.21997,0.0185092,11.50259,0.018705,11.0805,11.3533,10.6451,-35.2056,0.855936,276.9094,275.5611,278.1455,276.3331,274.9064,277.8683,15193554981780,2M15200187+0712097,apo25m.010+51_MGA.2M15200187+0712097,apogee.apo25m.stars.010+51_MGA.2M15200187+0712097,apogee.apo25m.synspec.010+51_MGA.2M15200187+0712097,6165.294,35.92756,0,6309.8,4.289232,0.02069644,0,4.3801,0.8673413,0,6.359163,0.043324,0.004428715,0,-0.0303007,0.007989268,0,3.068386,Fd_c,0,0.008650519,0.04538195,0.03633218,6309.8,4.3801,-0.06181,0.043324,-0.065401,0.46659,-0.033946,-0.065401,0,0.46659,32,-0.09008999,0.04426631,0,-0.078187,0.03114743,0,0.220371,0.0764991,32,0.0547799,0.09947372,0,-9999,-9999,1,-0.07018051,0.01120666,0,0.082093,0.0125818,0,0.058681,0.01196844,0,-9999,0.1160206,2,-0.0166305,0.03930154,0,0.05060765,0.03975282,0,0.003137004,0.01088665,0,-0.005860996,0.08273613,0,-9999,-9999,64,-0.004815448,0.1417704,0,-0.4615247,0.06067522,0,-0.03341049,0.01038343,0,0.045013,0.004784769,0,-9999,-9999,64,0.007390998,0.009584037,0,-9999,0.06072686,2,-9999,-9999,2,-0.088401,0.00865315,-0.076498,0.008563119,0.22206,0.07637081,0.051776,0.003100242,-2.4777,0.007607102,-0.13578,0.00341804,0.11468,0.00168695,-0.012773,0.003210296,0.24031,0.00158956,0.012126,0.003167807,0.00079775,0.001785777,0.07411,0.003062483,0.042759,0.003115622,-0.023931,0.003229241,0.075067,0.001720727,-0.25397,0.002050098,-0.14108,0.001927667,0.045013,0.00174674,0.19748,0.001620586,0.050054,0.001742383,-0.16427,0.001952793,-9999,-9999,-0.18758,0.001978181,0.17828,0.001635268,-9999,-9999,0.17828,0.001635268
apogee.apo25m.stars.010+60.2M14384659+1304026,apo25m.010+60.2M14384659+1304026,none,apStar-dr17-2M14384659+1304026.fits,2M14384659+1304026,apo25m,4493,010+60,219.694139,13.067405,9.00342402067821,61.2444448301718,-2147483584,-2147483136,0,0,0,0,-9999.99,9999.99,-9999.99,9999.99,apogee,5,4,227.0569,0,0,-0.7146778,0.3629565,0.05113251,6321.902,4.462296,-0.5967034,0,0,23.89304,18.17505,0,1,1179596245107887360,2.556733,0.0273758,2.420946,0.0264639,-0.4547068,0.0251958,11.4477,11.6935,11.0441,-0.519736,0.706168,384.6615,380.8879,388.4454,383.581,378.9373,388.2027,15243349538365,2M14384659+1304026,apo25m.010+60.2M14384659+1304026,apogee.apo25m.stars.010+60.2M14384659+1304026,apogee.apo25m.synspec.010+60.2M14384659+1304026,6263.355,42.7588,0,6408.4,4.271564,0.02423302,0,4.2521,1.100649,0,7.676619,-0.12491,0.005081492,0,-0.0026362,0.009594644,0,2.580655,Fd_b,0,0,0.001330849,0.0007985095,6408.4,4.2521,0.041649,-0.12491,0.041597,0.13888,-0.0062815,0.041597,0,0.13888,32,0.03264601,0.05830289,0,0.04436401,0.0361722,0,0.44741,0.07621234,32,0.1691429,0.1338425,0,-1.693816,0.1991728,0,-0.0588615,0.01222856,0,0.024826,0.01323395,0,0.097715,0.01303228,0,-9999,0.1424472,2,0.04473151,0.04413999,0,-0.1941471,0.04628643,0,-0.08175499,0.01285544,0,-0.08776199,0.1029306,0,-9999,-9999,64,0.1161836,0.1784988,0,0.0508393,0.07827093,0,-0.003537484,0.01299969,0,-0.11862,0.00551153,0,-9999,-9999,320,-0.02941,0.01135378,0,-9999,0.08900745,2,-9999,-9999,2,0.038936,0.009072321,0.050654,0.008983151,0.4537,0.07604275,0.17074,0.003229241,-1.8909,0.005339382,-0.11986,0.003801842,-0.10622,0.002053753,0.030862,0.003495569,-0.0052674,0.001940902,0.078089,0.003401764,-0.40759,0.002439324,-0.006181,0.003570574,-0.034541,0.003628223,-0.14264,0.003851104,0.032433,0.001901999,0.094761,0.001838314,-0.27484,0.002261659,-0.11862,0.002068623,-2.427,0.007575289,-0.15038,0.002107321,-0.52008,0.002589653,-9999,-9999,-0.66099,0.002783343,-0.025348,0.001962014,-9999,-9999,-0.025348,0.001962014
apogee.apo25m.stars.010+60.2M14401766+1251327,apo25m.010+60.2M14401766+1251327,none,apStar-dr17-2M14401766+1251327.fits,2M14401766+1251327,apo25m,4493,010+60,220.073604,12.859104,9.06448561022725,60.8210517387564,-2147483584,-2147483136,0,0,0,0,-9999.99,9999.99,-9999.99,9999.99,apogee,5,4,230.2463,0,0,-4.457847,0.3428874,0.05381114,6318.387,4.37372,-0.6528986,0,0,23.93468,17.8241,0,1,1179528006667513728,2.362734,0.0185867,-7.700675,0.0176435,13.34751,0.0171498,11.4658,11.6902,11.0898,-4.72216,0.768458,414.7469,411.4857,417.6164,414.9553,411.4685,417.9095,15243138106385,2M14401766+1251327,apo25m.010+60.2M14401766+1251327,apogee.apo25m.stars.010+60.2M14401766+1251327,apogee.apo25m.synspec.010+60.2M14401766+1251327,6400.438,47.46153,0,6566.2,4.285982,0.02459699,0,4.2903,1.375023,0,8.12737,-0.11926,0.005319586,32,0.0020748,0.0102245,0,2.408352,Fd_b,0,0,0.0007985095,0.0007985095,6566.2,4.2903,0.13831,-0.11926,-0.024864,0.23022,-0.0015705,-0.024864,0,0.23022,32,-0.02992199,0.06612605,0,-0.002683297,0.03730416,0,-0.15746,0.5037741,288,0.1319329,0.1651063,0,-0.8567264,0.2170339,0,-0.01989549,0.01234146,0,0.038845,0.01295604,0,0.09204,0.01328125,0,-9999,0.1563987,2,-0.006189495,0.04367451,0,-0.0137471,0.04917484,0,0.042626,0.01312805,0,-0.460001,0.1157634,0,-9999,-9999,64,0.1309825,0.2008712,0,0.06243829,0.08398104,0,-0.02251749,0.01272305,0,-0.11801,0.005347254,0,-9999,-9999,64,0.01698,0.0111908,0,-9999,0.09061056,2,-9999,-9999,2,-0.028672,0.009314881,-0.0014333,0.009101648,-0.15621,0.503746,0.12849,0.003465977,-1.0532,0.003407345,-0.085934,0.003907045,-0.091591,0.002159491,0.020147,0.003685241,-0.098196,0.002168133,0.022128,0.003681168,-0.22658,0.002343182,0.11316,0.003495855,-0.41182,0.004729059,-0.022851,0.003775182,0.047842,0.001989422,0.10697,0.001920625,-0.29321,0.002435303,-0.11801,0.002194425,-1.6004,0.00470691,-0.10338,0.002174971,0.084737,0.001946124,-9999,-9999,-0.52268,0.002764127,-0.29225,0.002433968,-9999,-9999,-0.29225,0.002433968
apogee.apo25m.stars.053+32_MGA.2M17234236+3007069,apo25m.053+32_MGA.2M17234236+3007069,none,apStar-dr17-2M17234236+3007069.fits,2M17234236+3007069,apo25m,2004,053+32_MGA,260.926505,30.118601,53.3858049740595,31.0883268523231,0,0,-2147483584,-2147483136,0,0,-9999.99,9999.99,-9999.99,9999.99,manga-apogee2,5,4,217.4274,0,0,-19.84282,0.1185169,0.05106208,6325.765,4.476415,-0.5902258,0,0,25.10682,17.54638,0,1,4599549888255013248,3.837755,0.0110715,1.738626,0.0104096,-13.43731,0.0126219,10.3459,10.5717,9.96716,-19.9653,0.37607,259.247,258.3219,259.9892,259.3659,258.577,260.0891,14429679399293,2M17234236+3007069,apo25m.053+32_MGA.2M17234236+3007069,apogee.apo25m.stars.053+32_MGA.2M17234236+3007069,apogee.apo25m.synspec.053+32_MGA.2M17234236+3007069,6325.541,42.51608,0,6487.6,4.221762,0.02255671,0,4.1891,1.389505,0,10.35619,-0.030469,0.005016274,32,-0.0195537,0.00917655,0,2.249106,Fd_c,0,0.003194038,0.01956348,0.01597019,6487.6,4.1891,0.14286,-0.030469,-0.084935,0.075591,-0.023199,-0.084935,0,0.075591,32,-0.095084,0.05592238,0,-0.104271,0.0342857,0,0.034217,0.2609888,32,0.2251309,0.1361409,0,-2.344839,0.1810186,256,-0.0785735,0.01180278,0,0.047131,0.01265573,0,0.06689002,0.0126906,0,-9999,0.138043,2,0.0035525,0.04113635,0,0.0976229,0.0448915,0,-0.024916,0.01201908,0,0.016298,0.1010623,0,-9999,-9999,64,-0.3162824,0.1742227,0,-0.3248947,0.07247037,0,-0.01724048,0.01132617,0,-0.024497,0.004983628,0,-9999,-9999,64,-0.017092,0.01024822,0,-9999,0.0736793,2,-9999,-9999,2,-0.089112,0.01029029,-0.098299,0.01037401,0.040189,0.2609406,0.22641,0.003282682,-2.4478,0.0085,-0.13989,0.004020075,0.010208,0.002092678,-0.00028098,0.003733899,-0.56075,0.00285986,0.036592,0.003659508,-0.021697,0.002129436,0.05034,0.003632355,0.069201,0.00359444,0.10896,0.003515821,-0.30591,0.002502918,-0.18685,0.002342157,-0.19442,0.00235236,-0.024497,0.002132745,-0.61949,0.002939592,-0.043939,0.002155922,-0.60749,0.002923046,-9999,-9999,0.16811,0.001914994,0.13486,0.001950461,-9999,-9999,0.13486,0.001950461
apogee.apo25m.stars.053+33_MGA.2M17111803+3028042,apo25m.053+33_MGA.2M17111803+3028042,none,apStar-dr17-2M17111803+3028042.fits,2M17111803+3028042,apo25m,2387,053+33_MGA,257.82514,30.467855,52.9786745399259,33.7668579352811,0,0,-2147483584,-2147483136,0,0,-9999.99,9999.99,-9999.99,9999.99,manga-apogee2,5,4,418.3755,0,0,-21.88405,0.09613111,0.04381308,6239.146,4.350619,-0.7334894,0,0,27.88323,17.50372,0,1,1309130740770167808,3.344035,0.0168901,-7.736154,0.016093,-18.01071,0.0197339,10.0643,10.301,9.67247,-22.0968,1.15009,296.7444,295.0766,298.064,296.82,295.3122,298.0863,14428763733971,2M17111803+3028042,apo25m.053+33_MGA.2M17111803+3028042,apogee.apo25m.stars.053+33_MGA.2M17111803+3028042,apogee.apo25m.synspec.053+33_MGA.2M17111803+3028042,6022.648,38.25116,0,6121,3.77301,0.02625316,0,3.7151,1.618564,0,13.00169,-0.25927,0.00603971,0,0.010642,0.009477954,0,4.408796,Fd_b,0,0,0.008251265,0.008251265,6121,3.7151,0.20913,-0.25927,0.0014547,0.17134,0.0069967,0.0014547,0,0.17134,32,0.01215698,0.05355086,0,0.02635698,0.0377198,0,-0.38736,0.7117208,288,0.2421829,0.1029952,0,-0.1263664,0.2055281,0,0.006101489,0.01319379,0,0.119306,0.01440418,0,0.08314598,0.0136896,0,-9999,0.1335997,2,-0.01818961,0.04929568,0,0.01941289,0.04502394,0,0.02182598,0.01422881,0,-0.748481,0.09234219,256,-9999,-9999,64,0.1079706,0.1611974,0,-0.7892717,0.08016467,0,-0.2452275,0.01605673,0,-0.26086,0.006538775,0,-9999,-9999,64,0.004150003,0.01326075,0,-9999,0.1126541,2,-9999,-9999,2,0.010567,0.0103315,0.024767,0.01020196,-0.38895,0.7116952,0.2359,0.003303029,-0.46569,0.00246609,-0.062777,0.003991115,-0.15398,0.002056842,0.008413,0.003816412,-0.019248,0.001904495,0.0072879,0.003819162,-0.33627,0.002285476,0.08952,0.003626707,-0.70314,0.005866259,-0.1727,0.004266732,-0.11802,0.002014398,-0.88759,0.003067621,-0.65877,0.002744249,-0.26086,0.002186756,-0.96555,0.003171277,-0.25906,0.002184468,-0.20852,0.002122428,-9999,-9999,-0.38508,0.002352998,-0.181,0.002089187,-9999,-9999,-0.181,0.002089187
apogee.apo25m.stars.055+33_MGA.2M17130177+3043158,apo25m.055+33_MGA.2M17130177+3043158,none,apStar-dr17-2M17130177+3043158.fits,2M17130177+3043158,apo25m,2003,055+33_MGA,258.257388,30.721079,53.3822222933149,33.4674780943335,0,0,-2147483584,-2147483136,0,0,-9999.99,9999.99,-9999.99,9999.99,manga-apogee2,5,7,243.1559,0,0,6.600815,0.02820169,0.04973601,6571.385,4.322349,-0.3942134,0,0,21.538,16.1611,0,1,1333157234498660992,1.767248,0.0140791,3.595231,0.0150133,-3.115321,0.0147318,11.3534,11.5725,10.9895,6.43269,0.782753,551.3152,546.7141,555.5704,550.6377,546.7133,555.3032,14428777851415,2M17130177+3043158,apo25m.053+33_MGA.2M17130177+3043158,apogee.apo25m.stars.053+33_MGA.2M17130177+3043158,apogee.apo25m.synspec.053+33_MGA.2M17130177+3043158,6489.222,47.40627,0,6685.8,4.025332,0.02212315,0,3.9982,2.097201,0,7.15517,0.094289,0.005106662,32,-0.0466217,0.009727214,0,3.560738,Fd_a,0,0,0.01956348,0.01956348,6685.8,3.9982,0.32164,0.094289,-0.088529,0.46734,-0.050267,-0.088529,0,0.46734,32,-0.122761,0.06160564,0,-0.055965,0.03539333,0,0.678369,0.06667142,32,0.1245619,0.1742778,0,-0.0911844,0.1814591,0,-0.1310525,0.01201265,0,-0.017031,0.01313233,0,0.083193,0.01344496,0,-9999,0.1544727,2,-0.0970545,0.0405402,0,-0.1180471,0.04806875,0,-0.0731554,0.01215911,0,-0.209962,0.1138713,0,-9999,-9999,64,0.09826055,0.202317,0,0.2933183,0.07488956,0,0.02783751,0.01016059,0,0.1038,0.004632699,0,-9999,-9999,64,-0.001590997,0.009824906,0,-9999,0.06106237,2,-9999,-9999,2,-0.11325,0.008710339,-0.046454,0.008332646,0.68788,0.06647556,0.12938,0.003472463,-0.065848,0.002264001,-0.18883,0.004121286,0.074343,0.00208696,0.019561,0.003690799,0.0074785,0.002170668,-0.060476,0.003854997,-0.10907,0.002321702,0.0056396,0.003719274,-0.15352,0.004045615,-0.2531,0.004262863,0.23693,0.001899237,0.55966,0.001601187,-0.021045,0.002206354,0.1038,0.002050829,0.11636,0.002035657,0.099859,0.002055602,-0.42573,0.002761051,-9999,-9999,0.50371,0.001645448,0.10375,0.002050902,-9999,-9999,0.10375,0.002050902
apogee.apo25m.stars.101+89_MGA.2M12502292+2744285,apo25m.101+89_MGA.2M12502292+2744285,none,apStar-dr17-2M12502292+2744285.fits,2M12502292+2744285,apo25m,2518,101+89_MGA,192.595519,27.741255,143.793403418794,89.3438446409639,0,0,-2147383264,0,0,0,7,11.5,0.3,9999.99,manga-apogee2,16,2,214.0283,0,0,5.6785,0.03189063,0.02917796,6232.075,4.500029,-0.2128184,0,0,20.7578,17.59879,0,1,3961931997111093760,3.309283,0.0191052,-23.20302,0.0185299,17.31052,0.0192131,11.0698,11.3502,10.6285,5.41674,0.462245,298.6255,296.7317,300.5639,298.9029,296.9581,300.3919,15034190944536,2M12502292+2744285,apo25m.014+89_MGA.2M12502292+2744285,apogee.apo25m.stars.014+89_MGA.2M12502292+2744285,apogee.apo25m.synspec.014+89_MGA.2M12502292+2744285,6012.17,34.86333,0,6138.1,4.198283,0.02241541,0,4.2529,1.002712,0,4.006545,0.092079,0.005131621,0,-0.0241407,0.008466094,0,2.70963,Fd_a,0,0.009981368,0.05296779,0.04272025,6138.1,4.2529,0.0011761,0.092079,-0.047774,0.29632,-0.027786,-0.047774,0,0.29632,32,-0.077731,0.04288077,0,-0.050397,0.03490324,0,0.060456,0.05742938,32,0.1070699,0.09344359,0,-0.0686864,0.143739,0,-0.0245955,0.01278651,0,0.148994,0.01607419,0,0.0765538,0.01419791,0,-9999,0.1241045,2,-0.1057705,0.04618001,0,-0.0452701,0.04209026,0,4.000962E-06,0.01272328,0,-0.306654,0.08165193,0,-9999,-9999,64,0.07755855,0.1514856,0,-0.0952737,0.06418602,0,0.01416451,0.0118413,0,0.094702,0.005562086,0,-9999,-9999,64,0.07400801,0.01147928,0,-9999,0.05842138,2,-9999,-9999,2,-0.075108,0.0111108,-0.047774,0.01082312,0.063079,0.05719965,0.105,0.003278872,-0.052448,0.002026006,-0.089261,0.003636207,0.23127,0.001799333,0.0060338,0.003462225,-0.2018,0.002177545,-0.07608,0.003612478,-0.045391,0.002019406,0.071911,0.003339162,-0.2571,0.003979573,-0.013023,0.003498428,0.20713,0.001815709,0.16197,0.001848324,-0.043816,0.00201792,0.094702,0.001900395,0.095803,0.001899526,0.16636,0.00184502,-0.45591,0.002470223,-9999,-9999,-0.0042372,0.001982574,0.03804,0.001947049,-9999,-9999,0.03804,0.001947049
apogee.apo25m.stars.049+90_MGA.2M12502847+2613140,apo25m.049+90_MGA.2M12502847+2613140,none,apStar-dr17-2M12502847+2613140.fits,2M12502847+2613140,apo25m,2701,049+90_MGA,192.618628,26.220558,289.538160937201,89.0670276746446,0,0,-2147481568,0,0,0,7,11.5,-9999.99,9999.99,manga-apogee2,0,4,427.8673,0,0,-2.21393,0.02819481,0.03050292,6255.583,4.314104,-0.4169165,0,0,21.44407,17.34579,0,1,3961486969779725440,3.252718,0.0231432,8.502214,0.0197808,-48.24016,0.0246849,10.2233,10.5076,9.77395,-1.87291,0.413151,304.8963,302.6444,307.4186,304.5308,302.6119,306.4179,15032746125425,2M12502847+2613140,apo25m.014+89_MGA.2M12502847+2613140,apogee.apo25m.stars.014+89_MGA.2M12502847+2613140,apogee.apo25m.synspec.014+89_MGA.2M12502847+2613140,5900.364,33.40211,0,5990.5,3.895304,0.02414143,0,3.8686,1.419057,0,4.2376,-0.14048,0.005763741,0,0.0010673,0.00846326,0,2.064334,Fd_d,0,0.01357466,0.05350013,0.03939313,5990.5,3.8686,0.152,-0.14048,-0.024618,0.0885,-0.002578,-0.024618,0,0.0885,32,-0.05881201,0.04369604,0,-0.008037999,0.03508556,0,-0.14831,0.07531415,288,0.1252629,0.08113876,0,0.03450359,0.1653194,0,0.006092504,0.01288088,0,0.143204,0.014859,0,0.091124,0.01347773,0,-9999,0.1173293,2,-0.0712775,0.04769667,0,-0.01364711,0.04101993,0,0.005243003,0.01328083,0,-9999,-9999,1,-9999,-9999,64,0.1214375,0.1387174,0,-0.2091117,0.06827345,0,-0.001407489,0.0144092,0,-0.14171,0.006227272,0,-9999,-9999,64,0.02025,0.01246392,0,-9999,0.0871053,2,-9999,-9999,2,-0.060042,0.009590933,-0.009268,0.009153633,-0.14954,0.07509328,0.11934,0.002978993,-0.18567,0.001765644,-0.062426,0.00330545,-0.010932,0.001614899,0.016751,0.003161139,-0.33432,0.001912407,-0.04544,0.003275057,-0.25018,0.001825787,0.073297,0.003058644,-0.74254,0.004798021,-0.15232,0.003472175,0.014597,0.00159587,-0.18828,0.001768078,-0.2958,0.001871336,-0.14171,0.001724935,-0.030523,0.001630123,-0.12381,0.001708713,-0.66431,0.002299304,-9999,-9999,-0.25085,0.001826445,-0.013956,0.001617189,-9999,-9999,-0.013956,0.001617189
apogee.apo25m.stars.319+88_MGA.2M12503566+2636160,apo25m.319+88_MGA.2M12503566+2636160,none,apStar-dr17-2M12503566+2636160.fits,2M12503566+2636160,apo25m,2647,319+88_MGA,192.648589,26.60445,283.128044243686,89.4433242828959,0,0,-2147383264,0,0,0,7,11.5,0.3,9999.99,manga-apogee2,16,1,208.354,0,0,-20.65078,0,0.03183787,6101.725,4.327343,-0.2367798,0,0,21.72092,17.86385,0,1,3961560911936677504,3.197253,0.0278607,-20.61757,0.030119,3.992315,0.0304641,11.3493,11.64,10.8957,-21.03,0.665643,308.0173,305.2502,311.2061,307.9925,305.0815,310.3753,15032758677865,2M12503566+2636160,apo25m.014+89_MGA.2M12503566+2636160,apogee.apo25m.stars.014+89_MGA.2M12503566+2636160,apogee.apo25m.synspec.014+89_MGA.2M12503566+2636160,5943.707,32.08836,0,6051.6,4.247267,0.02174034,0,4.319,1.107868,0,4.053592,-0.0035102,0.005063608,0,-0.0022752,0.007806981,0,3.973196,Fd_b,0,0.01277615,0.06015438,0.04724514,6051.6,4.319,0.044488,-0.0035102,-0.008636,0.28484,-0.0059205,-0.008636,0,0.28484,32,-0.0216223,0.03954992,0,0.0016076,0.03225291,0,0.0437247,0.04705678,32,0.00455711,0.07795324,0,0.2219635,0.1403154,0,0.0196722,0.01203865,0,0.1704859,0.0141593,0,0.0690525,0.0127656,0,-9999,0.1093886,2,-0.0462718,0.04343497,0,-0.1035772,0.03864377,0,0.0539657,0.01184388,0,-0.1935813,0.07383744,0,-9999,-9999,64,0.04343145,0.1297271,0,-0.01713181,0.05996703,0,0.05932441,0.01194474,0,-0.0039999,0.005465342,0,-9999,-9999,64,0.0906859,0.01087402,0,-9999,0.06581753,2,-9999,-9999,2,-0.022112,0.009676311,0.0011179,0.009450079,0.043235,0.04678354,-0.00062549,0.002962364,0.1395,0.001585907,-0.048106,0.003026912,0.15406,0.001576896,-0.0045802,0.002967945,0.28126,0.001505656,-0.019694,0.002988695,-0.2024,0.001847701,0.12276,0.002790932,-0.14714,0.003163858,-0.14697,0.003163542,0.074301,0.001628005,0.14141,0.001584708,-0.097358,0.001755819,-0.0039999,0.001681696,-0.039377,0.00170842,0.084336,0.001621388,0.60158,0.001381376,-9999,-9999,0.12151,0.001597248,0.05184,0.001643046,-9999,-9999,0.05184,0.001643046
apogee.apo25m.stars.010+60.2M14413156+1321098,apo25m.010+60.2M14413156+1321098,none,apStar-dr17-2M14413156+1321098.fits,2M14413156+1321098,apo25m,4493,010+60,220.381519,13.352747,10.2490421350754,60.8375999743779,-2147483584,-2147483136,0,0,0,0,-9999.99,9999.99,-9999.99,9999.99,apogee,5,4,228.4346,0,0,-14.62362,0.04474787,0.0371039,6142.931,4.515183,-0.3336507,0,0,22.65626,18.46646,0,1,1179584081760580992,2.777314,0.0254377,11.56419,0.0268566,-31.15027,0.022919,11.667,11.9608,11.2092,-14.9646,1.04846,353.8253,351.3387,357.2126,353.8695,351.2713,355.9659,15246826587783,2M14413156+1321098,apo25m.010+60.2M14413156+1321098,apogee.apo25m.stars.010+60.2M14413156+1321098,apogee.apo25m.synspec.010+60.2M14413156+1321098,5929.924,31.0246,0,6034.2,4.222588,0.02116497,0,4.2739,0.8126172,0,4.823697,-0.022575,0.004933176,0,0.012841,0.007491907,0,2.434221,Fd_b,0,0,0.0006654246,0.0006654246,6034.2,4.2739,-0.090114,-0.022575,0.023518,0.23346,0.0091957,0.023518,0,0.23346,32,0.003183201,0.03798793,0,0.035948,0.03090119,0,0.135706,0.0371071,32,0.1612589,0.07284091,0,-0.0783654,0.1363625,0,0.0325945,0.01163098,0,0.131389,0.01333147,0,0.0744524,0.01214068,0,-9999,0.1033865,2,0.0234175,0.04175942,0,0.0419929,0.03712384,0,-0.06985904,0.01132134,0,-0.296035,0.07070433,0,-9999,-9999,64,0.06444355,0.1213962,0,-0.1757427,0.05747033,0,0.06855351,0.01165189,0,-0.021761,0.005315251,0,-9999,-9999,64,0.046957,0.01041841,0,-9999,0.06643955,2,-9999,-9999,2,0.0039972,0.008720551,0.036762,0.008451982,0.13652,0.03677771,0.15738,0.002640303,-0.17859,0.001722295,-0.03388,0.002918767,0.097202,0.001518881,0.0021234,0.002865135,-0.1415,0.001691124,0.051299,0.002791129,-0.074591,0.001636826,0.00023896,0.002867996,-0.24829,0.003279939,-0.053797,0.002947864,0.077552,0.001531176,-0.034962,0.001606611,-0.10589,0.001661806,-0.021761,0.001596966,-0.087586,0.001647088,0.022846,0.001566397,-0.32644,0.001854562,-9999,-9999,-0.21395,0.00175217,0.12205,0.001503662,-9999,-9999,0.12205,0.001503662
apogee.apo25m.stars.010+60.2M14432902+1318045,apo25m.010+60.2M14432902+1318045,none,apStar-dr17-2M14432902+1318045.fits,2M14432902+1318045,apo25m,4493,010+60,220.870958,13.301274,10.6792435675879,60.4075586712054,-2147481456,0,0,0,0,0,7,12.2,0.5,9999.99,apogee,0,4,327.7906,0,0,-40.85543,0.1070955,0.02634623,5281.811,3.727885,-0.4525361,0,0,21.24143,17.65763,0,1,1184822597536932096,1.356751,0.0270016,-5.858641,0.0265074,2.53213,0.0259292,11.6939,12.1445,11.0762,-40.8908,0.832063,714.2855,700.6936,726.5643,710.502,696.6287,730.1684,15246846872729,2M14432902+1318045,apo25m.010+60.2M14432902+1318045,apogee.apo25m.stars.010+60.2M14432902+1318045,apogee.apo25m.synspec.010+60.2M14432902+1318045,5023.054,10.39308,0,4971.6,3.26474,0.02491824,33554432,3.2749,1.015461,0,3.089015,-0.28527,0.006336833,0,0.060063,0.006612228,0,2.788688,GKd_b,0,0,0,0,4971.6,3.2749,0.0066633,-0.28527,-0.011226,0.12372,0.033388,-0.011226,0,0.12372,0,-0.02044001,0.01677393,0,-0.02315101,0.02696609,0,0.1189,0.02011779,0,0.140256,0.02492722,0,-0.193148,0.07858744,0,0.086054,0.01211367,0,0.093679,0.0187814,0,0.02431959,0.01439373,0,-9999,0.1535739,2,0.102782,0.03782336,0,0.09131901,0.03896191,0,0.072137,0.01500483,0,0.03856917,0.02361911,0,-0.145931,0.09351804,0,-0.03004801,0.1014475,0,0.004063994,0.0472327,0,-0.05881801,0.01579414,0,-0.28709,0.007160086,0,0.21363,0.07107054,0,0.0731225,0.01255136,0,-9999,0.006437843,2,-0.19654,0.08690605,2,-0.02226,0.002918527,-0.024971,0.002938622,0.11708,0.003556825,0.081773,0.002115183,-0.49964,0.001476753,0.020711,0.002115325,-0.052092,0.001321628,0.027899,0.002116105,-0.51922,0.001485463,0.07718,0.002115609,-0.26553,0.001387047,0.088322,0.002114639,0.037176,0.002116814,-0.106,0.002081778,-0.3621,0.001421408,-0.28544,0.001393736,-0.46281,0.00146113,-0.28709,0.001394274,-0.12153,0.001342386,-0.25736,0.001384413,0.62739,0.001141666,-9999,-9999,-0.42797,0.001447101,-0.034652,0.00131651,-9999,-9999,-0.034652,0.00131651
apogee.apo25m.stars.010+60.2M14453099+1142124,apo25m.010+60.2M14453099+1142124,none,apStar-dr17-2M14453099+1142124.fits,2M14453099+1142124,apo25m,4493,010+60,221.379139,11.703455,8.56132765220657,59.1182915277139,-2147481440,0,0,0,0,0,7,12.2,0.5,9999.99,apogee,0,4,313.2343,0,0,-71.5762,0.04426683,0.0260214,5369.864,3.785783,-0.3055342,0,0,20.55139,17.56306,0,1,1178415266540437248,1.453839,0.019248,-6.190386,0.0179561,6.117607,0.0189244,11.497,11.9418,10.8837,-71.355,0.90142,670.2092,661.4208,678.4509,669.4735,661.5209,678.7985,15198259543859,2M14453099+1142124,apo25m.010+60.2M14453099+1142124,apogee.apo25m.stars.010+60.2M14453099+1142124,apogee.apo25m.synspec.010+60.2M14453099+1142124,5071.601,10.4748,0,5037.3,3.257989,0.02367266,16777216,3.3181,1.206963,0,3.2643,-0.16485,0.005987367,0,0.043499,0.006132409,0,3.74576,GKd_c,0,0,0.0009315943,0,5037.3,3.3181,0.081694,-0.16485,-0.041686,0.10636,0.016824,-0.041686,0,0.10636,0,-0.050511,0.01571292,0,-0.063529,0.0254278,0,0.10378,0.01914331,0,0.10337,0.02481791,0,-0.389228,0.07222195,0,0.042375,0.01135765,0,0.03805898,0.01825399,0,0.03025261,0.01373504,0,-9999,0.1472075,2,0.042302,0.0341471,0,0.054399,0.03687466,0,0.068052,0.01390078,0,-0.06195883,0.02283105,0,-0.071069,0.0921635,0,0.03566198,0.0984108,0,-0.01455601,0.0434627,0,-0.029238,0.0146139,0,-0.16328,0.006830374,0,0.01305999,0.06895457,0,0.02122249,0.01166812,0,-9999,0.004658757,258,-0.16171,0.09047413,2,-0.048941,0.002912404,-0.061959,0.003012806,0.10535,0.003349478,0.048277,0.002047169,-0.57191,0.001481486,-0.019578,0.002056259,0.016098,0.001272399,0.037222,0.002049707,-0.0015261,0.001277184,0.02009,0.002052876,-0.17864,0.001328759,0.087627,0.002035633,-0.059962,0.002054653,-0.027748,0.002056332,-0.17258,0.001327027,-0.18025,0.00132921,-0.30942,0.001369672,-0.16328,0.001324387,-0.19829,0.001334391,-0.18545,0.001330714,0.76133,0.001127298,-9999,-9999,-0.26933,0.001355433,-0.022662,0.00128316,-9999,-9999,-0.022662,0.00128316
apogee.apo25m.stars.010+60.2M14454556+1156233,apo25m.010+60.2M14454556+1156233,none,apStar-dr17-2M14454556+1156233.fits,2M14454556+1156233,apo25m,4493,010+60,221.439874,11.939813,9.00859672787118,59.2009015262554,-2147483584,-2147483136,0,0,0,0,-9999.99,9999.99,-9999.99,9999.99,apogee,5,4,930.4243,0,0,18.39031,0.1405901,0.02663192,6228.723,4.373121,-0.6525049,0,0,22.14299,18.23289,0,1,1178429182234510976,10.34929,0.0250849,-7.976546,0.02065,27.27682,0.0205335,8.52443,8.76873,8.11298,17.7834,0.206252,96.27861,96.07061,96.5895,96.24371,96.00008,96.49718,15198232567305,2M14454556+1156233,apo25m.010+60.2M14454556+1156233,apogee.apo25m.stars.010+60.2M14454556+1156233,apogee.apo25m.synspec.010+60.2M14454556+1156233,6146.677,41.91336,0,6264.2,4.219025,0.02649274,0,4.2106,0.8849057,0,5.093778,-0.249,0.005837556,0,0.01332,0.009997892,0,1.524333,Fd_c,0,0,0,0,6264.2,4.2106,-0.053103,-0.249,0.039953,0.10685,0.0096747,0.039953,0,0.10685,32,0.008605897,0.05961499,0,0.05107599,0.03857308,0,-0.43411,0.7936398,288,0.1266329,0.1239396,0,0.5336236,0.2204635,0,-0.01446751,0.01308984,0,0.118826,0.01410245,0,0.115123,0.01372039,0,-9999,0.1447841,2,0.04227349,0.04859456,0,0.0100029,0.04740383,0,-0.036989,0.01426115,0,-0.6958611,0.1022495,256,-9999,-9999,64,-0.08601943,0.178591,0,-0.0983617,0.08491713,0,-0.01330748,0.01563446,0,-0.25063,0.006331204,0,-9999,-9999,64,0.001569986,0.01301815,0,-9999,0.1132284,2,-9999,-9999,2,0.0069759,0.009552539,0.049446,0.009202391,-0.43574,0.7936183,0.12031,0.003233883,0.20453,0.001542239,-0.083386,0.003641428,-0.14423,0.001860914,0.04035,0.003388657,-0.33067,0.002079759,0.067711,0.003333917,-0.33545,0.002085929,0.030665,0.003408225,-0.65056,0.005111751,-0.15931,0.003802762,-0.30178,0.00204311,-0.18645,0.001908114,-0.41662,0.002193376,-0.25063,0.001981313,0.1128,0.001614063,-0.25141,0.001982221,-0.7088,0.002591795,-9999,-9999,-0.98231,0.002942516,-0.12273,0.001837417,-9999,-9999,-0.12273,0.001837417
apogee.apo25m.stars.010+60.2M14462852+1257375,apo25m.010+60.2M14462852+1257375,none,apStar-dr17-2M14462852+1257375.fits,2M14462852+1257375,apo25m,4493,010+60,221.618848,12.960418,10.8779885355817,59.6095716464545,-2147483584,-2147483136,0,0,0,0,-9999.99,9999.99,-9999.99,9999.99,apogee,5,4,329.7655,0,0,-28.65267,0.07117986,0.05844907,6203.549,4.372719,-0.9242033,0,0,35.0585,18.11206,0,1,1184742371842795136,3.117054,0.0168517,-16.11074,0.0201489,8.157033,0.0168534,10.7347,10.9471,10.375,-26.7345,1.02628,318.2503,316.5551,320.2502,318.5529,316.8613,320.0292,15244711689540,2M14462852+1257375,apo25m.010+60.2M14462852+1257375,apogee.apo25m.stars.010+60.2M14462852+1257375,apogee.apo25m.synspec.010+60.2M14462852+1257375,6304.955,47.18035,0,6446.7,4.07476,0.02686891,0,4.008,1.498477,0,17.24646,-0.23883,0.005742561,32,0.0203663,0.01072818,0,1.422263,Fd_b,0,0,0,0,6446.7,4.008,0.17565,-0.23883,0.0013894,0.075856,0.016721,0.0013894,0,0.075856,32,0.025638,0.06862757,0,0.047566,0.03980537,0,-0.32881,1.063782,288,0.2079529,0.1574109,0,-0.6338364,0.2421486,0,0.005141497,0.01304528,0,0.06191601,0.01374196,0,0.124498,0.01384738,0,-9999,0.160806,2,0.0278475,0.04783277,0,-0.1141571,0.05071852,0,0.014204,0.01440721,0,0.152449,0.1167454,0,-9999,-9999,65,-0.2637094,0.2040466,0,-0.9118317,0.09171207,0,-0.0967575,0.01517362,0,-0.24201,0.006092766,0,-9999,-9999,64,-0.06308001,0.012754,0,-9999,0.1146857,2,-9999,-9999,2,0.022458,0.01047903,0.044386,0.01028008,-0.33199,1.063767,0.20008,0.003894868,-0.95431,0.003767094,-0.065327,0.004579192,-0.19252,0.002579632,0.048175,0.004273523,0.13571,0.002118655,0.051735,0.004264153,-0.45099,0.002998466,0.080308,0.004190943,0.1962,0.003904229,-0.7494,0.005682253,-0.47085,0.003031221,-0.9913,0.003813922,-0.49145,0.00306498,-0.24201,0.002656915,0.24158,0.001996647,-0.30744,0.00276067,-0.32964,0.002796712,-9999,-9999,-0.18254,0.002564137,-0.013969,0.002314692,-9999,-9999,-0.013969,0.002314692
apogee.apo25m.stars.010+60.2M14462903+1258587,apo25m.010+60.2M14462903+1258587,none,apStar-dr17-2M14462903+1258587.fits,2M14462903+1258587,apo25m,4493,010+60,221.620962,12.982999,10.917950475686,59.6198463170006,-2147483584,-2147483136,0,0,0,0,-9999.99,9999.99,-9999.99,9999.99,apogee,5,4,203.7598,0,0,-0.551579,0.1129616,0.06499982,6225.475,4.320563,-0.8558816,0,0,27.25624,17.94153,0,1,1184743918031022976,1.880474,0.0146705,-9.906702,0.0181601,6.871883,0.0154005,11.7574,11.9862,11.3768,-2.3113,1.83281,516.2906,512.7922,519.9437,517.2869,513.6954,521.2141,15244711364496,2M14462903+1258587,apo25m.010+60.2M14462903+1258587,apogee.apo25m.stars.010+60.2M14462903+1258587,apogee.apo25m.synspec.010+60.2M14462903+1258587,6226.53,46.4467,0,6350.1,4.018075,0.02843348,0,3.9723,1.384809,0,12.11156,-0.31834,0.006130046,0,0.0520103,0.01099492,0,2.073958,Fd_b,0,0,0.001463934,0.001463934,6350.1,3.9723,0.14139,-0.31834,0.091342,0.22601,0.048365,0.091342,0,0.22601,32,0.084429,0.06935066,0,0.10874,0.04142029,0,0.80046,0.07557034,32,0.2489629,0.1489773,0,-0.8664964,0.2577806,0,0.0285365,0.01357199,0,0.08445601,0.0143205,0,0.128007,0.01425803,0,-9999,0.1620664,2,0.0996725,0.05086551,0,0.06451289,0.05141152,0,-0.06620398,0.01533156,0,0.101699,0.1158626,0,-9999,-9999,64,0.1523106,0.203445,0,0.0414483,0.09642962,0,-0.1175675,0.01708454,0,-0.31134,0.006663243,0,-9999,-9999,64,-0.03360999,0.01392552,0,-9999,0.133702,2,-9999,-9999,2,0.091429,0.01122453,0.11574,0.01099227,0.80746,0.07532131,0.25127,0.003734568,-1.2563,0.003941827,-0.031752,0.004413842,-0.23931,0.002503318,0.061864,0.00417133,-0.22469,0.002481995,0.13374,0.003999375,-0.34165,0.00265953,0.01008,0.004303603,0.15563,0.003949304,0.024118,0.0042672,-0.12416,0.002337242,-0.10735,0.002313698,-0.58159,0.00304713,-0.31134,0.002611877,0.070133,0.002088564,-0.3473,0.002668558,-0.74138,0.003302878,-9999,-9999,-0.7445,0.003307869,-0.34109,0.002658646,-9999,-9999,-0.34109,0.002658646
apogee.apo25m.stars.010+60.2M14462917+1150501,apo25m.010+60.2M14462917+1150501,none,apStar-dr17-2M14462917+1150501.fits,2M14462917+1150501,apo25m,4493,010+60,221.621547,11.847263,9.0510439755261,59.0016693711139,-2147483584,-2147483136,0,0,0,0,-9999.99,9999.99,-9999.99,9999.99,apogee,5,4,358.5133,0,0,-15.53934,0.1064034,0.03276738,6173.112,4.499645,-0.4871705,0,0,22.56153,18.56009,0,1,1178424131352958592,4.807077,0.0257896,-24.62126,0.0250975,-16.91802,0.0205511,10.6339,10.9045,10.203,-14.6352,1.31973,206.6196,205.5458,207.6192,206.7449,205.6501,207.7422,15198265075348,2M14462917+1150501,apo25m.010+60.2M14462917+1150501,apogee.apo25m.stars.010+60.2M14462917+1150501,apogee.apo25m.synspec.010+60.2M14462917+1150501,6061.012,35.99172,0,6178.1,4.277102,0.02307359,0,4.3192,0.9516056,0,5.789086,-0.1016,0.005174765,0,-0.0102417,0.008517047,0,2.156453,Fd_c,0,0.0006654246,0.001463934,0.0006654246,6178.1,4.3192,-0.021543,-0.1016,-0.017938,0.18707,-0.013887,-0.017938,0,0.18707,32,-0.03726699,0.04685621,0,-0.018108,0.03383894,0,-0.049569,0.08515209,288,-0.0384561,0.09561127,0,-0.5860234,0.1675136,0,-0.02986949,0.01210944,0,0.036376,0.01349121,0,0.06993865,0.01271447,0,-9999,0.1209809,2,-0.0351524,0.0438928,0,0.002465896,0.04149187,0,-0.045669,0.01233262,0,-0.686348,0.08446586,256,-9999,-9999,64,-0.03802644,0.1459816,0,-0.3254687,0.06794588,0,-0.008884482,0.01284001,0,-0.098413,0.005593199,0,-9999,-9999,64,-0.007237002,0.01122183,0,-9999,0.08100222,2,-9999,-9999,2,-0.03408,0.009047983,-0.014921,0.008888981,-0.046382,0.0849947,-0.039962,0.003141242,-0.7629,0.002464082,-0.093971,0.00323017,-0.074463,0.001677915,-1.7345E-05,0.003073792,-0.22002,0.001820687,-0.0048979,0.003082191,-0.19077,0.001791424,0.026802,0.003028168,-0.63623,0.004431478,-0.30712,0.003660464,-0.10157,0.001703232,-0.26134,0.001862606,-0.25998,0.001861182,-0.098413,0.001700235,-0.034536,0.001642711,-0.108,0.001709386,-0.60532,0.002269604,-9999,-9999,-0.093612,0.001695671,0.013086,0.001604026,-9999,-9999,0.013086,0.001604026
apogee.apo25m.stars.010+60.2M14463425+1344593,apo25m.010+60.2M14463425+1344593,none,apStar-dr17-2M14463425+1344593.fits,2M14463425+1344593,apo25m,4493,010+60,221.642749,13.749832,12.239303017354,60.0032993314443,-2147483584,-2147483136,0,0,0,0,-9999.99,9999.99,-9999.99,9999.99,apogee,5,4,509.9751,0,0,-26.5283,0.03260163,0.02690591,6243.383,4.525225,-0.2629837,0,0,22.86035,18.27637,0,1,1184957188927060224,5.447978,0.013836,-13.87904,0.0145476,-5.596666,0.0132444,9.7842,10.0689,9.3334,-26.3325,0.874966,182.4752,182.0345,183.0227,182.5866,182.1097,182.9248,15244585324016,2M14463425+1344593,apo25m.010+60.2M14463425+1344593,apogee.apo25m.stars.010+60.2M14463425+1344593,apogee.apo25m.synspec.010+60.2M14463425+1344593,5991.3,30.82265,0,6112.5,4.169663,0.0196927,0,4.2226,0.9899948,0,5.929254,0.072217,0.004461569,0,-0.0156287,0.00716055,0,2.112419,Fd_b,0,0,0,0,6112.5,4.2226,-0.0043671,0.072217,-0.032153,0.30875,-0.019274,-0.032153,0,0.30875,32,-0.03608599,0.036353,0,-0.010754,0.02921849,0,0.141119,0.03981213,32,0.07548589,0.07394358,0,-0.1871044,0.1238008,0,-0.04258249,0.01105565,0,0.127908,0.01274872,0,0.08705501,0.0116604,0,-9999,0.1001038,2,-0.03082229,0.03886246,0,0.002364904,0.03598343,0,-0.006782994,0.01042402,0,-0.427672,0.06932566,0,-9999,-9999,320,-0.04131244,0.1183668,0,-0.1881737,0.05316491,0,0.05276252,0.01014774,0,0.070048,0.004805258,0,-9999,-9999,64,0.04212201,0.009400964,0,-9999,0.05494674,2,-9999,-9999,2,-0.038255,0.007749064,-0.012923,0.007552549,0.13895,0.03956135,0.068624,0.002623452,-0.19552,0.001729451,-0.11204,0.002912611,0.18553,0.001453547,0.011743,0.002714498,-0.0028625,0.001576039,-0.0059238,0.002743101,-0.02241,0.001589874,0.060332,0.002636513,-0.38291,0.003420819,-0.54454,0.003771605,0.063605,0.001530621,0.044416,0.001543632,-0.029872,0.001595337,0.070048,0.00152627,0.0038271,0.001571432,0.10982,0.001500233,-0.27523,0.001797137,-9999,-9999,0.049877,0.001539903,0.24979,0.001417709,-9999,-9999,0.24979,0.001417709
apogee.apo25m.stars.010+60.2M14472066+1339160,apo25m.010+60.2M14472066+1339160,none,apStar-dr17-2M14472066+1339160.fits,2M14472066+1339160,apo25m,4493,010+60,221.836101,13.654452,12.2692942373788,59.7931605595155,-2147483584,-2147483136,0,0,0,0,-9999.99,9999.99,-9999.99,9999.99,apogee,5,4,619.1342,0,0,-14.67447,0.05880734,0.02528879,6344.432,4.523543,-0.2404188,0,0,22.90418,18.05503,0,1,1184941035554706176,6.648474,0.0210164,-28.06345,0.0195257,-8.888099,0.0197283,9.29018,9.55262,8.86491,-9999,-9999,149.7838,149.2862,150.2329,149.7224,149.3061,150.2017,15244593928580,2M14472066+1339160,apo25m.010+60.2M14472066+1339160,apogee.apo25m.stars.010+60.2M14472066+1339160,apogee.apo25m.synspec.010+60.2M14472066+1339160,6142.281,33.32356,0,6291.6,4.191633,0.01895497,0,4.2492,1.265406,0,6.07715,0.14239,0.004056383,0,-0.0278277,0.007297477,0,2.071143,Fd_b,0,0,0,0,6291.6,4.2492,0.10223,0.14239,-0.046954,0.43553,-0.031473,-0.046954,0,0.43553,32,-0.104,0.03891358,0,-0.023195,0.02876452,0,0.2624,0.04588523,32,0.05778989,0.08819082,0,-0.2561364,0.1239183,0,-0.06428149,0.01064802,0,0.115666,0.01215405,0,0.07234895,0.01141855,0,-9999,0.1053992,2,-0.0708485,0.03663412,0,-0.0186641,0.0369408,0,-0.084472,0.009906248,0,-0.296481,0.07502934,0,-9999,-9999,65,0.02690056,0.1276997,0,-0.2091937,0.05325681,0,0.03623052,0.009065092,0,0.14227,0.00437479,0,-9999,-9999,64,0.01109001,0.008655079,0,-9999,0.04885414,2,-9999,-9999,2,-0.10412,0.007722953,-0.023315,0.00718742,0.26228,0.04570558,0.052977,0.00268069,-0.19233,0.001819973,-0.13169,0.00299371,0.24551,0.001474212,-0.00091404,0.002771768,0.013438,0.001640366,-0.043901,0.002845119,0.028783,0.00162865,-0.015308,0.002796319,-0.24967,0.003214654,-0.72822,0.004243701,0.20404,0.0015006,0.095618,0.001577752,0.025818,0.00163092,0.14227,0.001543211,0.13596,0.001547773,0.15101,0.001536945,-0.39813,0.002016061,-9999,-9999,0.48688,0.001341193,0.36293,0.001404493,-9999,-9999,0.36293,0.001404493
apogee.apo25m.stars.053+33_MGA.2M17140629+3059273,apo25m.053+33_MGA.2M17140629+3059273,none,apStar-dr17-2M17140629+3059273.fits,2M17140629+3059273,apo25m,2387,053+33_MGA,258.526218,30.990931,53.7627718980682,33.3089917261873,0,0,-2147483584,-2147483136,0,0,-9999.99,9999.99,-9999.99,9999.99,manga-apogee2,5,4,584.1563,0,0,-25.20533,0.1582981,0.02849643,6200.26,4.448242,-0.4923899,0,0,22.6098,18.01052,0,1,1333190254208507904,7.775406,0.0111271,35.05853,0.0117733,-23.8952,0.0108865,9.37498,9.63082,8.95572,-24.8345,0.47806,128.2983,128.1532,128.458,128.3613,128.1511,128.5304,14428610238976,2M17140629+3059273,apo25m.053+33_MGA.2M17140629+3059273,apogee.apo25m.stars.053+33_MGA.2M17140629+3059273,apogee.apo25m.synspec.053+33_MGA.2M17140629+3059273,6172.496,38.19164,0,6310.1,4.299234,0.02248934,0,4.3882,0.9463395,0,3.995765,-0.052767,0.004836895,0,-0.0154397,0.008657617,0,2.515012,Fd_a,0,0.0001330849,0.001730104,0.001597019,6310.1,4.3882,-0.023953,-0.052767,-0.051142,0.44387,-0.019085,-0.051142,0,0.44387,32,-0.065107,0.04944244,0,-0.043001,0.03352349,0,0.026846,0.1190227,32,0.1294379,0.1091821,0,-0.0542644,0.1683647,0,-0.0176815,0.01178395,0,0.107173,0.01303847,0,0.070282,0.01251992,0,-9999,0.125976,2,-0.0472595,0.04210985,0,0.1136549,0.04238401,0,-0.018091,0.01191261,0,-0.754536,0.0897548,256,-9999,-9999,320,0.03349556,0.1547863,0,-0.2935497,0.06827361,0,-0.1583555,0.01186292,0,-0.052512,0.005233467,0,-9999,-9999,64,0.043468,0.01059025,0,-9999,0.07474591,2,-9999,-9999,2,-0.064852,0.008617541,-0.042746,0.008442926,0.027101,0.1189243,0.125,0.002812757,-0.18524,0.001826664,-0.084715,0.003158971,0.042235,0.001610621,-0.002606,0.003023144,-0.014564,0.001658523,-0.019937,0.003052229,-0.03368,0.001675381,0.051448,0.002932371,-0.70735,0.004560044,-0.5454,0.004157162,0.015853,0.00163282,-0.18352,0.001824856,-0.36355,0.0020224,-0.052512,0.001692631,-0.40203,0.002068284,-0.011394,0.001655808,-0.60251,0.002303172,-9999,-9999,-0.10511,0.001743904,0.13776,0.001532286,-9999,-9999,0.13776,0.001532286
apogee.apo25m.stars.053+33_MGA.2M17172356+2933108,apo25m.053+33_MGA.2M17172356+2933108,none,apStar-dr17-2M17172356+2933108.fits,2M17172356+2933108,apo25m,2387,053+33_MGA,259.348168,29.553007,52.3203108015243,32.2597240768295,0,0,-2147483584,-2147483136,0,0,-9999.99,9999.99,-9999.99,9999.99,manga-apogee2,5,4,349.3713,0,0,2.004618,0.6421286,0.06240075,6453.455,4.054106,-0.9496425,0,0,216.413,15.23488,0,1,4599589127076293504,3.255457,0.0122949,8.889005,0.0113385,3.637432,0.0140637,10.1617,10.3227,9.87437,1.93252,0.951882,305.981,304.8552,307.1474,305.6509,304.5353,306.7674,14428143457080,2M17172356+2933108,apo25m.053+33_MGA.2M17172356+2933108,apogee.apo25m.stars.053+33_MGA.2M17172356+2933108,apogee.apo25m.synspec.053+33_MGA.2M17172356+2933108,6623.221,61.23959,0,6810.4,3.896807,0.02858945,0,3.707,2.368427,0,18.41196,-0.25787,0.006608101,32,0.0336233,0.01275831,0,1.882045,Fd_c,0,0.002129358,0.01397392,0.01104605,6810.4,3.707,0.37446,-0.25787,0.09915,0.14824,0.029978,0.09915,0,0.14824,32,0.08783001,0.09520099,0,0.12748,0.04380361,0,-0.29297,1.072075,288,0.1810929,0.2634205,0,0.9025836,0.3098312,0,-0.02845648,0.01362479,0,-0.195354,0.01324272,0,0.09526502,0.01474157,0,-9999,0.2049895,2,0.06660253,0.0477878,0,-0.0320771,0.05957003,0,-0.08370849,0.01560576,0,-9999,-9999,1,-9999,-9999,64,0.08440056,0.2758162,0,-1.005532,0.1121981,0,-0.2976075,0.01509609,0,-0.23541,0.00585494,0,-9999,-9999,64,-0.06963998,0.01275391,0,-9999,0.128076,2,-9999,-9999,2,0.11029,0.009432126,0.14994,0.009150246,-0.27051,1.072054,0.19886,0.004745419,0.58871,0.001915307,-0.073285,0.00554139,-0.44319,0.003589429,0.044582,0.005184882,-0.15344,0.003046227,0.11613,0.004978755,-0.36231,0.003437877,0.0080355,0.005293581,-0.74896,0.007039105,0.70882,0.003399559,-0.11614,0.002976911,-1.0784,0.004647472,-0.6857,0.004007992,-0.23541,0.003200781,-0.0072649,0.002782247,-0.3074,0.003335116,-0.41441,0.003535675,-9999,-9999,0.049113,0.002684679,-0.25801,0.003243146,-9999,-9999,-0.25801,0.003243146
apogee.apo25m.stars.053+33_MGA.2M17193277+2933382,apo25m.053+33_MGA.2M17193277+2933382,none,apStar-dr17-2M17193277+2933382.fits,2M17193277+2933382,apo25m,2387,053+33_MGA,259.886568,29.560637,52.4745836941772,31.8099540812798,0,0,-2147383264,0,0,0,7,11.5,0.3,9999.99,manga-apogee2,0,3,223.816,0,0,-23.4274,0.07723798,0.03299754,6165.99,4.515023,-0.1851827,0,0,22.08386,18.04539,0,1,4599402244459490944,2.875158,0.0142361,-1.710682,0.0123892,36.75018,0.0145839,11.4966,11.7942,11.0375,-23.106,0.476765,342.3857,340.4888,344.4441,341.8978,340.1064,343.4348,14429488686871,2M17193277+2933382,apo25m.053+33_MGA.2M17193277+2933382,apogee.apo25m.stars.053+33_MGA.2M17193277+2933382,apogee.apo25m.synspec.053+33_MGA.2M17193277+2933382,5890.307,28.25427,0,5997.7,4.153037,0.01918782,0,4.2319,0.9890025,0,3.232734,0.08561,0.004494881,0,-0.0111247,0.006737712,0,3.73835,Fd_b,0,0.005057226,0.03247272,0.02701624,5997.7,4.2319,-0.0048026,0.08561,-0.047353,0.34452,-0.01477,-0.047353,0,0.34452,32,-0.096035,0.03256238,0,-0.06909,0.02822841,0,0.276028,0.02058428,0,0.08332089,0.062447,0,-0.0214844,0.1132613,0,-0.0224545,0.01098927,0,0.133884,0.01286319,0,0.089927,0.01150542,0,-9999,0.09213642,2,-0.025036,0.03870437,0,0.008656494,0.03403429,0,-0.093574,0.01020178,0,-0.703633,0.06273583,256,-9999,-9999,320,-0.01230145,0.1069035,0,-0.2808547,0.04943736,0,0.06172922,0.01006064,0,0.088912,0.004832616,0,-9999,-9999,64,0.07132801,0.009329135,0,-9999,0.05222459,2,-9999,-9999,2,-0.092733,0.008415046,-0.065788,0.008141192,0.27933,0.01940721,0.08193,0.002591216,-0.011036,0.001579114,-0.086441,0.002827402,0.21037,0.001449,0.020086,0.002679422,-0.10535,0.001646208,0.0053335,0.002700556,0.0027456,0.001570287,-0.020988,0.00273801,-0.6534,0.003854997,-0.67182,0.003889987,0.11148,0.001503429,-0.029401,0.001591414,-0.0020413,0.001573309,0.088912,0.001516806,-0.31022,0.001809889,0.15789,0.001477024,-0.45849,0.001945456,-9999,-9999,0.069228,0.001528725,0.15435,0.001478986,-9999,-9999,0.15435,0.001478986
apogee.apo25m.stars.053+35_MGA.2M17022131+2959265,apo25m.053+35_MGA.2M17022131+2959265,none,apStar-dr17-2M17022131+2959265.fits,2M17022131+2959265,apo25m,2002,053+35_MGA,255.588817,29.990698,51.8543772517626,35.52915774268,0,0,-2147383264,0,0,0,7,11.5,0.3,9999.99,manga-apogee2,0,7,353.2572,0,0,8.631116,0.08446325,0.03346553,6162.706,4.516282,-0.2797432,0,0,21.87498,18.14666,0,1,1309606275251709696,6.137444,0.0112771,-44.61647,0.0101716,-16.82701,0.0131009,10.1705,10.4564,9.7216,8.2042,0.42018,162.4136,162.1298,162.7079,162.4481,162.1783,162.6916,14390312930255,2M17022131+2959265,apo25m.053+35_MGA.2M17022131+2959265,apogee.apo25m.stars.053+35_MGA.2M17022131+2959265,apogee.apo25m.synspec.053+35_MGA.2M17022131+2959265,5933.285,30.51839,0,6040.8,4.296038,0.02058559,0,4.3213,0.8798264,0,4.158149,0.010501,0.004780205,0,-0.0145257,0.007308732,0,2.765413,Fd_c,0,0,0.01117913,0.01117913,6040.8,4.3213,-0.055603,0.010501,-0.020911,0.0072302,-0.018171,-0.020911,0,0.0072302,32,-0.061877,0.03677404,0,-0.006989,0.03017089,0,-0.424216,0.2179767,288,0.1102769,0.07118897,0,0.0788946,0.1302159,0,-0.03354149,0.01142806,0,0.093465,0.01315817,0,0.081303,0.01195448,0,-9999,0.1009183,2,-0.0378112,0.04076556,0,-0.0558641,0.03641313,0,-0.007402003,0.01098172,0,-0.202677,0.06910619,0,-9999,-9999,64,0.1048636,0.1183988,0,-0.2120767,0.05536462,0,0.05247651,0.01112323,0,0.012917,0.00514829,0,-9999,-9999,64,0.024083,0.0100628,0,-9999,0.06193423,2,-9999,-9999,2,-0.059461,0.008635161,-0.004573,0.008184375,-0.4218,0.2179243,0.108,0.002542263,0.013348,0.001474958,-0.098414,0.002830724,0.093956,0.001424605,0.010576,0.002680131,-0.10327,0.001559583,-0.0083277,0.002706972,-0.13777,0.001587262,0.064298,0.002603075,-0.15333,0.002912851,-0.089238,0.002818014,0.15265,0.00139018,-0.036618,0.001509106,-0.087289,0.001547094,0.012917,0.001475263,-0.11832,0.00157156,0.03465,0.001461301,-0.49379,0.001915411,-9999,-9999,-0.023102,0.001499467,-0.013023,0.001492448,-9999,-9999,-0.013023,0.001492448
apogee.apo25m.stars.053+35_MGA.2M17023531+2959050,apo25m.053+35_MGA.2M17023531+2959050,none,apStar-dr17-2M17023531+2959050.fits,2M17023531+2959050,apo25m,2002,053+35_MGA,255.647146,29.984735,51.8618428078477,35.4786507745047,0,0,-2147483584,-2147483136,0,0,-9999.99,9999.99,-9999.99,9999.99,manga-apogee2,5,7,255.2861,0,0,-25.91429,0.5308397,0.1097056,6126.809,4.244491,-1.190578,0,0,50.23416,16.79824,0,1,1309611948905644160,2.88965,0.0124436,3.432589,0.0111472,4.775983,0.0133512,10.8231,11.015,10.4894,-27.0531,0.706184,344.3347,342.6722,345.9073,343.9556,342.2308,345.9201,14390310377602,2M17023531+2959050,apo25m.053+35_MGA.2M17023531+2959050,apogee.apo25m.stars.053+35_MGA.2M17023531+2959050,apogee.apo25m.synspec.053+35_MGA.2M17023531+2959050,6434.96,54.10379,0,6590.9,4.02653,0.02882602,0,3.9549,2.133143,0,27.80994,-0.29926,0.007238025,32,0.0095415,0.01200987,0,3.190436,Fd_c,0,0.002262444,0.01889806,0.01663561,6590.9,3.9549,0.32902,-0.29926,0.038944,0.16204,0.0058962,0.038944,0,0.16204,32,0.007259011,0.08309884,0,0.03917003,0.04318691,0,1.12852,0.07809923,288,0.3404329,0.2031897,0,-9999,-9999,1,-0.02588248,0.0140777,0,-0.04832399,0.01381041,0,0.08977702,0.01496306,0,-9999,0.1852395,2,0.1646525,0.04978254,0,0.04829292,0.05599558,0,0.05480602,0.01599583,0,0.187509,0.1374277,0,-9999,-9999,65,-1.133989,0.2413026,0,-0.6361316,0.1060001,0,-0.4451175,0.01629484,0,-0.28488,0.006300765,0,-9999,-9999,64,0.006710023,0.01347441,0,-9999,0.1343238,2,-9999,-9999,2,0.021639,0.01252877,0.05355,0.01218401,1.1429,0.0777631,0.35012,0.004453426,-2.4971,0.01162583,-0.078791,0.005873755,-0.34563,0.003554997,0.031014,0.0054754,-0.6789,0.004250882,0.2061,0.004895815,-0.33141,0.003524628,0.13847,0.00511703,0.24882,0.004760567,-0.7492,0.007446005,-1.384,0.005574585,-0.75847,0.004400682,-0.88268,0.004640043,-0.28488,0.003426514,-0.57879,0.004050679,-0.28052,0.003417455,-0.79301,0.00447057,-9999,-9999,-0.0014546,0.002856991,-0.018872,0.002888875,-9999,-9999,-0.018872,0.002888875
apogee.apo25m.stars.053+35_MGA.2M17024325+2949109,apo25m.053+35_MGA.2M17024325+2949109,none,apStar-dr17-2M17024325+2949109.fits,2M17024325+2949109,apo25m,2002,053+35_MGA,255.680238,29.819696,51.6733170723691,35.4117776343951,0,0,-2147483584,-2147483136,0,0,-9999.99,9999.99,-9999.99,9999.99,manga-apogee2,5,7,552.0206,0,0,-17.36855,0.09912363,0.0530729,6154.846,4.52011,-0.8076806,0,0,30.90851,18.64539,0,1,1309600232234724096,8.882753,0.0125543,-39.6863,0.0109305,5.462276,0.013932,8.85239,9.0789,8.46505,-18.2023,0.264683,112.315,112.1267,112.4591,112.3009,112.1323,112.4485,14390351326637,2M17024325+2949109,apo25m.053+35_MGA.2M17024325+2949109,apogee.apo25m.stars.053+35_MGA.2M17024325+2949109,apogee.apo25m.synspec.053+35_MGA.2M17024325+2949109,6253.679,43.63179,0,6393.3,4.098377,0.02521553,0,4.2219,1.388641,0,14.44442,-0.17309,0.005325099,0,0.0010811,0.009923315,0,2.141312,Fd_c,0,0,0.001064679,0.001064679,6393.3,4.2219,0.14259,-0.17309,-0.03141,0.83627,-0.0025642,-0.03141,0,0.83627,32,-0.07677999,0.06084869,0,-0.004273504,0.03740868,0,0.58253,0.09240918,32,0.0935079,0.1373534,0,-0.1291964,0.2123156,0,-0.0117805,0.01254656,0,0.039166,0.01349757,0,0.102782,0.01332217,0,-9999,0.1470469,2,0.04733551,0.04572811,0,0.01907291,0.04750192,0,-0.02763399,0.01343128,0,-0.0395256,0.1059624,0,-9999,-9999,64,0.13829,0.1843274,0,0.1167883,0.08242266,0,-0.0847075,0.01391598,0,-0.17828,0.005778828,0,-9999,-9999,65,-0.06858,0.0119465,0,-9999,0.09849047,2,-9999,-9999,2,-0.08197,0.01032812,-0.0094635,0.009619252,0.57734,0.09225562,0.083625,0.003551619,-0.38594,0.002495216,-0.084259,0.003909987,-0.15154,0.002173108,0.024449,0.003675459,0.017645,0.00196652,0.069213,0.00358134,-0.25403,0.002309632,0.03646,0.003650069,0.0022154,0.003723036,0.069359,0.003581061,-0.0051205,0.001992285,0.10105,0.001874326,-0.41567,0.002538444,-0.17828,0.002208574,-2.4948,0.007769105,-0.24921,0.00230315,0.31059,0.001676872,-9999,-9999,-0.76923,0.003036791,0.043363,0.001937627,-9999,-9999,0.043363,0.001937627
apogee.apo25m.stars.014+89_MGA.2M12510256+2710357,apo25m.014+89_MGA.2M12510256+2710357,none,apStar-dr17-2M12510256+2710357.fits,2M12510256+2710357,apo25m,2307,014+89_MGA,192.76067,27.176598,184.168818436902,89.8996823992506,0,0,-2147383264,0,0,0,7,11.5,0.3,9999.99,manga-apogee2,16,1,258.5629,0,0,-10.30757,0,0.02721317,6332.445,4.557741,-0.2540562,0,0,23.37066,17.97142,0,1,3961615062884335232,3.33386,0.0176205,-0.2328112,0.0165225,0.4067919,0.0163052,10.5491,10.8138,10.1269,-9.66272,0.334149,297.3041,295.8531,298.8712,297.6595,296.3153,299.0586,15036388382842,2M12510256+2710357,apo25m.014+89_MGA.2M12510256+2710357,apogee.apo25m.stars.014+89_MGA.2M12510256+2710357,apogee.apo25m.synspec.014+89_MGA.2M12510256+2710357,6119.533,32.68621,0,6265.7,4.208562,0.0188524,0,4.2281,1.18223,0,7.014068,0.14491,0.00406507,0,-0.0303427,0.007200968,0,2.902218,Fd_b,0,0.00758584,0.05283471,0.04458344,6265.7,4.2281,0.072702,0.14491,-0.1088,0.17237,-0.033988,-0.1088,0,0.17237,32,-0.08546101,0.03797462,0,-0.099094,0.02855144,0,-0.21793,0.1186698,288,0.1284129,0.0849256,0,-0.0978404,0.1215479,0,-0.0346315,0.01063555,0,0.154496,0.01218085,0,0.08053009,0.01138534,0,-9999,0.1034898,2,-0.0680365,0.03661355,0,-0.1271861,0.03649176,0,-0.006887004,0.009861261,0,-9999,-9999,1,-9999,-9999,64,0.03291056,0.1248556,0,-0.2666737,0.05242277,0,0.04881252,0.009053773,0,0.145,0.004382449,0,-9999,-9999,64,-0.01423,0.008644623,0,-9999,0.04834968,2,-9999,-9999,2,-0.085371,0.008179792,-0.099004,0.008275083,-0.21784,0.1186002,0.12381,0.002693641,-0.031304,0.001758351,-0.10183,0.003072247,0.28707,0.001520395,0.0074771,0.002886001,0.015973,0.001719389,-0.040879,0.002969545,-0.077009,0.001799055,0.062487,0.0027924,-0.74957,0.003966611,-0.23753,0.003322198,0.21278,0.001568981,0.040868,0.001699294,0.04113,0.001699088,0.145,0.00161756,0.20922,0.001571401,0.12842,0.001630061,0.042868,0.001697645,-9999,-9999,0.1258,0.001632054,0.23839,0.001551934,-9999,-9999,0.23839,0.001551934
apogee.apo25m.stars.319+88_MGA.2M12515048+2538224,apo25m.319+88_MGA.2M12515048+2538224,none,apStar-dr17-2M12515048+2538224.fits,2M12515048+2538224,apo25m,2647,319+88_MGA,192.96036,25.639561,306.426614172801,88.5084646366537,0,0,-2147483584,-2147483136,0,0,-9999.99,9999.99,-9999.99,9999.99,manga-apogee2,5,1,530.0689,0,0,-18.83439,0,0.02265614,6252.071,4.515646,-0.4219412,0,0,22.47906,18.05811,0,1,3958078002697306880,6.534533,0.0188011,1.419431,0.0194854,-45.65585,0.0190604,9.70817,9.96496,9.28848,-18.9021,0.556216,152.3894,151.961,152.8672,152.4149,152.0235,152.8148,15033351262644,2M12515048+2538224,apo25m.014+89_MGA.2M12515048+2538224,apogee.apo25m.stars.014+89_MGA.2M12515048+2538224,apogee.apo25m.synspec.014+89_MGA.2M12515048+2538224,6087.1,35.58872,0,6212.6,4.240445,0.02209809,0,4.2873,1.026011,0,6.4756,-0.046608,0.004890915,0,8.139992E-05,0.008257308,0,1.898279,Fd_c,0,0.02102742,0.05656109,0.0396593,6212.6,4.2873,0.011152,-0.046608,0.02244,0.318,-0.0035639,0.02244,0,0.318,32,0.0123839,0.04526901,0,0.043019,0.03268306,0,-0.032619,0.07730667,288,0.0933869,0.09503242,0,-0.1396744,0.1573481,0,-0.02907849,0.01175701,0,0.08013999,0.0131633,0,0.09234199,0.01240979,0,-9999,0.1179324,2,0.0227335,0.04212187,0,-0.0514251,0.04056662,0,-0.002983,0.01174689,0,-0.591787,0.08280816,256,-9999,-9999,64,-0.04930145,0.142635,0,-0.8397297,0.06459791,0,0.01227451,0.01186186,0,-0.050092,0.005284423,0,-9999,-9999,64,0.001148,0.01057867,0,-9999,0.07240039,2,-9999,-9999,2,0.0088999,0.008363432,0.039535,0.008141069,-0.036103,0.0771518,0.08521,0.002943399,-0.26823,0.001955914,-0.099851,0.003268486,0.017622,0.001684785,0.015715,0.003065387,-0.13406,0.00182173,0.046317,0.003011163,-0.19634,0.001883773,0.062817,0.002982214,-0.54834,0.004290688,0.12768,0.002873186,-0.064524,0.001755278,-0.72728,0.002488875,-0.1905,0.001877951,-0.050092,0.001742096,-0.078933,0.001768644,-0.051294,0.001743187,-0.30093,0.001990929,-9999,-9999,0.19111,0.00155245,-0.093683,0.001782582,-9999,-9999,-0.093683,0.001782582
apogee.apo25m.stars.062+88_MGA.2M12515647+2806516,apo25m.062+88_MGA.2M12515647+2806516,none,apStar-dr17-2M12515647+2806516.fits,2M12515647+2806516,apo25m,2444,062+88_MGA,192.985328,28.114349,116.511064456306,89.0077327298865,0,0,-2147383264,0,0,0,7,11.5,0.3,9999.99,manga-apogee2,16,2,360.6389,0,0,-17.85783,0.03181497,0.02555727,6219.46,4.342087,-0.3477573,0,0,21.3708,17.36045,0,1,3961967696879300736,3.66355,0.0186698,-4.132424,0.0176579,-34.11605,0.0168101,9.84833,10.1479,9.38118,-17.6369,0.39536,270.7478,269.5052,271.8576,270.6921,269.4054,271.8746,15034366238600,2M12515647+2806516,apo25m.014+89_MGA.2M12515647+2806516,apogee.apo25m.stars.014+89_MGA.2M12515647+2806516,apogee.apo25m.synspec.014+89_MGA.2M12515647+2806516,5852.595,30.28424,0,5940.2,3.856857,0.02209349,0,3.8515,1.511228,0,3.469445,-0.085898,0.005313624,0,0.0119441,0.007583661,0,2.296519,Fd_a,0,0.004258717,0.03540058,0.03114187,5940.2,3.8515,0.17933,-0.085898,-0.029103,0.18084,0.0082988,-0.029103,0,0.18084,32,-0.02232499,0.03780277,0,-0.0004517958,0.03180136,0,0.067393,0.04050722,32,0.011654,0.06815011,0,-0.1195004,0.141872,0,0.04073651,0.0120461,0,0.151105,0.0138051,0,0.0812596,0.01245454,0,-9999,0.1029316,2,-0.007091492,0.04390318,0,-0.02744111,0.03726723,0,-0.027767,0.01192652,0,-0.6521329,0.06937806,256,-9999,-9999,64,-0.1329534,0.1195076,0,-0.3092457,0.05931438,0,0.05205851,0.01282523,0,-0.087746,0.005723408,0,-9999,-9999,64,0.05408,0.01118408,0,-9999,0.07483055,2,-9999,-9999,2,-0.024173,0.008782483,-0.0022998,0.008593544,0.065545,0.04015719,0.0051131,0.003118333,-0.28571,0.001813395,-0.0284,0.003182295,0.050933,0.001534666,0.0062686,0.003116152,-0.16772,0.00170681,0.018128,0.003093606,-0.21001,0.001744162,0.039669,0.003052933,-0.60705,0.004509878,-0.10444,0.003325658,-0.18583,0.001722788,-0.23445,0.001765729,-0.18837,0.001725051,-0.087746,0.001637712,-0.23026,0.001762016,-0.036016,0.001596496,-0.61077,0.002165456,-9999,-9999,-0.34957,0.00187859,0.032716,0.00154732,-9999,-9999,0.032716,0.00154732
apogee.apo25m.stars.010+60.2M14473740+1135155,apo25m.010+60.2M14473740+1135155,none,apStar-dr17-2M14473740+1135155.fits,2M14473740+1135155,apo25m,4493,010+60,221.905844,11.587655,8.93380819609773,58.6259011118846,-2147483584,-2147483136,0,0,0,0,-9999.99,9999.99,-9999.99,9999.99,apogee,5,4,367.2422,0,0,10.05383,0.2124026,0.04451649,6174.15,4.318223,-0.8881966,0,0,23.63774,18.27729,0,1,1175399443584763904,4.919681,0.0213101,31.25088,0.0237736,31.49599,0.0196453,10.1634,10.3907,9.78091,9.08315,0.813786,201.8074,200.9061,202.5677,201.7771,200.8726,202.5525,15198221983220,2M14473740+1135155,apo25m.010+60.2M14473740+1135155,apogee.apo25m.stars.010+60.2M14473740+1135155,apogee.apo25m.synspec.010+60.2M14473740+1135155,6251.621,49.32185,0,6373.1,4.209095,0.03029234,0,4.1829,0.7972821,0,8.149482,-0.38828,0.006510758,0,0.0471193,0.01177254,0,1.75033,Fd_c,0,0,0,0,6373.1,4.1829,-0.098388,-0.38828,0.010387,0.05703,0.043474,0.010387,0,0.05703,32,0.02514797,0.07660994,0,0.02409899,0.04390918,0,0.55742,0.1558249,32,0.1628429,0.1644557,0,0.3765006,0.290543,0,0.0306485,0.01409339,0,0.06195599,0.01465646,0,0.131964,0.01477536,0,-9999,0.1745327,2,0.02182648,0.05342828,0,-0.05515712,0.05436894,0,0.05391598,0.01640313,0,-9999,-9999,1,-9999,-9999,64,0.001450539,0.2207694,0,-0.1571217,0.1062567,0,-0.09329751,0.01878679,0,-0.38702,0.00708685,0,-9999,-9999,64,-0.03080001,0.01495655,0,-9999,0.1561995,2,-9999,-9999,2,0.026408,0.01094212,0.025359,0.01095263,0.55868,0.1556888,0.15941,0.003811824,-0.088983,0.002068163,-0.03538,0.00428299,-0.33749,0.002420682,0.060081,0.004039183,-0.22238,0.0022512,0.050154,0.004063742,-0.537,0.002743429,0.12446,0.003888316,-0.74976,0.004511984,-0.34313,0.005153446,-0.3507,0.002441659,-0.3816,0.002491425,-0.633,0.002903102,-0.38702,0.00250024,-0.82353,0.0032064,-0.42017,0.002554271,-0.020205,0.001983104,-9999,-9999,-0.98429,0.003441075,-0.48206,0.002654204,-9999,-9999,-0.48206,0.002654204
apogee.apo25m.stars.010+60.2M14485951+1250470,apo25m.010+60.2M14485951+1250470,none,apStar-dr17-2M14485951+1250470.fits,2M14485951+1250470,apo25m,4493,010+60,222.247974,12.84641,11.3264126379643,59.0293046964311,-2147483584,-2147483136,0,0,0,0,-9999.99,9999.99,-9999.99,9999.99,apogee,5,4,376.566,0,0,-32.03476,0.03171325,0.03998483,6274.94,4.425854,-0.664832,0,0,25.3442,18.29832,0,1,1184559440595773440,4.29921,0.0170051,-25.28544,0.0203598,-11.46877,0.0159416,10.2438,10.4761,9.85805,-32.764,0.325948,231.1003,230.1175,232.0061,231.0163,230.2547,231.9388,15244550005527,2M14485951+1250470,apo25m.010+60.2M14485951+1250470,apogee.apo25m.stars.010+60.2M14485951+1250470,apogee.apo25m.synspec.010+60.2M14485951+1250470,6265.672,43.57622,0,6408.6,4.079544,0.02486282,0,4.133,1.49386,0,9.569077,-0.15457,0.005221577,0,0.0053487,0.009836006,0,1.616739,Fd_b,0,0,0,0,6408.6,4.133,0.17431,-0.15457,-0.027821,0.56274,0.0017034,-0.027821,0,0.56274,32,-0.02904999,0.06033373,0,-0.002473593,0.0370031,0,0.51959,0.09120177,32,0.0409229,0.1377658,0,-0.3209264,0.2083446,0,-0.0407915,0.01242178,0,0.044526,0.01338021,0,0.108452,0.0132171,0,-9999,0.146123,2,0.02530651,0.0450903,0,0.0524229,0.04721328,0,-0.017066,0.01321803,0,-0.278191,0.1055591,0,-9999,-9999,64,-0.04583944,0.1834199,0,-0.5080117,0.08117827,0,-0.1013975,0.0135452,0,-0.15128,0.005666052,0,-9999,-9999,64,-0.03019999,0.01170904,0,-9999,0.09490278,2,-9999,-9999,2,-0.02576,0.009334881,0.0008164,0.009115207,0.52288,0.09105218,0.03952,0.003543304,-0.55067,0.002630741,-0.10479,0.003851883,-0.11918,0.002050707,0.038599,0.003545138,-0.21202,0.002169032,0.055664,0.003509559,-0.19368,0.002145484,0.055508,0.003509843,-0.22797,0.004148735,-0.34365,0.004453875,-0.16225,0.002105018,-0.49675,0.002556795,-0.40536,0.002429568,-0.15128,0.002091005,-0.01217,0.001925461,-0.18383,0.002132768,0.12383,0.001780786,-9999,-9999,0.11715,0.001787568,0.077052,0.001829153,-9999,-9999,0.077052,0.001829153
apogee.apo25m.stars.011+47_btx.2M15223715+0658135,apo25m.011+47_btx.2M15223715+0658135,none,apStar-dr17-2M15223715+0658135.fits,2M15223715+0658135,apo25m,5750,011+47_btx,230.654804,6.970424,10.6185492660955,48.8868517678243,0,0,-2147399664,0,0,0,7,12.2,0.3,9999.99,apogee2-manga,0,4,295.271,0,0,-2.848004,0.01559555,0.03148489,6117.652,4.467124,-0.1796524,0,0,21.77902,17.92847,0,1,1162483892810072960,2.056339,0.0143969,-8.152175,0.0158516,-30.5796,0.016342,12.0049,12.3323,11.5144,-3.24009,0.348681,478.0039,474.2164,481.3296,477.823,474.9692,480.4713,14441643488314,2M15223715+0658135,apo25m.011+47_btx.2M15223715+0658135,apogee.apo25m.stars.011+47_btx.2M15223715+0658135,apogee.apo25m.synspec.011+47_btx.2M15223715+0658135,5776.213,26.27884,0,5864.3,4.090867,0.01935828,0,4.1282,0.8532298,0,3.060131,0.056017,0.004725808,0,0.00351566,0.006518763,0,4.485904,Fd_b,0,0,0.02448762,0.02422145,5864.3,4.1282,-0.068934,0.056017,0.042844,0.20818,-0.00012964,0.042844,0,0.20818,0,0.038662,0.03019183,0,0.041161,0.02807716,0,0.161257,0.02152175,0,0.1043399,0.05362043,0,0.026154,0.1093622,0,0.02827751,0.01117751,0,0.203336,0.01321732,0,0.08984599,0.01157802,0,-9999,0.08696397,2,-0.0847925,0.03979215,0,0.03661055,0.03287511,0,-0.046835,0.01038425,0,-0.09353101,0.05804307,0,-9999,-9999,64,-0.04837545,0.09896118,0,-0.1331557,0.04801979,0,0.05522252,0.01060392,0,0.05806,0.005074001,0,-9999,-9999,64,0.05902,0.009690561,0,-9999,0.0542765,2,-9999,-9999,2,0.040705,0.006714909,0.043204,0.006697089,0.1633,0.01435758,0.10169,0.002478306,0.0057504,0.001463216,-0.036968,0.002672022,0.24897,0.001343466,0.018746,0.00259407,-0.048729,0.001495426,-0.055682,0.002697462,-0.00015235,0.001466492,0.024492,0.002585943,-0.044557,0.002682443,-0.34148,0.003160917,0.044554,0.001442047,0.087446,0.001419331,-0.0394,0.001489631,0.05806,0.001434817,-0.041312,0.001490805,0.11473,0.001405311,-0.40089,0.001748199,-9999,-9999,0.02248,0.001453995,0.23028,0.001351444,-9999,-9999,0.23028,0.001351444
apogee.apo25m.stars.011+47_btx.2M15231729+0654122,apo25m.011+47_btx.2M15231729+0654122,none,apStar-dr17-2M15231729+0654122.fits,2M15231729+0654122,apo25m,5750,011+47_btx,230.822079,6.90341,10.674911110464,48.7116796703426,0,0,-2147483584,-2147483136,0,0,-9999.99,9999.99,-9999.99,9999.99,apogee2-manga,5,6,737.5187,0,0,-36.25769,0.1003782,0.04328121,6320.359,4.459193,-0.7010064,0,0,29.88621,17.61854,0,1,1162472004340590720,3.728131,0.0214548,-24.01466,0.0216533,11.97467,0.0202127,10.2719,10.5037,9.88846,-32.7522,3.75277,266.4755,264.8979,267.999,266.1893,264.5262,268.0538,14441766915898,2M15231729+0654122,apo25m.011+47_btx.2M15231729+0654122,apogee.apo25m.stars.011+47_btx.2M15231729+0654122,apogee.apo25m.synspec.011+47_btx.2M15231729+0654122,6394.866,45.48038,0,6565.3,4.153014,0.02322469,0,4.0881,1.918845,0,14.62851,-0.052962,0.004981466,32,0.0098926,0.009670274,0,1.481494,Fd_b,0,0,0.003859462,0.003859462,6565.3,4.0881,0.28304,-0.052962,0.029674,0.11565,0.0062473,0.029674,0,0.11565,32,0.036473,0.06122782,0,0.05216,0.03545064,0,0.415719,0.1289993,32,0.1792019,0.154684,0,-1.855255,0.1962029,0,-0.03231249,0.01190375,0,0.0638822,0.01264229,0,0.104297,0.01285892,0,-9999,0.1476992,2,0.0380385,0.04164099,0,0.0656249,0.04703445,0,-0.01808,0.01232635,0,-0.256392,0.1093798,0,-9999,-9999,64,-0.09453845,0.188957,0,0.1327493,0.07738905,0,-0.03571649,0.01160654,0,-0.050781,0.005027127,0,-9999,-9999,64,0.007156998,0.01044631,0,-9999,0.07850246,2,-9999,-9999,2,0.038654,0.008299939,0.054341,0.008191947,0.4179,0.1289031,0.17669,0.003367046,-1.9845,0.006431018,-0.09742,0.003990739,0.0006752,0.002109787,0.033335,0.003685241,0.21522,0.001861827,0.067287,0.003609155,-0.079979,0.002211131,0.053385,0.003640192,-0.20728,0.004265091,-0.30206,0.004525041,-0.11045,0.002251222,0.24451,0.001831966,-0.23918,0.002426293,-0.050781,0.002173591,-0.32208,0.002539331,-0.045974,0.00216751,-0.37964,0.002619332,-9999,-9999,-0.10105,0.00223875,0.15665,0.001924942,-9999,-9999,0.15665,0.001924942
apogee.apo25m.stars.011+47_btx.2M15263126+0654510,apo25m.011+47_btx.2M15263126+0654510,none,apStar-dr17-2M15263126+0654510.fits,2M15263126+0654510,apo25m,5750,011+47_btx,231.630272,6.914194,11.3591159571203,48.0503596662578,0,0,-2147399648,0,0,0,7,12.2,0.3,9999.99,apogee2-manga,0,6,1240.11,0,0,-86.24965,0.08668986,0.02639768,6083.924,4.366146,-0.6041573,0,0,21.87006,18.21378,0,1,1162785949270080384,6.913933,0.0173243,-84.73686,0.016685,-1.937681,0.0187708,9.50501,9.80457,9.03314,-86.7446,0.732755,143.9979,143.6834,144.3537,144.0011,143.637,144.3578,14441111115184,2M15263126+0654510,apo25m.011+47_btx.2M15263126+0654510,apogee.apo25m.stars.011+47_btx.2M15263126+0654510,apogee.apo25m.synspec.011+47_btx.2M15263126+0654510,5828.401,34.30472,0,5891.8,4.000681,0.02722964,0,4.0099,0.9542935,0,3.065067,-0.33479,0.006733438,0,0.0437203,0.009141323,0,1.440589,Fd_b,0,0,0.0003992547,0.0003992547,5891.8,4.0099,-0.020318,-0.33479,0.0032367,0.067857,0.040075,0.0032367,0,0.067857,32,-0.01991698,0.04831671,0,0.007058918,0.03809172,0,-0.112,0.07201277,288,0.1152129,0.08113915,0,0.06570363,0.2008878,0,0.06618983,0.01381837,0,0.191786,0.01523118,0,0.108486,0.0140769,0,-9999,0.1235532,2,0.06551251,0.05262928,0,0.1546129,0.04312414,0,0.03449601,0.01500143,0,-0.225421,0.08248954,0,-9999,-9999,64,0.02257055,0.1443855,0,-0.09137172,0.07859883,0,-0.06970748,0.01818694,0,-0.33616,0.007275592,0,-9999,-9999,64,0.0158,0.01452334,0,-9999,0.1269582,2,-9999,-9999,2,-0.021287,0.01099727,0.0056889,0.0107,-0.11337,0.07169728,0.10915,0.003050639,-0.34892,0.001780983,-0.0024687,0.003253921,-0.1568,0.001600188,0.033973,0.003185122,-0.26781,0.001697263,0.09121,0.003081152,-0.27637,0.001705491,0.10241,0.003061944,-0.17986,0.003588454,-0.14718,0.003523209,-0.27872,0.001707776,-0.26499,0.001694609,-0.55855,0.002020916,-0.33616,0.001767145,-0.1182,0.001567642,-0.32271,0.001752769,-0.81572,0.002353699,-9999,-9999,-0.1203,0.001569395,-0.070758,0.001529314,-9999,-9999,-0.070758,0.001529314
apogee.apo25m.stars.011+47_btx.2M15291781+0753397,apo25m.011+47_btx.2M15291781+0753397,none,apStar-dr17-2M15291781+0753397.fits,2M15291781+0753397,apo25m,5750,011+47_btx,232.324228,7.894382,13.1486635592386,48.0049104389691,0,0,-2147399648,0,0,0,7,12.2,0.3,9999.99,apogee2-manga,0,6,398.9329,0,0,23.95006,0.07377998,0.0291151,5227.479,3.953769,0.1671515,0,0,22.70161,18.01492,0,1,1162980008777192576,1.835097,0.017695,2.263906,0.0188354,-13.66979,0.0170621,12.0476,12.5049,11.4331,23.9492,0.399504,537.47,532.8399,542.4829,537.0988,533.705,541.0056,14443839909751,2M15291781+0753397,apo25m.011+47_btx.2M15291781+0753397,apogee.apo25m.stars.011+47_btx.2M15291781+0753397,apogee.apo25m.synspec.011+47_btx.2M15291781+0753397,5113.054,13.34916,0,5125.7,3.889721,0.01395403,0,3.9112,0.9200512,0,6.006894,0.32762,0.004181467,0,-0.01009,0.003774592,0,6.959371,GKd_b,0,0,0.01424009,0.01424009,5125.7,3.9112,-0.036188,0.32762,-0.034027,0.26508,-0.036765,-0.034027,0,0.26508,0,-0.036897,0.01243228,0,-0.11303,0.01957544,0,0.26088,0.01626528,0,0.01715702,0.01555539,0,0.211802,0.0465949,0,0.00138101,0.009759485,0,0.05794102,0.01306798,0,-0.006836385,0.009747866,0,-9999,0.04352732,2,-0.076258,0.0339286,0,-0.037361,0.02030713,0,0.016271,0.007707033,0,0.04271418,0.02626455,0,-0.214781,0.1251514,0,0.05915201,0.04339373,0,0.09348398,0.02396319,0,0.02953199,0.007757467,0,0.31616,0.004426386,0,0.03041998,0.141739,0,0.03025252,0.007607348,0,-9999,-9999,259,-0.16345,0.05355353,2,-0.048357,0.001411984,-0.12449,0.001662107,0.24942,0.001853726,-0.050966,0.001184145,0.50856,0.001096312,-0.073602,0.001170171,0.51542,0.001096038,-0.012897,0.001207518,0.51474,0.001096038,-0.1115,0.001156417,0.20904,0.001111665,0.022816,0.001226907,0.031681,0.001231056,-0.18449,0.001173627,0.33035,0.001105079,0.40723,0.001099363,0.22879,0.001110766,0.31616,0.00110621,0.29851,0.00110752,0.30302,0.001107158,0.99993,0.001077961,-9999,-9999,0.20837,0.00111171,0.47223,0.001097224,-9999,-9999,0.47223,0.001097224
apogee.apo25m.stars.011+55_MGA.2M14595931+0928197,apo25m.011+55_MGA.2M14595931+0928197,none,apStar-dr17-2M14595931+0928197.fits,2M14595931+0928197,apo25m,2732,011+55_MGA,224.997125,9.472154,8.86124534324675,54.923284092554,0,0,-2147383264,0,0,0,7,11.5,0.3,9999.99,manga-apogee2,0,3,260.6351,0,0,-30.19451,0.1055214,0.02993593,5931.383,4.362955,-0.2522643,0,0,21.41973,18.09923,0,1,1161926612213507712,2.20703,0.0160182,-16.4016,0.0180947,6.063126,0.0163413,11.4372,11.8103,10.8958,-29.7359,0.763476,444.9482,441.6691,447.9966,444.209,441.2356,447.6023,15200710551984,2M14595931+0928197,apo25m.011+55_MGA.2M14595931+0928197,apogee.apo25m.stars.011+55_MGA.2M14595931+0928197,apogee.apo25m.synspec.011+55_MGA.2M14595931+0928197,5450.222,13.88944,0,5474.3,3.781237,0.02399094,33554432,3.7824,1.150578,0,3.199632,-0.13526,0.005581928,0,0.060041,0.006477281,0,4.342402,GKd_c,0,0.005988821,0.03633218,0.03047644,5474.3,3.7824,0.060916,-0.13526,-0.0070296,0.059848,0.033366,-0.0070296,0,0.059848,0,-0.001265302,0.02028436,0,-0.01245999,0.02811275,0,0.034306,0.0241871,0,0.174503,0.04141771,0,-0.09896801,0.08862898,0,0.048692,0.01141213,0,0.06388199,0.01754371,0,0.0479386,0.01419865,0,-9999,0.1701448,2,0.0345311,0.03268921,0,0.043469,0.03749785,0,0.07501701,0.01425617,0,-0.07521982,0.02710645,0,0.313199,0.1165528,0,-0.07366802,0.1361212,0,0.050624,0.05216191,0,-0.01513802,0.01480568,0,-0.13739,0.006160806,0,0.1787538,0.0982727,0,0.0379625,0.01175126,0,-9999,0.006303463,2,-1.87167,0.1358136,2,-0.0033953,0.006920766,-0.01459,0.007053368,0.032176,0.009259212,0.11571,0.002606933,-0.25576,0.001525844,-0.016961,0.002799518,0.067811,0.001355138,0.051208,0.002698314,0.23027,0.001291317,0.0086191,0.002761811,-0.16368,0.0014717,0.090892,0.002640682,-0.076923,0.002883921,0.35282,0.00230493,-0.25602,0.001526008,-0.08918,0.00143021,-0.26943,0.001534666,-0.13739,0.001456777,-0.0067062,0.00138856,-0.14282,0.001459829,0.6073,0.001196161,-9999,-9999,-1.9534,0.003898333,-0.17846,0.001480169,-9999,-9999,-0.17846,0.001480169
apogee.apo25m.stars.011+55_MGA.2M15002011+1039071,apo25m.011+55_MGA.2M15002011+1039071,none,apStar-dr17-2M15002011+1039071.fits,2M15002011+1039071,apo25m,2732,011+55_MGA,225.083828,10.651997,10.6631696594095,55.5087045366115,0,0,-2147483584,-2147483136,0,0,-9999.99,9999.99,-9999.99,9999.99,manga-apogee2,5,3,362.8666,0,0,-2.583224,0.0586754,0.04926757,6217.547,4.437017,-0.8165681,0,0,31.01729,17.64468,0,1,1180078518395763712,3.225693,0.0260718,4.717927,0.0234755,-10.64093,0.0239126,10.5696,10.7961,10.1922,-6.26667,2.86669,307.0055,304.8513,309.7579,307.3758,304.9686,309.5439,15200898440181,2M15002011+1039071,apo25m.011+55_MGA.2M15002011+1039071,apogee.apo25m.stars.011+55_MGA.2M15002011+1039071,apogee.apo25m.synspec.011+55_MGA.2M15002011+1039071,6340.854,45.77261,0,6496.3,4.136518,0.02477012,0,4.0807,1.68535,0,15.19497,-0.13752,0.005276741,32,0.0062924,0.01007216,0,1.977698,Fd_b,0,0.002395528,0.03220655,0.02981102,6496.3,4.0807,0.22669,-0.13752,0.014035,0.13555,0.0026471,0.014035,0,0.13555,32,0.009066999,0.06367966,0,0.008276001,0.03724255,0,-0.47356,1.345373,288,0.1675529,0.1527484,0,-1.622686,0.2139763,0,-0.03120449,0.01238871,0,0.03924601,0.01315518,0,0.097552,0.0132644,0,-9999,0.1520923,2,0.0588755,0.04437789,0,0.1322759,0.0483786,0,-0.029805,0.01319488,0,0.02135301,0.1113645,0,-9999,-9999,64,-0.1154594,0.1933926,0,-0.3039017,0.08299028,0,-0.07436749,0.01312858,0,-0.13435,0.005499701,0,-9999,-9999,64,0.041151,0.01144864,0,-9999,0.09301072,2,-9999,-9999,2,0.012237,0.009310531,0.011446,0.009316759,-0.47039,1.345362,0.16603,0.003541327,-1.8355,0.005799051,-0.095323,0.004157403,-0.10753,0.002292444,0.027579,0.003858368,0.19426,0.001922758,0.089113,0.003715777,-0.096897,0.002277916,0.042649,0.003822826,0.071454,0.003756062,0.10932,0.003669741,-0.21494,0.002443461,-0.27571,0.00252919,-0.3614,0.002653432,-0.13435,0.002329657,0.48038,0.001659398,-0.095549,0.002276071,-0.64038,0.003051754,-9999,-9999,-0.57838,0.002965198,0.14437,0.001978055,-9999,-9999,0.14437,0.001978055
apogee.apo25m.stars.011+55_MGA.2M15003226+0938146,apo25m.011+55_MGA.2M15003226+0938146,none,apStar-dr17-2M15003226+0938146.fits,2M15003226+0938146,apo25m,2732,011+55_MGA,225.13443,9.637391,9.23151515941112,54.9048794883437,0,0,-2147483584,-2147483136,0,0,-9999.99,9999.99,-9999.99,9999.99,manga-apogee2,5,3,522.1995,0,0,-23.63821,0.1522692,0.05707447,6089.139,4.527019,-0.9252031,0,0,39.5296,18.6074,0,1,1167935340179938176,4.986014,0.0451397,-24.90527,0.0476376,12.3472,0.0390353,9.68157,9.89781,9.31272,-23.5862,1.71559,199.952,198.1154,201.4561,199.3129,197.5929,200.791,15200756708934,2M15003226+0938146,apo25m.011+55_MGA.2M15003226+0938146,apogee.apo25m.stars.011+55_MGA.2M15003226+0938146,apogee.apo25m.synspec.011+55_MGA.2M15003226+0938146,6404.938,46.02061,0,6576.3,4.082257,0.02339302,0,4.0814,2.027636,0,20.87853,-0.059722,0.005508539,32,-0.0140127,0.009771406,0,1.667708,Fd_c,0,0.01117913,0.02448762,0.01317541,6576.3,4.0814,0.30699,-0.059722,-0.018285,0.41433,-0.017658,-0.018285,0,0.41433,32,-0.051713,0.062318,0,0.007193901,0.03579212,0,0.337119,0.2114624,32,0.1029369,0.1580678,0,-0.3986354,0.1995303,0,-0.05161249,0.01216539,0,0.055364,0.01265719,0,0.0746105,0.01311295,0,-9999,0.1495762,258,0.0343495,0.04188498,0,0.0378939,0.04745881,0,-0.07066621,0.01262865,0,-0.144256,0.1109707,0,-9999,-9999,64,-0.02745744,0.1917654,0,-1.128671,0.07845514,0,0.02656351,0.01170468,0,-0.059471,0.005050141,0,-9999,-9999,64,-0.016932,0.01051365,0,-9999,0.07982477,2,-9999,-9999,2,-0.051462,0.009671091,0.0074449,0.009180087,0.33737,0.2113906,0.098495,0.003799342,-0.53657,0.003112009,-0.11865,0.004363943,-0.016533,0.002345187,0.0017185,0.004041534,0.91256,0.00156595,0.061668,0.003889987,-0.1164,0.002486664,-0.0011312,0.004048951,-0.097074,0.004304997,0.56581,0.002730165,-0.052059,0.002393888,-1.0256,0.003725587,-0.18559,0.002590077,-0.059471,0.002404329,-1.0955,0.003816805,-0.078753,0.002431831,-0.36781,0.00286318,-9999,-9999,-0.2988,0.002759112,0.29256,0.001961173,-9999,-9999,0.29256,0.001961173
